// Auto-generated Sector 1 assets for Nintendo DS (BlocksDS / libnds)
#include "game.h"
#include "tiles.h"

#define S1_TILE_COUNT 17
const uint16_t g_s1_tiles[S1_TILE_COUNT][256] __attribute__((aligned(4))) = {
  // Tile 0: T01_1x.png
  {
    0x9063, 0x98A4, 0x98A4, 0x9CC6, 0x98A4, 0x98A4, 0x98A4, 0x9CC6, 0x9CC6, 0x98A4, 0x98A4, 0x98A4, 0x9CC6, 0x9CC6, 0x98A4, 0x98A4,
    0x9063, 0x98A4, 0x98A4, 0x9CC6, 0x98A4, 0x9063, 0x98A4, 0x98A4, 0x98A4, 0x98A4, 0x98A4, 0x98A4, 0x98A4, 0x98A4, 0x98A4, 0x98A4,
    0x98A4, 0x9063, 0x9CC6, 0x9063, 0x98A4, 0x98A4, 0x98A4, 0x98A4, 0x9063, 0x98A4, 0x98A4, 0x98A4, 0x98A4, 0x98A4, 0x98A4, 0x98A4,
    0x98A4, 0x9063, 0x98A4, 0x98A4, 0x9CC6, 0x9CC6, 0x9CC6, 0x98A4, 0x9063, 0x98A4, 0x98A4, 0x98A4, 0x98A4, 0x9063, 0x9CC6, 0x98A4,
    0x98A4, 0x98A4, 0x9063, 0x9CC6, 0x9CC6, 0x9063, 0x98A4, 0x98A4, 0x98A4, 0x9063, 0x98A4, 0x98A4, 0x98A4, 0x9063, 0x9063, 0x98A4,
    0x9063, 0x98A4, 0x98A4, 0x9063, 0x9CC6, 0x98A4, 0x9063, 0x98A4, 0x9063, 0x98A4, 0x98A4, 0x9063, 0x9063, 0x98A4, 0x9CC6, 0x98A4,
    0x98A4, 0x98A4, 0x98A4, 0x98A4, 0x98A4, 0x98A4, 0x98A4, 0x9063, 0x98A4, 0x9063, 0x98A4, 0x98A4, 0x98A4, 0x9CC6, 0x98A4, 0x98A4,
    0x98A4, 0x98A4, 0x9063, 0x9CC6, 0x9063, 0x98A4, 0x98A4, 0x98A4, 0x98A4, 0x98A4, 0x9063, 0x98A4, 0x98A4, 0x98A4, 0x98A4, 0x9CC6,
    0x98A4, 0x9CC6, 0x98A4, 0x98A4, 0x9CC6, 0x98A4, 0x98A4, 0x98A4, 0x98A4, 0x98A4, 0x98A4, 0x98A4, 0x98A4, 0x9CC6, 0x98A4, 0x9063,
    0x9063, 0x98A4, 0x98A4, 0x98A4, 0x98A4, 0x98A4, 0x98A4, 0x9063, 0x98A4, 0x98A4, 0x98A4, 0x9CC6, 0x98A4, 0x98A4, 0x9063, 0x98A4,
    0x98A4, 0x98A4, 0x98A4, 0x98A4, 0x98A4, 0x98A4, 0x98A4, 0x98A4, 0x98A4, 0x98A4, 0x98A4, 0x9063, 0x98A4, 0x9CC6, 0x98A4, 0x9063,
    0x9063, 0x98A4, 0x9063, 0x9063, 0x98A4, 0x9063, 0x98A4, 0x9063, 0x9063, 0x9063, 0x98A4, 0x98A4, 0x98A4, 0x98A4, 0x98A4, 0x98A4,
    0x9CC6, 0x9CC6, 0x98A4, 0x98A4, 0x98A4, 0x98A4, 0x98A4, 0x9CC6, 0x98A4, 0x98A4, 0x9CC6, 0x98A4, 0x9063, 0x98A4, 0x98A4, 0x98A4,
    0x98A4, 0x98A4, 0x98A4, 0x9CC6, 0x9063, 0x98A4, 0x9CC6, 0x98A4, 0x98A4, 0x98A4, 0x98A4, 0x98A4, 0x98A4, 0x9063, 0x98A4, 0x98A4,
    0x98A4, 0x98A4, 0x98A4, 0x9CC6, 0x98A4, 0x98A4, 0x98A4, 0x98A4, 0x98A4, 0x98A4, 0x98A4, 0x98A4, 0x98A4, 0x98A4, 0x98A4, 0x98A4,
    0x9CC6, 0x9CC6, 0x98A4, 0x98A4, 0x98A4, 0x9063, 0x9063, 0x98A4, 0x98A4, 0x98A4, 0x9CC6, 0x98A4, 0x9063, 0x98A4, 0x98A4, 0x98A4
  },
  // Tile 1: T02_1x.png
  {
    0x9063, 0x98A4, 0x98A4, 0x9CC6, 0x98A4, 0x98A4, 0x98A4, 0x9CC6, 0x9CC6, 0x98A4, 0x98A4, 0x98A4, 0x9CC6, 0x9CC6, 0x98A4, 0x98A4,
    0x9063, 0x98A4, 0x98A4, 0x9CC6, 0x98A4, 0x9063, 0x98A4, 0x98A4, 0x98A4, 0x98A4, 0x98A4, 0x98A4, 0x98A4, 0x98A4, 0x98A4, 0x98A4,
    0x98A4, 0x9063, 0x9CC6, 0x9063, 0x98A4, 0x98A4, 0x98A4, 0x98A4, 0x9063, 0x98A4, 0x98A4, 0x98A4, 0x98A4, 0x98A4, 0x98A4, 0x98A4,
    0x98A4, 0x9063, 0x98A4, 0x98A4, 0x9CC6, 0x9CC6, 0x9CC6, 0x98A4, 0x9063, 0x98A4, 0x98A4, 0x98A4, 0x98A4, 0x9063, 0x9CC6, 0x98A4,
    0x98A4, 0x98A4, 0x9063, 0x9CC6, 0x9CC6, 0x9063, 0x98A4, 0x98A4, 0x98A4, 0x9063, 0x98A4, 0x98A4, 0x98A4, 0x9063, 0x9063, 0x98A4,
    0x9063, 0x98A4, 0x98A4, 0x9063, 0x9CC6, 0x98A4, 0x9063, 0x98A4, 0x9063, 0x98A4, 0x98A4, 0x9063, 0x9063, 0x98A4, 0x9CC6, 0x98A4,
    0x98A4, 0x98A4, 0x98A4, 0x98A4, 0x98A4, 0x98A4, 0x98A4, 0x9063, 0x98A4, 0x9063, 0x98A4, 0x98A4, 0x98A4, 0x9CC6, 0x98A4, 0x98A4,
    0x98A4, 0x98A4, 0x8EFD, 0x8EFD, 0x8EFD, 0x8EFD, 0x8EFD, 0x8EFD, 0x8EFD, 0x8EFD, 0x9063, 0x8EFD, 0x8EFD, 0x8EFD, 0x98A4, 0x9CC6,
    0x98A4, 0x9CC6, 0x8DF4, 0x8DF4, 0x8DF4, 0x98A4, 0x8DF4, 0x8DF4, 0x8DF4, 0x8DF4, 0x8DF4, 0x8DF4, 0x8DF4, 0x8DF4, 0x98A4, 0x9063,
    0x9063, 0x98A4, 0x98A4, 0x98A4, 0x98A4, 0x98A4, 0x98A4, 0x9063, 0x98A4, 0x98A4, 0x98A4, 0x9CC6, 0x98A4, 0x98A4, 0x9063, 0x98A4,
    0x98A4, 0x98A4, 0x98A4, 0x98A4, 0x98A4, 0x98A4, 0x98A4, 0x98A4, 0x98A4, 0x98A4, 0x98A4, 0x9063, 0x98A4, 0x9CC6, 0x98A4, 0x9063,
    0x9063, 0x98A4, 0x9063, 0x9063, 0x98A4, 0x9063, 0x98A4, 0x9063, 0x9063, 0x9063, 0x98A4, 0x98A4, 0x98A4, 0x98A4, 0x98A4, 0x98A4,
    0x9CC6, 0x9CC6, 0x98A4, 0x98A4, 0x98A4, 0x98A4, 0x98A4, 0x9CC6, 0x98A4, 0x98A4, 0x9CC6, 0x98A4, 0x9063, 0x98A4, 0x98A4, 0x98A4,
    0x98A4, 0x98A4, 0x98A4, 0x9CC6, 0x9063, 0x98A4, 0x9CC6, 0x98A4, 0x98A4, 0x98A4, 0x98A4, 0x98A4, 0x98A4, 0x9063, 0x98A4, 0x98A4,
    0x98A4, 0x98A4, 0x98A4, 0x9CC6, 0x98A4, 0x98A4, 0x98A4, 0x98A4, 0x98A4, 0x98A4, 0x98A4, 0x98A4, 0x98A4, 0x98A4, 0x98A4, 0x98A4,
    0x9CC6, 0x9CC6, 0x98A4, 0x98A4, 0x98A4, 0x9063, 0x9063, 0x98A4, 0x98A4, 0x98A4, 0x9CC6, 0x98A4, 0x9063, 0x98A4, 0x98A4, 0x98A4
  },
  // Tile 2: T03_1x.png
  {
    0x9063, 0x98A4, 0x98A4, 0x9CC6, 0x98A4, 0x98A4, 0x98A4, 0x9CC6, 0x9CC6, 0x98A4, 0x98A4, 0x98A4, 0x9CC6, 0x9CC6, 0x98A4, 0x98A4,
    0x9063, 0x98A4, 0x98A4, 0x9CC6, 0x98A4, 0x9063, 0x98A4, 0x98A4, 0x98A4, 0x98A4, 0x98A4, 0x98A4, 0x98A4, 0x98A4, 0x98A4, 0x98A4,
    0x98A4, 0x8842, 0x9063, 0x9063, 0x98A4, 0x98A4, 0x98A4, 0x98A4, 0x9063, 0x98A4, 0x98A4, 0x98A4, 0x98A4, 0x98A4, 0x98A4, 0x98A4,
    0x98A4, 0x9063, 0x8842, 0x9063, 0x9CC6, 0x9CC6, 0x9CC6, 0x98A4, 0x9063, 0x98A4, 0x98A4, 0x98A4, 0x98A4, 0x9063, 0x9CC6, 0x98A4,
    0x98A4, 0x98A4, 0x9063, 0x8842, 0x9063, 0x9063, 0x98A4, 0x98A4, 0x98A4, 0x9063, 0x98A4, 0x98A4, 0x98A4, 0x9063, 0x9063, 0x98A4,
    0x9063, 0x98A4, 0x98A4, 0x9063, 0x8842, 0x9063, 0x9063, 0x98A4, 0x9063, 0x98A4, 0x98A4, 0x9063, 0x9063, 0x98A4, 0x9CC6, 0x98A4,
    0x98A4, 0x98A4, 0x98A4, 0x98A4, 0x98A4, 0x8842, 0x8842, 0x9063, 0x98A4, 0x9063, 0x98A4, 0x98A4, 0x98A4, 0x9CC6, 0x98A4, 0x98A4,
    0x98A4, 0x98A4, 0x9063, 0x9CC6, 0x9063, 0x98A4, 0x98A4, 0x8842, 0x9063, 0x98A4, 0x9063, 0x98A4, 0x98A4, 0x98A4, 0x98A4, 0x9CC6,
    0x98A4, 0x9CC6, 0x98A4, 0x98A4, 0x9CC6, 0x98A4, 0x98A4, 0x98A4, 0x8842, 0x9063, 0x98A4, 0x98A4, 0x98A4, 0x9CC6, 0x98A4, 0x9063,
    0x9063, 0x98A4, 0x98A4, 0x98A4, 0x98A4, 0x98A4, 0x98A4, 0x9063, 0x98A4, 0x98A4, 0x98A4, 0x9CC6, 0x98A4, 0x98A4, 0x9063, 0x98A4,
    0x98A4, 0x98A4, 0x98A4, 0x98A4, 0x98A4, 0x98A4, 0x98A4, 0x98A4, 0x98A4, 0x8842, 0x9063, 0x9063, 0x98A4, 0x9CC6, 0x98A4, 0x9063,
    0x9063, 0x98A4, 0x9063, 0x9063, 0x98A4, 0x9063, 0x98A4, 0x9063, 0x9063, 0x9063, 0x8842, 0x8842, 0x9063, 0x98A4, 0x98A4, 0x98A4,
    0x9CC6, 0x9CC6, 0x98A4, 0x98A4, 0x98A4, 0x98A4, 0x98A4, 0x9CC6, 0x98A4, 0x98A4, 0x9CC6, 0x98A4, 0x8842, 0x9063, 0x98A4, 0x98A4,
    0x98A4, 0x98A4, 0x98A4, 0x9CC6, 0x9063, 0x98A4, 0x9CC6, 0x98A4, 0x98A4, 0x98A4, 0x98A4, 0x98A4, 0x98A4, 0x9063, 0x98A4, 0x98A4,
    0x98A4, 0x98A4, 0x98A4, 0x9CC6, 0x98A4, 0x98A4, 0x98A4, 0x98A4, 0x98A4, 0x98A4, 0x98A4, 0x98A4, 0x98A4, 0x8842, 0x9063, 0x98A4,
    0x9CC6, 0x9CC6, 0x98A4, 0x98A4, 0x98A4, 0x9063, 0x9063, 0x98A4, 0x98A4, 0x98A4, 0x9CC6, 0x98A4, 0x9063, 0x98A4, 0x98A4, 0x98A4
  },
  // Tile 3: T04_1x.png
  {
    0x9063, 0x98A4, 0x98A4, 0x9CC6, 0x98A4, 0x98A4, 0x98A4, 0x9CC6, 0x9CC6, 0x98A4, 0x98A4, 0x98A4, 0x9CC6, 0x9CC6, 0x98A4, 0x98A4,
    0x9063, 0x98A4, 0x98A4, 0x9CC6, 0x98A4, 0x9063, 0x98A4, 0x98A4, 0x98A4, 0x98A4, 0x98A4, 0x98A4, 0x98A4, 0x98A4, 0x98A4, 0x98A4,
    0x98A4, 0x9063, 0x9CC6, 0x9063, 0x98A4, 0x98A4, 0x98A4, 0x98A4, 0x9063, 0x98A4, 0x98A4, 0x98A4, 0x98A4, 0x98A4, 0x98A4, 0x98A4,
    0x98A4, 0x9063, 0x98A4, 0x98A4, 0x9CC6, 0x9CC6, 0x9CC6, 0x9063, 0x9063, 0x9063, 0x98A4, 0x98A4, 0x98A4, 0x9063, 0x9CC6, 0x98A4,
    0x98A4, 0x98A4, 0x9063, 0x9CC6, 0x9063, 0x9063, 0x9063, 0x9063, 0x8821, 0x9063, 0x9063, 0x9063, 0x9063, 0x9063, 0x9063, 0x98A4,
    0x9063, 0x98A4, 0x98A4, 0x9063, 0x9063, 0x8821, 0x8821, 0x8821, 0x8821, 0x8821, 0x8821, 0x8821, 0x9063, 0x9063, 0x9CC6, 0x98A4,
    0x98A4, 0x98A4, 0x98A4, 0x9063, 0x8821, 0x8821, 0x8821, 0x8821, 0x8821, 0x8821, 0x8821, 0x8821, 0x8821, 0x9063, 0x98A4, 0x98A4,
    0x98A4, 0x98A4, 0x9063, 0x9063, 0x8821, 0x8821, 0x8821, 0x8821, 0x8821, 0x8821, 0x8821, 0x8821, 0x8821, 0x9063, 0x9063, 0x9CC6,
    0x98A4, 0x9CC6, 0x9063, 0x8821, 0x8821, 0x8821, 0x8821, 0x8821, 0x8821, 0x8821, 0x8821, 0x8821, 0x8821, 0x8821, 0x9063, 0x9063,
    0x9063, 0x98A4, 0x9063, 0x9063, 0x8821, 0x8821, 0x8821, 0x8821, 0x8821, 0x8821, 0x8821, 0x8821, 0x8821, 0x9063, 0x9063, 0x98A4,
    0x98A4, 0x98A4, 0x98A4, 0x9063, 0x8821, 0x8821, 0x8821, 0x8821, 0x8821, 0x8821, 0x8821, 0x8821, 0x8821, 0x9063, 0x98A4, 0x9063,
    0x9063, 0x98A4, 0x9063, 0x9063, 0x9063, 0x8821, 0x8821, 0x8821, 0x8821, 0x8821, 0x8821, 0x8821, 0x9063, 0x9063, 0x98A4, 0x98A4,
    0x9CC6, 0x9CC6, 0x98A4, 0x98A4, 0x9063, 0x9063, 0x9063, 0x9063, 0x8821, 0x9063, 0x9063, 0x9063, 0x9063, 0x98A4, 0x98A4, 0x98A4,
    0x98A4, 0x98A4, 0x98A4, 0x9CC6, 0x9063, 0x98A4, 0x9CC6, 0x9063, 0x9063, 0x9063, 0x98A4, 0x98A4, 0x98A4, 0x9063, 0x98A4, 0x98A4,
    0x98A4, 0x98A4, 0x98A4, 0x9CC6, 0x98A4, 0x98A4, 0x98A4, 0x98A4, 0x98A4, 0x98A4, 0x98A4, 0x98A4, 0x98A4, 0x98A4, 0x98A4, 0x98A4,
    0x9CC6, 0x9CC6, 0x98A4, 0x98A4, 0x98A4, 0x9063, 0x9063, 0x98A4, 0x98A4, 0x98A4, 0x9CC6, 0x98A4, 0x9063, 0x98A4, 0x98A4, 0x98A4
  },
  // Tile 4: T05_1x.png
  {
    0xA908, 0xB58B, 0xB58B, 0xA908, 0xA908, 0xA908, 0xA908, 0xA908, 0xA908, 0xA908, 0xA908, 0xA908, 0xA908, 0xB58B, 0xA908, 0xA908,
    0xA908, 0xB58B, 0xA908, 0xA908, 0xA908, 0xA908, 0xA908, 0xA908, 0xA908, 0xA908, 0xA908, 0xB58B, 0xB58B, 0xB58B, 0xA908, 0xB58B,
    0xA908, 0xA908, 0xA908, 0xA908, 0xA908, 0xA908, 0xA908, 0xA908, 0xA908, 0xB58B, 0xA908, 0xA908, 0xA908, 0xA908, 0xA908, 0xA908,
    0xA908, 0xA908, 0xA908, 0xB58B, 0xA908, 0xA908, 0xA908, 0xA908, 0xA908, 0xA908, 0xA908, 0xA908, 0xB58B, 0xA908, 0xA908, 0xA908,
    0xA908, 0xA908, 0xA908, 0xA908, 0xA908, 0xA908, 0xA908, 0xA908, 0xA908, 0xA908, 0xA908, 0xA908, 0xB58B, 0xA908, 0xB58B, 0xA908,
    0xD230, 0xD230, 0xD230, 0xD230, 0xD230, 0xD230, 0xD230, 0xD230, 0xD230, 0xD230, 0xD230, 0xD230, 0xD230, 0xD230, 0xD230, 0xD230,
    0x98A5, 0x98A5, 0x98A5, 0x98A5, 0x98A5, 0x98A5, 0x98A5, 0x98A5, 0x98A5, 0x98A5, 0x98A5, 0x98A5, 0x98A5, 0x98A5, 0x98A5, 0x98A5,
    0x8421, 0x8421, 0x8421, 0x8421, 0x8421, 0x8421, 0x8421, 0x8421, 0x8421, 0x8421, 0x8421, 0x8421, 0x8421, 0x8421, 0x8421, 0x8421,
    0x8C42, 0x8C42, 0x8C42, 0x8C42, 0x8C42, 0x8C42, 0x8C42, 0x8C42, 0x8C42, 0x8C42, 0x8C42, 0x8C42, 0x8C42, 0x8C42, 0x8C42, 0x8C42,
    0x9063, 0x9063, 0x9063, 0x9063, 0x9063, 0x9063, 0x9063, 0x9063, 0x9063, 0x9063, 0x9063, 0x9063, 0x9063, 0x9063, 0x9063, 0x9063,
    0x98A4, 0x98A4, 0x9063, 0x98A4, 0x98A4, 0x9063, 0x98A4, 0x98A4, 0x98A4, 0x98A4, 0x98A4, 0x98A4, 0x98A4, 0x9063, 0x98A4, 0x98A4,
    0x98A4, 0x98A4, 0x98A4, 0x9063, 0x98A4, 0x98A4, 0x9063, 0x98A4, 0x98A4, 0x98A4, 0x98A4, 0x98A4, 0x98A4, 0x98A4, 0x98A4, 0x98A4,
    0x98A4, 0x98A4, 0x98A4, 0x98A4, 0x9063, 0x98A4, 0x98A4, 0x9063, 0x98A4, 0x98A4, 0x98A4, 0x9063, 0x98A4, 0x98A4, 0x9063, 0x98A4,
    0x98A4, 0x98A4, 0x98A4, 0x98A4, 0x98A4, 0x98A4, 0x98A4, 0x98A4, 0x98A4, 0x98A4, 0x98A4, 0x98A4, 0x98A4, 0x9063, 0x98A4, 0x98A4,
    0x98A4, 0x9063, 0x98A4, 0x98A4, 0x98A4, 0x98A4, 0x98A4, 0x98A4, 0x98A4, 0x98A4, 0x98A4, 0x98A4, 0x98A4, 0x9063, 0x98A4, 0x98A4,
    0x98A4, 0x98A4, 0x98A4, 0x98A4, 0x98A4, 0x9063, 0x98A4, 0x98A4, 0x98A4, 0x98A4, 0x98A4, 0x98A4, 0x98A4, 0x9063, 0x98A4, 0x98A4
  },
  // Tile 5: T06_1x.png
  {
    0xA908, 0xB58B, 0xB58B, 0xA908, 0xA908, 0xA908, 0xA908, 0xA908, 0xA908, 0xA908, 0xA908, 0xA908, 0xA908, 0xB58B, 0xA908, 0xA908,
    0xA908, 0xB58B, 0xA908, 0xA908, 0xA908, 0xA908, 0xA908, 0xA908, 0xA908, 0xA908, 0xA908, 0xB58B, 0xB58B, 0xB58B, 0xA908, 0xB58B,
    0xA908, 0xA908, 0xA908, 0xA908, 0xA908, 0xA908, 0xA908, 0xA908, 0xA908, 0xB58B, 0xA908, 0xA908, 0xA908, 0xA908, 0xA908, 0xA908,
    0xA908, 0xA908, 0xA908, 0xB58B, 0xA908, 0xA908, 0xA908, 0xA908, 0xA908, 0xA908, 0xA908, 0xA908, 0xB58B, 0xA908, 0xA908, 0xA908,
    0xA908, 0xA908, 0xA908, 0xA908, 0xA908, 0xA908, 0xA908, 0xA908, 0xA908, 0xA908, 0xA908, 0xA908, 0xB58B, 0xA908, 0xB58B, 0xA908,
    0xD230, 0xD230, 0xD230, 0xD230, 0xD230, 0xD230, 0xD230, 0xD230, 0xD230, 0xD230, 0xD230, 0xD230, 0xD230, 0xD230, 0xD230, 0xD230,
    0x98A5, 0x98A5, 0x98A5, 0x8421, 0xB98B, 0x8421, 0xB98B, 0x8421, 0xB98B, 0x8421, 0xB98B, 0x8421, 0xB98B, 0x98A5, 0x98A5, 0x98A5,
    0x8421, 0x8421, 0x8421, 0x8421, 0xA4E6, 0x8421, 0xA4E6, 0x8421, 0xA4E6, 0x8421, 0xA4E6, 0x8421, 0xA4E6, 0x8421, 0x8421, 0x8421,
    0x8C42, 0x8C42, 0x8C42, 0x8C42, 0x8C42, 0x8C42, 0x8C42, 0x8C42, 0x8C42, 0x8C42, 0x8C42, 0x8C42, 0x8C42, 0x8C42, 0x8C42, 0x8C42,
    0x9063, 0x9063, 0x9063, 0x9063, 0x9063, 0x9063, 0x9063, 0x9063, 0x9063, 0x9063, 0x9063, 0x9063, 0x9063, 0x9063, 0x9063, 0x9063,
    0x98A4, 0x98A4, 0x9063, 0x98A4, 0x98A4, 0x9063, 0x98A4, 0x98A4, 0x98A4, 0x98A4, 0x98A4, 0x98A4, 0x98A4, 0x9063, 0x98A4, 0x98A4,
    0x98A4, 0x98A4, 0x98A4, 0x9063, 0x98A4, 0x98A4, 0x9063, 0x98A4, 0x98A4, 0x98A4, 0x98A4, 0x98A4, 0x98A4, 0x98A4, 0x98A4, 0x98A4,
    0x98A4, 0x98A4, 0x98A4, 0x98A4, 0x9063, 0x98A4, 0x98A4, 0x9063, 0x98A4, 0x98A4, 0x98A4, 0x9063, 0x98A4, 0x98A4, 0x9063, 0x98A4,
    0x98A4, 0x98A4, 0x98A4, 0x98A4, 0x98A4, 0x98A4, 0x98A4, 0x98A4, 0x98A4, 0x98A4, 0x98A4, 0x98A4, 0x98A4, 0x9063, 0x98A4, 0x98A4,
    0x98A4, 0x9063, 0x98A4, 0x98A4, 0x98A4, 0x98A4, 0x98A4, 0x98A4, 0x98A4, 0x98A4, 0x98A4, 0x98A4, 0x98A4, 0x9063, 0x98A4, 0x98A4,
    0x98A4, 0x98A4, 0x98A4, 0x98A4, 0x98A4, 0x9063, 0x98A4, 0x98A4, 0x98A4, 0x98A4, 0x98A4, 0x98A4, 0x98A4, 0x9063, 0x98A4, 0x98A4
  },
  // Tile 6: T07_1x.png
  {
    0xA908, 0xB58B, 0xB58B, 0xA908, 0xA908, 0xA908, 0xA908, 0xA908, 0xA908, 0xA908, 0xA908, 0xA908, 0xA908, 0xB58B, 0xA908, 0xA908,
    0xA908, 0xB58B, 0xA908, 0xA908, 0xA908, 0xA908, 0xA908, 0xA908, 0xA908, 0xA908, 0xA908, 0xB58B, 0xB58B, 0xB58B, 0xA908, 0xB58B,
    0xA908, 0xA908, 0xA908, 0xA908, 0xA908, 0xA908, 0xA908, 0xA908, 0xA908, 0xB58B, 0xA908, 0xA908, 0xA908, 0xA908, 0xA908, 0xA908,
    0xA908, 0xB58B, 0x98A5, 0xB58B, 0xA908, 0xA908, 0xA908, 0xA908, 0xA908, 0xA908, 0xA908, 0xA908, 0xB58B, 0x98A5, 0xB58B, 0xA908,
    0xA908, 0xB58B, 0x98A5, 0xC5EE, 0xC5EE, 0xC5EE, 0xC5EE, 0xC5EE, 0xC5EE, 0xC5EE, 0xC5EE, 0xC5EE, 0xC5EE, 0x98A5, 0xB58B, 0xA908,
    0xD230, 0xB58B, 0x98A5, 0x98A5, 0x98A5, 0x98A5, 0x98A5, 0x98A5, 0x98A5, 0x98A5, 0x98A5, 0x98A5, 0x98A5, 0x98A5, 0xB58B, 0xD230,
    0x98A5, 0xB58B, 0x98A5, 0xB58B, 0xB58B, 0xB58B, 0xB58B, 0xB58B, 0xB58B, 0xB58B, 0xB58B, 0xB58B, 0xB58B, 0x98A5, 0xB58B, 0x98A5,
    0x8421, 0xB58B, 0x98A5, 0x98A5, 0x98A5, 0x98A5, 0x98A5, 0x98A5, 0x98A5, 0x98A5, 0x98A5, 0x98A5, 0x98A5, 0x98A5, 0xB58B, 0x8421,
    0x8C42, 0xB58B, 0x98A5, 0xA908, 0xA908, 0xA908, 0xA908, 0xA908, 0xA908, 0xA908, 0xA908, 0xA908, 0xA908, 0x98A5, 0xB58B, 0x8C42,
    0x9063, 0xB58B, 0x98A5, 0x98A5, 0x98A5, 0x98A5, 0x98A5, 0x98A5, 0x98A5, 0x98A5, 0x98A5, 0x98A5, 0x98A5, 0x98A5, 0xB58B, 0x9063,
    0x98A4, 0xB58B, 0x98A5, 0x9063, 0x9063, 0x9063, 0x9063, 0x9063, 0x9063, 0x9063, 0x9063, 0x9063, 0x9063, 0x98A5, 0xB58B, 0x98A4,
    0x98A4, 0xB58B, 0x98A5, 0x9063, 0x98A4, 0x98A4, 0x9063, 0x98A4, 0x98A4, 0x98A4, 0x98A4, 0x98A4, 0x98A4, 0x98A5, 0xB58B, 0x98A4,
    0x98A4, 0x98A4, 0x98A4, 0x98A4, 0x9063, 0x98A4, 0x98A4, 0x9063, 0x98A4, 0x98A4, 0x98A4, 0x9063, 0x98A4, 0x98A4, 0x9063, 0x98A4,
    0x98A4, 0x98A4, 0x98A4, 0x98A4, 0x98A4, 0x98A4, 0x98A4, 0x98A4, 0x98A4, 0x98A4, 0x98A4, 0x98A4, 0x98A4, 0x9063, 0x98A4, 0x98A4,
    0x98A4, 0x9063, 0x98A4, 0x98A4, 0x98A4, 0x98A4, 0x98A4, 0x98A4, 0x98A4, 0x98A4, 0x98A4, 0x98A4, 0x98A4, 0x9063, 0x98A4, 0x98A4,
    0x98A4, 0x98A4, 0x98A4, 0x98A4, 0x98A4, 0x9063, 0x98A4, 0x98A4, 0x98A4, 0x98A4, 0x98A4, 0x98A4, 0x98A4, 0x9063, 0x98A4, 0x98A4
  },
  // Tile 7: T08_1x.png
  {
    0xA908, 0xB58B, 0xB58B, 0xA908, 0xA908, 0xA908, 0xA908, 0xA908, 0xA908, 0xA908, 0xA908, 0xA908, 0xA908, 0xB58B, 0xA908, 0xA908,
    0xA908, 0xB58B, 0xA908, 0xA908, 0xA908, 0xA908, 0xA908, 0xA908, 0xA908, 0xA908, 0xA908, 0xB58B, 0xB58B, 0xB58B, 0xA908, 0xB58B,
    0xA908, 0xA908, 0xA908, 0xA908, 0xA908, 0xA908, 0xA908, 0xA908, 0xA908, 0xB58B, 0xA908, 0xA908, 0xA908, 0xA908, 0xA908, 0xA908,
    0xA908, 0xA908, 0xA908, 0xB58B, 0xA908, 0xA908, 0xA908, 0xA908, 0xA908, 0xA908, 0xA908, 0xA908, 0xB58B, 0xA908, 0xA908, 0xA908,
    0xA908, 0xA908, 0xA908, 0xA908, 0xA908, 0xA908, 0xA908, 0xA908, 0xA908, 0xA908, 0xA908, 0xA908, 0xB58B, 0xA908, 0xB58B, 0xA908,
    0xD230, 0xD230, 0xD230, 0xD230, 0xD230, 0xC5EE, 0xC5EE, 0xC5EE, 0xC5EE, 0xC5EE, 0xC5EE, 0xD230, 0xD230, 0xD230, 0xD230, 0xD230,
    0x98A5, 0x98A5, 0x98A5, 0x98A5, 0x98A5, 0x8421, 0x8421, 0x8421, 0x8421, 0x8421, 0x8421, 0x98A5, 0x98A5, 0x98A5, 0x98A5, 0x98A5,
    0x8421, 0x8421, 0x8421, 0x8421, 0x98A5, 0x8421, 0x9CC2, 0x8421, 0x8421, 0x9CC2, 0x8421, 0x98A5, 0x8421, 0x8421, 0x8421, 0x8421,
    0x8C42, 0x8C42, 0x8C42, 0x8C42, 0x8C42, 0x8C42, 0x8C42, 0x9062, 0x9062, 0x8C42, 0x8C42, 0x8C42, 0x8C42, 0x8C42, 0x8C42, 0x8C42,
    0x9063, 0x9063, 0x9063, 0x9063, 0x9063, 0x9063, 0x9063, 0x9062, 0x9062, 0x9063, 0x9063, 0x9063, 0x9063, 0x9063, 0x9063, 0x9063,
    0x98A4, 0x98A4, 0x9063, 0x98A4, 0x98A4, 0x9063, 0x98A4, 0x9062, 0x9062, 0x98A4, 0x98A4, 0x98A4, 0x98A4, 0x9063, 0x98A4, 0x98A4,
    0x98A4, 0x98A4, 0x98A4, 0x9063, 0x98A4, 0x98A4, 0x9063, 0x9062, 0x9062, 0x98A4, 0x98A4, 0x98A4, 0x98A4, 0x98A4, 0x98A4, 0x98A4,
    0x98A4, 0x98A4, 0x98A4, 0x98A4, 0x9063, 0x98A4, 0x98A4, 0x9063, 0x98A4, 0x98A4, 0x98A4, 0x9063, 0x98A4, 0x98A4, 0x9063, 0x98A4,
    0x98A4, 0x98A4, 0x98A4, 0x98A4, 0x98A4, 0x98A4, 0x98A4, 0x98A4, 0x98A4, 0x98A4, 0x98A4, 0x98A4, 0x98A4, 0x9063, 0x98A4, 0x98A4,
    0x98A4, 0x9063, 0x98A4, 0x98A4, 0x98A4, 0x98A4, 0x98A4, 0x98A4, 0x98A4, 0x98A4, 0x98A4, 0x98A4, 0x98A4, 0x9063, 0x98A4, 0x98A4,
    0x98A4, 0x98A4, 0x98A4, 0x98A4, 0x98A4, 0x9063, 0x98A4, 0x98A4, 0x98A4, 0x98A4, 0x98A4, 0x98A4, 0x98A4, 0x9063, 0x98A4, 0x98A4
  },
  // Tile 8: T09_1x.png
  {
    0xA908, 0xA908, 0xA908, 0xA908, 0xA908, 0xB58B, 0xA908, 0x9063, 0xC5EE, 0xA908, 0xB58B, 0xA908, 0xA908, 0xA908, 0xA908, 0xA908,
    0xA908, 0xA908, 0xA908, 0xA908, 0xA908, 0xA908, 0xA908, 0x9063, 0xC5EE, 0xA908, 0xA908, 0xA908, 0xA908, 0xA908, 0xB58B, 0xA908,
    0xA908, 0xA908, 0xA908, 0xB58B, 0xB58B, 0xB58B, 0xB58B, 0x9063, 0xC5EE, 0xA908, 0xA908, 0xA908, 0xA908, 0xA908, 0xA908, 0xB58B,
    0xB58B, 0xA908, 0xB58B, 0xA908, 0xA908, 0xB58B, 0xB58B, 0x9063, 0xC5EE, 0xB58B, 0xA908, 0xA908, 0xA908, 0xA908, 0xA908, 0xA908,
    0xA908, 0xB58B, 0xA908, 0xA908, 0xA908, 0xB58B, 0xA908, 0x9063, 0xC5EE, 0xB58B, 0xB58B, 0xB58B, 0xB58B, 0xB58B, 0xA908, 0xA908,
    0xB58B, 0xA908, 0xA908, 0xB58B, 0xA908, 0xB58B, 0xB58B, 0x9063, 0xC5EE, 0xB58B, 0xA908, 0xA908, 0xA908, 0xB58B, 0xA908, 0xB58B,
    0xB58B, 0xA908, 0xA908, 0xA908, 0xA908, 0xA908, 0xA908, 0x9063, 0xC5EE, 0xB58B, 0xB58B, 0xA908, 0xA908, 0xA908, 0xA908, 0xA908,
    0x9063, 0x9063, 0x9063, 0x9063, 0x9063, 0x9063, 0x9063, 0x9063, 0x9063, 0x9063, 0x9063, 0x9063, 0x9063, 0x9063, 0x9063, 0x9063,
    0xC5EE, 0xC5EE, 0xC5EE, 0xC5EE, 0xC5EE, 0xC5EE, 0xC5EE, 0x9063, 0xC5EE, 0xC5EE, 0xC5EE, 0xC5EE, 0xC5EE, 0xC5EE, 0xC5EE, 0xC5EE,
    0xA908, 0xA908, 0xB58B, 0xA908, 0xA908, 0xA908, 0xA908, 0x9063, 0xC5EE, 0xA908, 0xB58B, 0xA908, 0xA908, 0xA908, 0xB58B, 0xA908,
    0xA908, 0xA908, 0xA908, 0xA908, 0xA908, 0xA908, 0xA908, 0x9063, 0xC5EE, 0xA908, 0xA908, 0xB58B, 0xA908, 0xA908, 0xA908, 0xB58B,
    0xA908, 0xA908, 0xB58B, 0xA908, 0xA908, 0xA908, 0xA908, 0x9063, 0xC5EE, 0xA908, 0xA908, 0xA908, 0xA908, 0xB58B, 0xB58B, 0xA908,
    0xA908, 0xB58B, 0xA908, 0xA908, 0xA908, 0xA908, 0xB58B, 0x9063, 0xC5EE, 0xA908, 0xA908, 0xA908, 0xA908, 0xA908, 0xB58B, 0xA908,
    0xA908, 0xA908, 0xA908, 0xA908, 0xA908, 0xA908, 0xA908, 0x9063, 0xC5EE, 0xA908, 0xA908, 0xA908, 0xA908, 0xA908, 0xA908, 0xA908,
    0xA908, 0xB58B, 0xA908, 0xA908, 0xB58B, 0xA908, 0xB58B, 0x9063, 0xC5EE, 0xA908, 0xA908, 0xA908, 0xA908, 0xB58B, 0xA908, 0xA908,
    0xA908, 0xA908, 0xA908, 0xA908, 0xA908, 0xA908, 0xA908, 0x9063, 0xC5EE, 0xB58B, 0xA908, 0xB58B, 0xB58B, 0xA908, 0xA908, 0xA908
  },
  // Tile 9: T10_1x.png
  {
    0xA908, 0xA908, 0xA908, 0xA908, 0xA908, 0xB58B, 0xA908, 0x9063, 0xC5EE, 0xA908, 0xB58B, 0xA908, 0xA908, 0xA908, 0xA908, 0xA908,
    0xA908, 0xA908, 0xA908, 0xA908, 0xA908, 0xA908, 0xA908, 0x9063, 0xC5EE, 0xA908, 0xA908, 0xA908, 0xA908, 0xA908, 0xB58B, 0xA908,
    0xA908, 0xA908, 0xA908, 0x9063, 0x9063, 0xB58B, 0xB58B, 0x9063, 0xC5EE, 0xA908, 0xA908, 0xA908, 0xA908, 0xA908, 0xA908, 0xB58B,
    0xB58B, 0xA908, 0x9063, 0xB98B, 0xA4E6, 0x9063, 0xB58B, 0x9063, 0xC5EE, 0xB58B, 0xA908, 0xA908, 0xA908, 0xA908, 0xA908, 0xA908,
    0xA908, 0xB58B, 0x9063, 0xA4E6, 0xA4E6, 0x9063, 0xA908, 0x9063, 0xC5EE, 0xB58B, 0xB58B, 0xB58B, 0xB58B, 0xB58B, 0xA908, 0xA908,
    0xB58B, 0xA908, 0xA908, 0x9063, 0x9063, 0xB58B, 0xB58B, 0x9063, 0xC5EE, 0xB58B, 0xA908, 0xA908, 0xA908, 0xB58B, 0xA908, 0xB58B,
    0xB58B, 0xA908, 0xA908, 0xA908, 0xA908, 0xA908, 0xA908, 0x9063, 0xC5EE, 0xB58B, 0xB58B, 0xA908, 0xA908, 0xA908, 0xA908, 0xA908,
    0x9063, 0x9063, 0x9063, 0x9063, 0x9063, 0x9063, 0x9063, 0x9063, 0x9063, 0x9063, 0x9063, 0x9063, 0x9063, 0x9063, 0x9063, 0x9063,
    0xC5EE, 0xC5EE, 0xC5EE, 0xC5EE, 0xC5EE, 0xC5EE, 0xC5EE, 0x9063, 0xC5EE, 0xC5EE, 0xC5EE, 0xC5EE, 0xC5EE, 0xC5EE, 0xC5EE, 0xC5EE,
    0xA908, 0xA908, 0xB58B, 0xA908, 0xA908, 0xA908, 0xA908, 0x9063, 0xC5EE, 0xA908, 0xB58B, 0xA908, 0xA908, 0xA908, 0xB58B, 0xA908,
    0xA908, 0xA908, 0xA908, 0xA908, 0xA908, 0xA908, 0xA908, 0x9063, 0xC5EE, 0xA908, 0xA908, 0xB58B, 0xA908, 0xA908, 0xA908, 0xB58B,
    0xA908, 0xA908, 0xB58B, 0xA908, 0xA908, 0xA908, 0xA908, 0x9063, 0xC5EE, 0xA908, 0xA908, 0xA908, 0xA908, 0xB58B, 0xB58B, 0xA908,
    0xA908, 0xB58B, 0xA908, 0xA908, 0xA908, 0xA908, 0xB58B, 0x9063, 0xC5EE, 0xA908, 0xA908, 0xA908, 0xA908, 0xA908, 0xB58B, 0xA908,
    0xA908, 0xA908, 0xA908, 0xA908, 0xA908, 0xA908, 0xA908, 0x9063, 0xC5EE, 0xA908, 0xA908, 0xA908, 0xA908, 0xA908, 0xA908, 0xA908,
    0xA908, 0xB58B, 0xA908, 0xA908, 0xB58B, 0xA908, 0xB58B, 0x9063, 0xC5EE, 0xA908, 0xA908, 0xA908, 0xA908, 0xB58B, 0xA908, 0xA908,
    0xA908, 0xA908, 0xA908, 0xA908, 0xA908, 0xA908, 0xA908, 0x9063, 0xC5EE, 0xB58B, 0xA908, 0xB58B, 0xB58B, 0xA908, 0xA908, 0xA908
  },
  // Tile 10: T11_1x.png
  {
    0xA908, 0xA908, 0xA908, 0xA908, 0xA908, 0xB58B, 0xA908, 0x9063, 0xC5EE, 0xA908, 0xB58B, 0xA908, 0xA908, 0xA908, 0xA908, 0xA908,
    0xA908, 0xA908, 0xA908, 0xA908, 0xA908, 0xA908, 0xA908, 0x9063, 0xC5EE, 0xA908, 0xA908, 0xA908, 0xA908, 0xA908, 0xB58B, 0xA908,
    0xA908, 0xA908, 0xA908, 0xB58B, 0xB58B, 0xB58B, 0xB58B, 0x9063, 0xC5EE, 0xA908, 0xA908, 0xA908, 0xA908, 0xA908, 0xA908, 0xB58B,
    0xB58B, 0xA908, 0xB58B, 0xA908, 0xA908, 0xB58B, 0xB58B, 0x9063, 0xC5EE, 0xB58B, 0xA908, 0xA908, 0xA908, 0xA908, 0xA908, 0xA908,
    0xA908, 0xB58B, 0xA908, 0xA908, 0xA908, 0xB58B, 0xA908, 0x9063, 0xC5EE, 0xB58B, 0xB58B, 0xB58B, 0xB58B, 0xB58B, 0xA908, 0xA908,
    0xB58B, 0xA908, 0xA908, 0xB58B, 0xA908, 0xB58B, 0xB58B, 0x9063, 0xC5EE, 0xB58B, 0xA908, 0xA908, 0xA908, 0xB58B, 0xA908, 0xB58B,
    0xB58B, 0xA908, 0xA908, 0xA908, 0xA908, 0xA908, 0xA908, 0x9063, 0xC5EE, 0xB58B, 0xB58B, 0xA908, 0xA908, 0xA908, 0xA908, 0xA908,
    0x9063, 0x9063, 0x9063, 0x9063, 0x9063, 0x9063, 0x9063, 0x9063, 0x9063, 0x9063, 0x9063, 0x9063, 0x9063, 0x9063, 0x9063, 0x9063,
    0xC5EE, 0xC5EE, 0xC5EE, 0xC5EE, 0xC5EE, 0xC5EE, 0xC5EE, 0x9063, 0xC5EE, 0xC5EE, 0xC5EE, 0xC5EE, 0xC5EE, 0xC5EE, 0xC5EE, 0xC5EE,
    0xA908, 0xA908, 0xB58B, 0xA908, 0xA908, 0xA908, 0xA908, 0x9063, 0xC5EE, 0xA908, 0xB58B, 0xA908, 0xA908, 0xA908, 0xB58B, 0xA908,
    0xA908, 0xA908, 0xA908, 0xA908, 0xA908, 0xA908, 0xA908, 0x9063, 0xC5EE, 0xA908, 0x8421, 0xB98B, 0x8421, 0xB98B, 0x8421, 0xB58B,
    0xA908, 0xA908, 0xB58B, 0xA908, 0xA908, 0xA908, 0xA908, 0x9063, 0xC5EE, 0xA908, 0x8421, 0xB98B, 0x8421, 0xB98B, 0x8421, 0xA908,
    0xA908, 0xB58B, 0xA908, 0xA908, 0xA908, 0xA908, 0xB58B, 0x9063, 0xC5EE, 0xA908, 0x8421, 0xB98B, 0x8421, 0xB98B, 0x8421, 0xA908,
    0xA908, 0xA908, 0xA908, 0xA908, 0xA908, 0xA908, 0xA908, 0x9063, 0xC5EE, 0xA908, 0x8421, 0xB98B, 0x8421, 0xB98B, 0x8421, 0xA908,
    0xA908, 0xB58B, 0xA908, 0xA908, 0xB58B, 0xA908, 0xB58B, 0x9063, 0xC5EE, 0xA908, 0xA908, 0xA908, 0xA908, 0xB58B, 0xA908, 0xA908,
    0xA908, 0xA908, 0xA908, 0xA908, 0xA908, 0xA908, 0xA908, 0x9063, 0xC5EE, 0xB58B, 0xA908, 0xB58B, 0xB58B, 0xA908, 0xA908, 0xA908
  },
  // Tile 11: T12_1x.png
  {
    0x9484, 0x9CC6, 0x9CC6, 0x9CC6, 0x9484, 0x9484, 0x9CC6, 0x9484, 0x9CC6, 0x9CC6, 0xA928, 0x9CC6, 0x9CC6, 0x9CC6, 0xA928, 0x9CC6,
    0x9484, 0x9CC6, 0x9CC6, 0x9484, 0x9484, 0xA928, 0x9CC6, 0x9CC6, 0x9CC6, 0x9484, 0x9CC6, 0x9CC6, 0xA928, 0x9CC6, 0xA928, 0x9CC6,
    0x9484, 0x9CC6, 0x9484, 0x9CC6, 0x9CC6, 0x9CC6, 0x9CC6, 0x9CC6, 0xA928, 0x9CC6, 0x9CC6, 0x9CC6, 0xA928, 0x9CC6, 0x9CC6, 0x9484,
    0x9CC6, 0xA928, 0x9CC6, 0x9CC6, 0xA928, 0x9CC6, 0x9CC6, 0x9CC6, 0x9484, 0x9CC6, 0x9CC6, 0xA928, 0xA928, 0x9CC6, 0x9CC6, 0xA928,
    0x9CC6, 0x9484, 0x9484, 0x9CC6, 0xA928, 0x9484, 0x9484, 0x9CC6, 0x9CC6, 0x9CC6, 0x9CC6, 0x9CC6, 0x9CC6, 0x9CC6, 0x9484, 0x9484,
    0xA928, 0x9CC6, 0x9484, 0x9CC6, 0x9CC6, 0x9CC6, 0xA928, 0x9CC6, 0xA928, 0x9CC6, 0x9CC6, 0x9484, 0x9CC6, 0x9CC6, 0x9CC6, 0x9484,
    0x9CC6, 0x9CC6, 0xA928, 0x9CC6, 0x9CC6, 0x9CC6, 0x9CC6, 0x9484, 0xA928, 0x9CC6, 0x9CC6, 0x9484, 0x9CC6, 0x9CC6, 0x9CC6, 0xA928,
    0x9CC6, 0x9CC6, 0x9CC6, 0x9CC6, 0x9CC6, 0x9CC6, 0x9CC6, 0x9CC6, 0x9CC6, 0x9CC6, 0x9CC6, 0x9CC6, 0x9CC6, 0x9CC6, 0x9484, 0x9CC6,
    0x9CC6, 0x9CC6, 0x9CC6, 0x9CC6, 0xA928, 0x9CC6, 0x9CC6, 0x9CC6, 0x9484, 0x9484, 0xA928, 0x9CC6, 0x9CC6, 0x9CC6, 0x9CC6, 0x9484,
    0x9CC6, 0x9CC6, 0x9484, 0xA928, 0x9CC6, 0x9CC6, 0x9CC6, 0x9484, 0x9CC6, 0x9CC6, 0x9CC6, 0x9CC6, 0x9CC6, 0x9484, 0x9CC6, 0x9484,
    0x9CC6, 0x9CC6, 0x9CC6, 0x9CC6, 0x9CC6, 0x9484, 0x9CC6, 0x9484, 0x9CC6, 0xA928, 0x9484, 0x9484, 0x9CC6, 0xA928, 0x9CC6, 0x9CC6,
    0x9484, 0x9CC6, 0x9484, 0x9CC6, 0x9CC6, 0x9484, 0xA928, 0xA928, 0x9CC6, 0x9CC6, 0x9CC6, 0x9CC6, 0x9CC6, 0x9CC6, 0xA928, 0x9484,
    0x9CC6, 0x9484, 0x9CC6, 0x9CC6, 0x9CC6, 0x9CC6, 0x9CC6, 0x9CC6, 0x9484, 0x9CC6, 0x9484, 0x9484, 0xA928, 0x9484, 0x9CC6, 0x9CC6,
    0x9484, 0x9CC6, 0x9CC6, 0x9CC6, 0x9CC6, 0x9CC6, 0xA928, 0x9CC6, 0xA928, 0x9CC6, 0xA928, 0x9CC6, 0x9484, 0x9CC6, 0xA928, 0x9CC6,
    0xA928, 0x9CC6, 0x9484, 0x9CC6, 0x9CC6, 0x9CC6, 0x9CC6, 0x9CC6, 0x9CC6, 0x9CC6, 0x9CC6, 0x9CC6, 0xA928, 0x9CC6, 0x9CC6, 0x9CC6,
    0x9CC6, 0x9484, 0x9CC6, 0xA928, 0x9CC6, 0x9CC6, 0x9484, 0x9484, 0x9CC6, 0x9CC6, 0x9CC6, 0x9CC6, 0xA928, 0x9484, 0x9CC6, 0x9CC6
  },
  // Tile 12: T13_1x.png
  {
    0xD672, 0xD672, 0xD672, 0xD672, 0xD672, 0xD672, 0xD672, 0xD672, 0xD672, 0xD672, 0xD672, 0xD672, 0xD672, 0xD672, 0xD672, 0xD672,
    0xB16A, 0xB16A, 0xB16A, 0xB16A, 0xB16A, 0xB16A, 0xB16A, 0xB16A, 0xB16A, 0xB16A, 0xB16A, 0xB16A, 0xB16A, 0xB16A, 0xB16A, 0xB16A,
    0x9484, 0x9484, 0x9484, 0x9484, 0x9484, 0x9484, 0x9484, 0x9484, 0x9484, 0x9484, 0x9484, 0x9484, 0x9484, 0x9484, 0x9484, 0x9484,
    0x8421, 0x8421, 0x8421, 0x8421, 0x8421, 0x8421, 0x8421, 0x8421, 0x8421, 0x8421, 0x8421, 0x8421, 0x8421, 0x8421, 0x8421, 0x8421,
    0x9CC6, 0x9484, 0x9484, 0x9CC6, 0xA928, 0x9484, 0x9484, 0x9CC6, 0x9CC6, 0x9CC6, 0x9CC6, 0x9CC6, 0x9CC6, 0x9CC6, 0x9484, 0x9484,
    0xA928, 0x9CC6, 0x9484, 0x9CC6, 0x9CC6, 0x9CC6, 0xA928, 0x9CC6, 0xA928, 0x9CC6, 0x9CC6, 0x9484, 0x9CC6, 0x9CC6, 0x9CC6, 0x9484,
    0x9CC6, 0x9CC6, 0xA928, 0x9CC6, 0x9CC6, 0x9CC6, 0x9CC6, 0x9484, 0xA928, 0x9CC6, 0x9CC6, 0x9484, 0x9CC6, 0x9CC6, 0x9CC6, 0xA928,
    0x9CC6, 0x9CC6, 0x9CC6, 0x9CC6, 0x9CC6, 0x9CC6, 0x9CC6, 0x9CC6, 0x9CC6, 0x9CC6, 0x9CC6, 0x9CC6, 0x9CC6, 0x9CC6, 0x9484, 0x9CC6,
    0x9CC6, 0x9CC6, 0x9CC6, 0x9CC6, 0xA928, 0x9CC6, 0x9CC6, 0x9CC6, 0x9484, 0x9484, 0xA928, 0x9CC6, 0x9CC6, 0x9CC6, 0x9CC6, 0x9484,
    0x9CC6, 0x9CC6, 0x9484, 0xA928, 0x9CC6, 0x9CC6, 0x9CC6, 0x9484, 0x9CC6, 0x9CC6, 0x9CC6, 0x9CC6, 0x9CC6, 0x9484, 0x9CC6, 0x9484,
    0x9CC6, 0x9CC6, 0x9CC6, 0x9CC6, 0x9CC6, 0x9484, 0x9CC6, 0x9484, 0x9CC6, 0xA928, 0x9484, 0x9484, 0x9CC6, 0xA928, 0x9CC6, 0x9CC6,
    0x9484, 0x9CC6, 0x9484, 0x9CC6, 0x9CC6, 0x9484, 0xA928, 0xA928, 0x9CC6, 0x9CC6, 0x9CC6, 0x9CC6, 0x9CC6, 0x9CC6, 0xA928, 0x9484,
    0x9CC6, 0x9484, 0x9CC6, 0x9CC6, 0x9CC6, 0x9CC6, 0x9CC6, 0x9CC6, 0x9484, 0x9CC6, 0x9484, 0x9484, 0xA928, 0x9484, 0x9CC6, 0x9CC6,
    0x9484, 0x9CC6, 0x9CC6, 0x9CC6, 0x9CC6, 0x9CC6, 0xA928, 0x9CC6, 0xA928, 0x9CC6, 0xA928, 0x9CC6, 0x9484, 0x9CC6, 0xA928, 0x9CC6,
    0xA928, 0x9CC6, 0x9484, 0x9CC6, 0x9CC6, 0x9CC6, 0x9CC6, 0x9CC6, 0x9CC6, 0x9CC6, 0x9CC6, 0x9CC6, 0xA928, 0x9CC6, 0x9CC6, 0x9CC6,
    0x9CC6, 0x9484, 0x9CC6, 0xA928, 0x9CC6, 0x9CC6, 0x9484, 0x9484, 0x9CC6, 0x9CC6, 0x9CC6, 0x9CC6, 0xA928, 0x9484, 0x9CC6, 0x9CC6
  },
  // Tile 13: T14_1x.png
  {
    0x9CC6, 0x9CC6, 0x9CC6, 0x9CC6, 0x9CC6, 0x9CC6, 0x9CC6, 0x9CC6, 0x9CC6, 0x9CC6, 0x9CC6, 0x9CC6, 0x9CC6, 0x9CC6, 0x9CC6, 0x9CC6,
    0x9CC6, 0x9CC6, 0x9CC6, 0x9CC6, 0x9CC6, 0x9CC6, 0x9CC6, 0x9CC6, 0x9CC6, 0x9CC6, 0x9CC6, 0x9CC6, 0x9CC6, 0x9CC6, 0x9CC6, 0x9CC6,
    0x9CC6, 0x9CC6, 0x9CC6, 0x9CC6, 0x9CC6, 0x9CC6, 0x9CC6, 0x9CC6, 0x9CC6, 0x9CC6, 0x9CC6, 0x9CC6, 0x9CC6, 0x9CC6, 0x9CC6, 0x9CC6,
    0xD672, 0xD672, 0xD672, 0xD672, 0xD672, 0xD672, 0xD672, 0xD672, 0xD672, 0xD672, 0xD672, 0xD672, 0xD672, 0xD672, 0xD672, 0xD672,
    0x8421, 0x8421, 0x8421, 0x8421, 0x8421, 0x8421, 0x8421, 0x8421, 0x8421, 0x8421, 0x8421, 0x8421, 0x8421, 0x8421, 0x8421, 0x8421,
    0x8421, 0x8421, 0x8421, 0x8421, 0x8421, 0x8421, 0x8421, 0x8421, 0x8421, 0x8421, 0x8421, 0x8421, 0x8421, 0x8421, 0x8421, 0x8421,
    0x8421, 0x8421, 0x8421, 0x8421, 0x8421, 0x8421, 0x8421, 0x8421, 0x8421, 0x8421, 0x8421, 0x8421, 0x8421, 0x8421, 0x8421, 0x8421,
    0x8421, 0x8421, 0x8421, 0x8421, 0x8421, 0x8421, 0x8421, 0x8421, 0x8421, 0x8421, 0x8421, 0x8421, 0x8421, 0x8421, 0x8421, 0x8421,
    0x8421, 0x8421, 0x8421, 0x8421, 0x8421, 0x8421, 0x8421, 0x8421, 0x8421, 0x8421, 0x8421, 0x8421, 0x8421, 0x8421, 0x8421, 0x8421,
    0x8C42, 0x8C42, 0x8C42, 0x8C42, 0x8C42, 0x8C42, 0x8C42, 0x8C42, 0x8C42, 0x8C42, 0x8C42, 0x8C42, 0x8C42, 0x8C42, 0x8C42, 0x8C42,
    0x8C42, 0x8C42, 0x8C42, 0x8C42, 0x8C42, 0x8C42, 0x8C42, 0x8C42, 0x8C42, 0x8C42, 0x8C42, 0x8C42, 0x8C42, 0x8C42, 0x8C42, 0x8C42,
    0x8C42, 0x8C42, 0x8C42, 0x8C42, 0x8C42, 0x8C42, 0x8C42, 0x8C42, 0x8C42, 0x8C42, 0x8C42, 0x8C42, 0x8C42, 0x8C42, 0x8C42, 0x8C42,
    0x8C42, 0xB58B, 0x8C42, 0xA908, 0x8C42, 0xA908, 0x8C42, 0x9063, 0x8C42, 0xA908, 0x8C42, 0xA908, 0x8C42, 0xA908, 0x8C42, 0xA908,
    0xA908, 0xA908, 0xA908, 0xA908, 0xA908, 0xA908, 0xA908, 0x9063, 0xC5EE, 0xA908, 0xA908, 0xA908, 0xA908, 0xA908, 0xA908, 0xA908,
    0xA908, 0xB58B, 0xA908, 0xA908, 0xB58B, 0xA908, 0xB58B, 0x9063, 0xC5EE, 0xA908, 0xA908, 0xA908, 0xA908, 0xB58B, 0xA908, 0xA908,
    0xA908, 0xA908, 0xA908, 0xA908, 0xA908, 0xA908, 0xA908, 0x9063, 0xC5EE, 0xB58B, 0xA908, 0xB58B, 0xB58B, 0xA908, 0xA908, 0xA908
  },
  // Tile 14: T15_1x.png
  {
    0x9484, 0x9CC6, 0x9CC6, 0x9CC6, 0x9484, 0x9484, 0x9CC6, 0x9484, 0x9CC6, 0x9CC6, 0xA928, 0x9CC6, 0x9CC6, 0x9CC6, 0xA928, 0x9CC6,
    0x9484, 0x9CC6, 0x9CC6, 0x9484, 0x9484, 0xA928, 0x9CC6, 0x9CC6, 0x9CC6, 0x9484, 0x9CC6, 0x9CC6, 0xA928, 0x9CC6, 0xA928, 0x9CC6,
    0x9484, 0x9CC6, 0x9484, 0x9CC6, 0x9CC6, 0x9CC6, 0x9CC6, 0x9CC6, 0xA928, 0x9CC6, 0x9CC6, 0x9CC6, 0xA928, 0x9CC6, 0x9CC6, 0x9484,
    0x9CC6, 0xA928, 0x9CC6, 0xC1CD, 0xC1CD, 0xC1CD, 0xC1CD, 0xC1CD, 0xC1CD, 0xC1CD, 0xC1CD, 0xC1CD, 0xA928, 0x9CC6, 0x9CC6, 0xA928,
    0x9CC6, 0x9484, 0x9484, 0xC1CD, 0x98A5, 0x98A5, 0x98A5, 0x98A5, 0x98A5, 0x98A5, 0x98A5, 0x98A5, 0x9CC6, 0x9CC6, 0x9484, 0x9484,
    0xA928, 0x9CC6, 0x9484, 0xC1CD, 0x98A5, 0x8421, 0x8421, 0x8421, 0x8421, 0x8421, 0x98A5, 0x98A5, 0x8421, 0x8421, 0x9CC6, 0x9484,
    0x9CC6, 0x9CC6, 0xA928, 0xC1CD, 0x98A5, 0x8421, 0x8421, 0xB58B, 0x8421, 0x8421, 0x98A5, 0x98A5, 0x8421, 0x8421, 0x9CC6, 0xA928,
    0x9CC6, 0x9CC6, 0x9CC6, 0xC1CD, 0x98A5, 0x8421, 0xB58B, 0x8ADB, 0xB58B, 0x8421, 0x98A5, 0x98A5, 0x8421, 0x8421, 0x9484, 0x9CC6,
    0x9CC6, 0x9CC6, 0x9CC6, 0xC1CD, 0x98A5, 0x8421, 0x8421, 0xB58B, 0x8421, 0x8421, 0x98A5, 0x98A5, 0x8421, 0x8421, 0x9CC6, 0x9484,
    0x9CC6, 0x9CC6, 0x9484, 0xC1CD, 0x98A5, 0x8421, 0x8421, 0x8421, 0x8421, 0x8421, 0x98A5, 0x98A5, 0x8421, 0x8421, 0x9CC6, 0x9484,
    0x9CC6, 0x9CC6, 0x9CC6, 0xC1CD, 0x98A5, 0x98A5, 0x98A5, 0x98A5, 0x98A5, 0x98A5, 0x98A5, 0x98A5, 0x8421, 0x8421, 0x9CC6, 0x9CC6,
    0x9484, 0x9CC6, 0x9484, 0xC1CD, 0x98A5, 0x98A5, 0x98A5, 0x98A5, 0x98A5, 0x98A5, 0x98A5, 0x98A5, 0x8421, 0x8421, 0xA928, 0x9484,
    0x9CC6, 0x9484, 0x9CC6, 0x9CC6, 0x9CC6, 0x8421, 0x8421, 0x8421, 0x8421, 0x8421, 0x8421, 0x8421, 0x8421, 0x8421, 0x9CC6, 0x9CC6,
    0x9484, 0x9CC6, 0x9CC6, 0x9CC6, 0x9CC6, 0x8421, 0x8421, 0x8421, 0x8421, 0x8421, 0x8421, 0x8421, 0x8421, 0x8421, 0xA928, 0x9CC6,
    0xA928, 0x9CC6, 0x9484, 0x9CC6, 0x9CC6, 0x9CC6, 0x9CC6, 0x9CC6, 0x9CC6, 0x9CC6, 0x9CC6, 0x9CC6, 0xA928, 0x9CC6, 0x9CC6, 0x9CC6,
    0x9CC6, 0x9484, 0x9CC6, 0xA928, 0x9CC6, 0x9CC6, 0x9484, 0x9484, 0x9CC6, 0x9CC6, 0x9CC6, 0x9CC6, 0xA928, 0x9484, 0x9CC6, 0x9CC6
  },
  // Tile 15: T16_1x.png
  {
    0x8421, 0x8421, 0x8421, 0x8421, 0x8421, 0x8421, 0x8421, 0x8421, 0x8421, 0x8421, 0x8421, 0x8421, 0x8421, 0x8421, 0x8421, 0x8421,
    0x8421, 0x8ADB, 0x8ADB, 0xA4E6, 0xA4E6, 0x9063, 0xA4E6, 0xA4E6, 0x9063, 0xA4E6, 0xA4E6, 0x9063, 0xA4E6, 0x8ADB, 0x8ADB, 0x8421,
    0x8421, 0x8ADB, 0xA4E6, 0xA4E6, 0x9063, 0xA4E6, 0xA4E6, 0x9063, 0xA4E6, 0xA4E6, 0x9063, 0xA4E6, 0xA4E6, 0x9063, 0x8ADB, 0x8421,
    0x8421, 0xA4E6, 0xA4E6, 0x9063, 0xA4E6, 0xA4E6, 0x9063, 0xA4E6, 0xA4E6, 0x9063, 0xA4E6, 0xA4E6, 0x9063, 0xA4E6, 0xA4E6, 0x8421,
    0x8421, 0xA4E6, 0x9063, 0xA4E6, 0xA4E6, 0x9063, 0xA4E6, 0xA4E6, 0x9063, 0xA4E6, 0xA4E6, 0x9063, 0xA4E6, 0xA4E6, 0x9063, 0x8421,
    0x8421, 0x9063, 0xA4E6, 0xA4E6, 0x9063, 0xA4E6, 0xA4E6, 0x9063, 0xA4E6, 0xA4E6, 0x9063, 0xA4E6, 0xA4E6, 0x9063, 0xA4E6, 0x8421,
    0x8421, 0xA4E6, 0xA4E6, 0x9063, 0xA4E6, 0xA4E6, 0x9063, 0xA4E6, 0xA4E6, 0x9063, 0xA4E6, 0xA4E6, 0x9063, 0xA4E6, 0xA4E6, 0x8421,
    0x8421, 0xA4E6, 0x9063, 0xA4E6, 0xA4E6, 0x9063, 0xA4E6, 0xA4E6, 0x9063, 0xA4E6, 0xA4E6, 0x9063, 0xA4E6, 0xA4E6, 0x9063, 0x8421,
    0x8421, 0x9063, 0xA4E6, 0xA4E6, 0x9063, 0xA4E6, 0xA4E6, 0x9063, 0xA4E6, 0xA4E6, 0x9063, 0xA4E6, 0xA4E6, 0x9063, 0xA4E6, 0x8421,
    0x8421, 0xA4E6, 0xA4E6, 0x9063, 0xA4E6, 0xA4E6, 0x9063, 0xA4E6, 0xA4E6, 0x9063, 0xA4E6, 0xA4E6, 0x9063, 0xA4E6, 0xA4E6, 0x8421,
    0x8421, 0xA4E6, 0x9063, 0xA4E6, 0xA4E6, 0x9063, 0xA4E6, 0xA4E6, 0x9063, 0xA4E6, 0xA4E6, 0x9063, 0xA4E6, 0xA4E6, 0x9063, 0x8421,
    0x8421, 0x9063, 0xA4E6, 0xA4E6, 0x9063, 0xA4E6, 0xA4E6, 0x9063, 0xA4E6, 0xA4E6, 0x9063, 0xA4E6, 0xA4E6, 0x9063, 0xA4E6, 0x8421,
    0x8421, 0xA4E6, 0xA4E6, 0x9063, 0xA4E6, 0xA4E6, 0x9063, 0xA4E6, 0xA4E6, 0x9063, 0xA4E6, 0xA4E6, 0x9063, 0xA4E6, 0xA4E6, 0x8421,
    0x8421, 0x8ADB, 0x9063, 0xA4E6, 0xA4E6, 0x9063, 0xA4E6, 0xA4E6, 0x9063, 0xA4E6, 0xA4E6, 0x9063, 0xA4E6, 0xA4E6, 0x8ADB, 0x8421,
    0x8421, 0x8ADB, 0x8ADB, 0xA4E6, 0x9063, 0xA4E6, 0xA4E6, 0x9063, 0xA4E6, 0xA4E6, 0x9063, 0xA4E6, 0xA4E6, 0x8ADB, 0x8ADB, 0x8421,
    0x8421, 0x8421, 0x8421, 0x8421, 0x8421, 0x8421, 0x8421, 0x8421, 0x8421, 0x8421, 0x8421, 0x8421, 0x8421, 0x8421, 0x8421, 0x8421
  },
  // Tile 16: T17_1x.png
  {
    0xA908, 0xA908, 0xA908, 0xA908, 0xA908, 0xB58B, 0xA908, 0x9063, 0xC5EE, 0xA908, 0xB58B, 0xA908, 0xA908, 0xA908, 0xA908, 0xA908,
    0xA908, 0xA908, 0xA908, 0xA908, 0xA908, 0xA908, 0xA908, 0x9063, 0xC5EE, 0xA908, 0xA908, 0xA908, 0xA908, 0xA908, 0xB58B, 0xA908,
    0xA908, 0xA908, 0xA908, 0xB58B, 0xB58B, 0xB58B, 0xB58B, 0x9063, 0xC5EE, 0xA908, 0xA908, 0xA908, 0xA908, 0xA908, 0xA908, 0xB58B,
    0xB58B, 0xA908, 0xB58B, 0xA908, 0xA908, 0xB58B, 0xB58B, 0x9063, 0xC5EE, 0xB58B, 0xA908, 0xA908, 0xA908, 0xA908, 0xA908, 0xA908,
    0xA908, 0xB58B, 0xA908, 0xA908, 0xA908, 0xB58B, 0xA908, 0x9063, 0xC5EE, 0xB58B, 0xB58B, 0xB58B, 0xB58B, 0xB58B, 0xA908, 0xA908,
    0xB58B, 0xA908, 0xA908, 0xB58B, 0xA908, 0xB58B, 0xB58B, 0x9063, 0xC5EE, 0xB58B, 0xA908, 0xA908, 0xA908, 0xB58B, 0xA908, 0xB58B,
    0xB58B, 0xA908, 0xB234, 0xB234, 0xB234, 0xB234, 0xB234, 0xB234, 0xB234, 0xB234, 0xB234, 0xB234, 0xB234, 0xB234, 0xB234, 0xB234,
    0x9063, 0x9063, 0xA18E, 0xA18E, 0xA18E, 0xA18E, 0xA18E, 0xA18E, 0xA18E, 0xA18E, 0xA18E, 0xA18E, 0xA18E, 0xA18E, 0xA18E, 0xA18E,
    0xC5EE, 0xC5EE, 0x90C7, 0x90C7, 0x90C7, 0x90C7, 0x90C7, 0x90C7, 0x90C7, 0x90C7, 0x90C7, 0x90C7, 0x90C7, 0x90C7, 0x90C7, 0x90C7,
    0xB234, 0xB234, 0xB234, 0xB234, 0xB234, 0xB234, 0xB234, 0xB234, 0xB234, 0xB234, 0xB234, 0xB234, 0xB234, 0xB234, 0xB234, 0xA908,
    0x8421, 0xA18E, 0xA18E, 0xA18E, 0xA18E, 0x8421, 0xA18E, 0xA18E, 0xA18E, 0xA18E, 0x8421, 0xA18E, 0xA18E, 0xA18E, 0xA18E, 0xB58B,
    0x90C7, 0x90C7, 0x90C7, 0x90C7, 0x90C7, 0x90C7, 0x90C7, 0x90C7, 0x90C7, 0x90C7, 0x90C7, 0x90C7, 0x90C7, 0x90C7, 0x90C7, 0xA908,
    0x8421, 0x8421, 0x8421, 0x8421, 0x8421, 0x8421, 0x8421, 0x8421, 0x8421, 0x8421, 0x8421, 0x8421, 0x8421, 0x8421, 0x8421, 0x8421,
    0x8421, 0x8421, 0x8421, 0x8421, 0x8421, 0x8421, 0x8421, 0x8421, 0x8421, 0x8421, 0x8421, 0x8421, 0x8421, 0x8421, 0x8421, 0x8421,
    0x8421, 0x8421, 0x8421, 0x8421, 0x8421, 0x8421, 0x8421, 0x8421, 0x8421, 0x8421, 0x8421, 0x8421, 0x8421, 0x8421, 0x8421, 0x8421,
    0xA908, 0xA908, 0xA908, 0xA908, 0xA908, 0xA908, 0xA908, 0x9063, 0xC5EE, 0xB58B, 0xA908, 0xB58B, 0xB58B, 0xA908, 0xA908, 0xA908
  }
};

// Heavy Bolter master frames (11 frames, 32x32 each)
const uint16_t g_hb_frames[11][1024] __attribute__((aligned(4))) = {
  // Frame 0
  {
    0x0000, 0x0000, 0x0000, 0x0000, 0x0000, 0x0000, 0x0000, 0x0000, 0x0000, 0x0000, 0x0000, 0x0000, 0x0000, 0x0000, 0x0000, 0x0000, 0x0000, 0x0000, 0x0000, 0x0000, 0x0000, 0x0000, 0x0000, 0x0000, 0x0000, 0x0000, 0x0000, 0x0000, 0x0000, 0x0000, 0x0000, 0x0000,
    0x0000, 0x0000, 0x0000, 0x0000, 0x0000, 0x0000, 0x0000, 0x0000, 0x0000, 0x0000, 0x0000, 0x0000, 0x0000, 0x0000, 0x0000, 0x0000, 0x0000, 0x0000, 0x0000, 0x0000, 0x0000, 0x0000, 0x0000, 0x0000, 0x0000, 0x0000, 0x0000, 0x0000, 0x0000, 0x0000, 0x0000, 0x0000,
    0x0000, 0x0000, 0x0000, 0x0000, 0x0000, 0x0000, 0x0000, 0x0000, 0x0000, 0x0000, 0x0000, 0x0000, 0x0000, 0x0000, 0x0000, 0x0000, 0x0000, 0x0000, 0x0000, 0x0000, 0x0000, 0x0000, 0x0000, 0x0000, 0x0000, 0x0000, 0x0000, 0x0000, 0x0000, 0x0000, 0x0000, 0x0000,
    0x0000, 0x0000, 0x0000, 0x0000, 0x0000, 0x0000, 0x0000, 0x0000, 0x0000, 0x0000, 0x0000, 0x0000, 0x0000, 0x0000, 0x0000, 0x0000, 0x0000, 0x0000, 0x0000, 0x0000, 0x0000, 0x0000, 0x0000, 0x0000, 0x0000, 0x0000, 0x0000, 0x0000, 0x0000, 0x0000, 0x0000, 0x0000,
    0x0000, 0x0000, 0x0000, 0x0000, 0x0000, 0x0000, 0x0000, 0x0000, 0x0000, 0x0000, 0x0000, 0x0000, 0x0000, 0x0000, 0x0000, 0x0000, 0x0000, 0x0000, 0x0000, 0x0000, 0x0000, 0x0000, 0x0000, 0x0000, 0x0000, 0x0000, 0x0000, 0x0000, 0x0000, 0x0000, 0x0000, 0x0000,
    0x0000, 0x0000, 0x0000, 0x0000, 0x0000, 0x0000, 0x0000, 0x0000, 0x0000, 0x0000, 0x0000, 0x0000, 0x0000, 0x0000, 0x0000, 0x0000, 0x0000, 0x0000, 0x0000, 0x0000, 0x0000, 0x0000, 0x0000, 0x0000, 0x0000, 0x0000, 0x0000, 0x0000, 0x0000, 0x0000, 0x0000, 0x0000,
    0x0000, 0x0000, 0x0000, 0x0000, 0x0000, 0x0000, 0x0000, 0x0000, 0x0000, 0x0000, 0x0000, 0x0000, 0x0000, 0x0000, 0x0000, 0x0000, 0x0000, 0x0000, 0x0000, 0x0000, 0x0000, 0x0000, 0x0000, 0x0000, 0x0000, 0x0000, 0x0000, 0x0000, 0x0000, 0x0000, 0x0000, 0x0000,
    0x0000, 0x0000, 0x0000, 0x0000, 0x0000, 0x0000, 0x0000, 0x0000, 0x0000, 0x0000, 0x0000, 0x0000, 0x0000, 0x0000, 0x0000, 0x0000, 0x8421, 0x0000, 0x0000, 0x0000, 0x0000, 0x0000, 0x0000, 0x0000, 0x0000, 0x0000, 0x0000, 0x0000, 0x0000, 0x0000, 0x0000, 0x0000,
    0x0000, 0x0000, 0x0000, 0x0000, 0x0000, 0x0000, 0x0000, 0x0000, 0x0000, 0x0000, 0x0000, 0x0000, 0x8421, 0x8421, 0x8421, 0x8421, 0x8421, 0x8421, 0x8421, 0x8421, 0x8421, 0x0000, 0x0000, 0x0000, 0x0000, 0x0000, 0x0000, 0x0000, 0x0000, 0x0000, 0x0000, 0x0000,
    0x0000, 0x0000, 0x0000, 0x0000, 0x0000, 0x0000, 0x0000, 0x0000, 0x0000, 0x0000, 0x8421, 0x9F3E, 0x9F3E, 0x8DF5, 0x9F3E, 0x9F3E, 0x9F3E, 0x8421, 0x98DD, 0x98DD, 0x8421, 0x8421, 0x0000, 0x0000, 0x0000, 0x0000, 0x0000, 0x0000, 0x0000, 0x0000, 0x0000, 0x0000,
    0x0000, 0x0000, 0x0000, 0x0000, 0x0000, 0x0000, 0x0000, 0x0000, 0x0000, 0x0000, 0x8421, 0x9F3E, 0x9F3E, 0x8DF5, 0x8421, 0x8421, 0x8421, 0x8421, 0x8421, 0x8421, 0x8421, 0x8421, 0x8421, 0x8421, 0x8421, 0x8421, 0x8421, 0x8421, 0x0000, 0x0000, 0x0000, 0x0000,
    0x0000, 0x0000, 0x0000, 0x0000, 0x0000, 0x0000, 0x0000, 0x0000, 0x0000, 0x8421, 0x98DD, 0x98DD, 0x98DD, 0xCA0F, 0x8421, 0x9063, 0x9063, 0x9063, 0xF77A, 0xF77A, 0xF77A, 0xF77A, 0xF77A, 0xF77A, 0xF77A, 0xF77A, 0xCA0F, 0x8421, 0x0000, 0x0000, 0x0000, 0x0000,
    0x0000, 0x0000, 0x0000, 0x0000, 0x0000, 0x0000, 0x0000, 0x0000, 0x8421, 0x8421, 0x98DD, 0x98DD, 0xCA0F, 0xCA0F, 0x8421, 0x9063, 0x9063, 0x9063, 0xCA0F, 0xCA0F, 0xCA0F, 0xCA0F, 0xCA0F, 0xCA0F, 0xCA0F, 0xCA0F, 0x8421, 0x8421, 0x0000, 0x0000, 0x0000, 0x0000,
    0x0000, 0x0000, 0x0000, 0x0000, 0x0000, 0x0000, 0x0000, 0x0000, 0x8421, 0x98DD, 0x8F5E, 0xCA0F, 0xCA0F, 0xCA0F, 0x8421, 0x9063, 0x9063, 0x9063, 0xA908, 0xA908, 0xA908, 0xA908, 0xA908, 0xA908, 0xA908, 0xA908, 0xA908, 0x8421, 0x0000, 0x0000, 0x0000, 0x0000,
    0x0000, 0x0000, 0x0000, 0x0000, 0x0000, 0x0000, 0x0000, 0x0000, 0x8421, 0x8F5E, 0x98DD, 0xCA0F, 0xCA0F, 0xCA0F, 0x8421, 0x8421, 0x8421, 0x8421, 0x8421, 0x8421, 0x8421, 0x8421, 0x8421, 0x8421, 0x8421, 0x8421, 0x8421, 0x8421, 0x0000, 0x0000, 0x0000, 0x0000,
    0x0000, 0x0000, 0x0000, 0x0000, 0x0000, 0x0000, 0x0000, 0x0000, 0x8421, 0x98DD, 0x98DD, 0xCA0F, 0xCA0F, 0xCA0F, 0x9F3E, 0x9F3E, 0x9F3E, 0x8DF5, 0x8DF5, 0x9063, 0x9063, 0x9063, 0x882C, 0x8F5E, 0x8421, 0x0000, 0x0000, 0x0000, 0x0000, 0x0000, 0x0000, 0x0000,
    0x0000, 0x0000, 0x0000, 0x0000, 0x0000, 0x0000, 0x0000, 0x8421, 0x98DD, 0x98DD, 0xCA0F, 0xCA0F, 0xCA0F, 0x9F3E, 0x9F3E, 0x9F3E, 0x8DF5, 0x8DF5, 0x8DF5, 0x8DF5, 0x9063, 0x9063, 0x9063, 0x882C, 0x882C, 0x8421, 0x0000, 0x0000, 0x0000, 0x0000, 0x0000, 0x0000,
    0x0000, 0x0000, 0x0000, 0x0000, 0x0000, 0x0000, 0x0000, 0x0000, 0x8421, 0x8F5E, 0x98DD, 0xCA0F, 0xCA0F, 0xCA0F, 0x9F3E, 0x8DF5, 0x8DF5, 0x8DF5, 0x8DF5, 0x9063, 0x9063, 0x9063, 0x882C, 0x882C, 0x8421, 0x0000, 0x0000, 0x0000, 0x0000, 0x0000, 0x0000, 0x0000,
    0x0000, 0x0000, 0x0000, 0x0000, 0x0000, 0x0000, 0x0000, 0x0000, 0x8421, 0x98DD, 0x98DD, 0xCA0F, 0xCA0F, 0xA908, 0x8421, 0x8421, 0x8421, 0x8421, 0x8421, 0x8421, 0x8421, 0x8421, 0x8421, 0x8421, 0x8421, 0x8421, 0x8421, 0x8421, 0x0000, 0x0000, 0x0000, 0x0000,
    0x0000, 0x0000, 0x0000, 0x0000, 0x0000, 0x0000, 0x0000, 0x0000, 0x8421, 0x98DD, 0x8F5E, 0xCA0F, 0xA908, 0xA908, 0x8421, 0x9063, 0x9063, 0x9063, 0xF77A, 0xF77A, 0xF77A, 0xF77A, 0xF77A, 0xF77A, 0xF77A, 0xF77A, 0xCA0F, 0x8421, 0x0000, 0x0000, 0x0000, 0x0000,
    0x0000, 0x0000, 0x0000, 0x0000, 0x0000, 0x0000, 0x0000, 0x0000, 0x8421, 0x8421, 0x8C56, 0x8C56, 0xA908, 0xA908, 0x8421, 0x9063, 0x9063, 0x9063, 0xCA0F, 0xCA0F, 0xCA0F, 0xCA0F, 0xCA0F, 0xCA0F, 0xCA0F, 0xCA0F, 0x8421, 0x8421, 0x0000, 0x0000, 0x0000, 0x0000,
    0x0000, 0x0000, 0x0000, 0x0000, 0x0000, 0x0000, 0x0000, 0x0000, 0x0000, 0x8421, 0x8C56, 0x8C56, 0x8C56, 0x9063, 0x8421, 0x9063, 0x9063, 0x9063, 0xA908, 0xA908, 0xA908, 0xA908, 0xA908, 0xA908, 0xA908, 0xA908, 0xA908, 0x8421, 0x0000, 0x0000, 0x0000, 0x0000,
    0x0000, 0x0000, 0x0000, 0x0000, 0x0000, 0x0000, 0x0000, 0x0000, 0x0000, 0x0000, 0x8421, 0x8C56, 0x8C56, 0x8F5E, 0x8421, 0x8421, 0x8421, 0x8421, 0x8421, 0x8421, 0x8421, 0x8421, 0x8421, 0x8421, 0x8421, 0x8421, 0x8421, 0x8421, 0x0000, 0x0000, 0x0000, 0x0000,
    0x0000, 0x0000, 0x0000, 0x0000, 0x0000, 0x0000, 0x0000, 0x0000, 0x0000, 0x0000, 0x0000, 0x8421, 0x8421, 0x882C, 0x882C, 0x8F5E, 0x882C, 0x882C, 0x8F5E, 0x882C, 0x8421, 0x8421, 0x0000, 0x0000, 0x0000, 0x0000, 0x0000, 0x0000, 0x0000, 0x0000, 0x0000, 0x0000,
    0x0000, 0x0000, 0x0000, 0x0000, 0x0000, 0x0000, 0x0000, 0x0000, 0x0000, 0x0000, 0x0000, 0x0000, 0x8421, 0x8421, 0x8421, 0x8421, 0x882C, 0x8421, 0x8421, 0x8421, 0x8421, 0x0000, 0x0000, 0x0000, 0x0000, 0x0000, 0x0000, 0x0000, 0x0000, 0x0000, 0x0000, 0x0000,
    0x0000, 0x0000, 0x0000, 0x0000, 0x0000, 0x0000, 0x0000, 0x0000, 0x0000, 0x0000, 0x0000, 0x0000, 0x0000, 0x0000, 0x0000, 0x0000, 0x8421, 0x0000, 0x0000, 0x0000, 0x0000, 0x0000, 0x0000, 0x0000, 0x0000, 0x0000, 0x0000, 0x0000, 0x0000, 0x0000, 0x0000, 0x0000,
    0x0000, 0x0000, 0x0000, 0x0000, 0x0000, 0x0000, 0x0000, 0x0000, 0x0000, 0x0000, 0x0000, 0x0000, 0x0000, 0x0000, 0x0000, 0x0000, 0x0000, 0x0000, 0x0000, 0x0000, 0x0000, 0x0000, 0x0000, 0x0000, 0x0000, 0x0000, 0x0000, 0x0000, 0x0000, 0x0000, 0x0000, 0x0000,
    0x0000, 0x0000, 0x0000, 0x0000, 0x0000, 0x0000, 0x0000, 0x0000, 0x0000, 0x0000, 0x0000, 0x0000, 0x0000, 0x0000, 0x0000, 0x0000, 0x0000, 0x0000, 0x0000, 0x0000, 0x0000, 0x0000, 0x0000, 0x0000, 0x0000, 0x0000, 0x0000, 0x0000, 0x0000, 0x0000, 0x0000, 0x0000,
    0x0000, 0x0000, 0x0000, 0x0000, 0x0000, 0x0000, 0x0000, 0x0000, 0x0000, 0x0000, 0x0000, 0x0000, 0x0000, 0x0000, 0x0000, 0x0000, 0x0000, 0x0000, 0x0000, 0x0000, 0x0000, 0x0000, 0x0000, 0x0000, 0x0000, 0x0000, 0x0000, 0x0000, 0x0000, 0x0000, 0x0000, 0x0000,
    0x0000, 0x0000, 0x0000, 0x0000, 0x0000, 0x0000, 0x0000, 0x0000, 0x0000, 0x0000, 0x0000, 0x0000, 0x0000, 0x0000, 0x0000, 0x0000, 0x0000, 0x0000, 0x0000, 0x0000, 0x0000, 0x0000, 0x0000, 0x0000, 0x0000, 0x0000, 0x0000, 0x0000, 0x0000, 0x0000, 0x0000, 0x0000,
    0x0000, 0x0000, 0x0000, 0x0000, 0x0000, 0x0000, 0x0000, 0x0000, 0x0000, 0x0000, 0x0000, 0x0000, 0x0000, 0x0000, 0x0000, 0x0000, 0x0000, 0x0000, 0x0000, 0x0000, 0x0000, 0x0000, 0x0000, 0x0000, 0x0000, 0x0000, 0x0000, 0x0000, 0x0000, 0x0000, 0x0000, 0x0000,
    0x0000, 0x0000, 0x0000, 0x0000, 0x0000, 0x0000, 0x0000, 0x0000, 0x0000, 0x0000, 0x0000, 0x0000, 0x0000, 0x0000, 0x0000, 0x0000, 0x0000, 0x0000, 0x0000, 0x0000, 0x0000, 0x0000, 0x0000, 0x0000, 0x0000, 0x0000, 0x0000, 0x0000, 0x0000, 0x0000, 0x0000, 0x0000
  },
  // Frame 1
  {
    0x0000, 0x0000, 0x0000, 0x0000, 0x0000, 0x0000, 0x0000, 0x0000, 0x0000, 0x0000, 0x0000, 0x0000, 0x0000, 0x0000, 0x0000, 0x0000, 0x0000, 0x0000, 0x0000, 0x0000, 0x0000, 0x0000, 0x0000, 0x0000, 0x0000, 0x0000, 0x0000, 0x0000, 0x0000, 0x0000, 0x0000, 0x0000,
    0x0000, 0x0000, 0x0000, 0x0000, 0x0000, 0x0000, 0x0000, 0x0000, 0x0000, 0x0000, 0x0000, 0x0000, 0x0000, 0x0000, 0x0000, 0x0000, 0x0000, 0x0000, 0x0000, 0x0000, 0x0000, 0x0000, 0x0000, 0x0000, 0x0000, 0x0000, 0x0000, 0x0000, 0x0000, 0x0000, 0x0000, 0x0000,
    0x0000, 0x0000, 0x0000, 0x0000, 0x0000, 0x0000, 0x0000, 0x0000, 0x0000, 0x0000, 0x0000, 0x0000, 0x0000, 0x0000, 0x0000, 0x0000, 0x0000, 0x0000, 0x0000, 0x0000, 0x0000, 0x0000, 0x0000, 0x0000, 0x0000, 0x0000, 0x0000, 0x0000, 0x0000, 0x0000, 0x0000, 0x0000,
    0x0000, 0x0000, 0x0000, 0x0000, 0x0000, 0x0000, 0x0000, 0x0000, 0x0000, 0x0000, 0x0000, 0x0000, 0x0000, 0x0000, 0x0000, 0x0000, 0x0000, 0x0000, 0x0000, 0x0000, 0x0000, 0x0000, 0x0000, 0x0000, 0x0000, 0x0000, 0x0000, 0x0000, 0x0000, 0x0000, 0x0000, 0x0000,
    0x0000, 0x0000, 0x0000, 0x0000, 0x0000, 0x0000, 0x0000, 0x0000, 0x0000, 0x0000, 0x0000, 0x0000, 0x0000, 0x0000, 0x0000, 0x0000, 0x0000, 0x0000, 0x0000, 0x0000, 0x0000, 0x0000, 0x0000, 0x0000, 0x0000, 0x0000, 0x0000, 0x0000, 0x0000, 0x0000, 0x0000, 0x0000,
    0x0000, 0x0000, 0x0000, 0x0000, 0x0000, 0x0000, 0x0000, 0x0000, 0x0000, 0x0000, 0x0000, 0x0000, 0x0000, 0x0000, 0x0000, 0x0000, 0x0000, 0x0000, 0x0000, 0x0000, 0x0000, 0x0000, 0x0000, 0x0000, 0x0000, 0x0000, 0x0000, 0x0000, 0x0000, 0x0000, 0x0000, 0x0000,
    0x0000, 0x0000, 0x0000, 0x0000, 0x0000, 0x0000, 0x0000, 0x0000, 0x0000, 0x0000, 0x0000, 0x0000, 0x0000, 0x0000, 0x0000, 0x0000, 0x0000, 0x0000, 0x0000, 0x0000, 0x0000, 0x0000, 0x0000, 0x0000, 0x0000, 0x0000, 0x0000, 0x0000, 0x0000, 0x0000, 0x0000, 0x0000,
    0x0000, 0x0000, 0x0000, 0x0000, 0x0000, 0x0000, 0x0000, 0x0000, 0x0000, 0x0000, 0x0000, 0x0000, 0x0000, 0x0000, 0x0000, 0x0000, 0x8421, 0x0000, 0x0000, 0x0000, 0x0000, 0x0000, 0x0000, 0x0000, 0x0000, 0x0000, 0x0000, 0x0000, 0x0000, 0x0000, 0x0000, 0x0000,
    0x0000, 0x0000, 0x0000, 0x0000, 0x0000, 0x0000, 0x0000, 0x895E, 0x0000, 0x0000, 0x0000, 0x0000, 0x8421, 0x8421, 0x8421, 0x8421, 0x8421, 0x8421, 0x8421, 0x8421, 0x8421, 0x0000, 0x0000, 0x0000, 0x0000, 0x0000, 0x0000, 0x0000, 0x0000, 0x0000, 0x0000, 0x0000,
    0x0000, 0x0000, 0x0000, 0x0000, 0x0000, 0x0000, 0x0000, 0x0000, 0x0000, 0xFBFF, 0x8421, 0x9F3E, 0x9F3E, 0x8DF5, 0x9F3E, 0x9F3E, 0x9F3E, 0x8421, 0x98DD, 0x98DD, 0x8421, 0x8421, 0x0000, 0x0000, 0x0000, 0x0000, 0x0000, 0x0000, 0x0000, 0x0000, 0x0000, 0x0000,
    0x0000, 0x0000, 0x0000, 0x0000, 0x0000, 0x0000, 0x0000, 0x0000, 0x9F3E, 0x0000, 0x8421, 0x8421, 0x8421, 0x8421, 0x8421, 0x8421, 0x8421, 0x8421, 0x8421, 0x8421, 0x8421, 0x8421, 0x8421, 0x8421, 0x8421, 0x0000, 0x0000, 0x0000, 0x0000, 0x0000, 0x0000, 0x0000,
    0x0000, 0x0000, 0x0000, 0x0000, 0x0000, 0x0000, 0x0000, 0x0000, 0x0000, 0x8421, 0x8421, 0x9063, 0x9063, 0x9063, 0xF77A, 0xF77A, 0xF77A, 0xF77A, 0xF77A, 0xF77A, 0xF77A, 0xF77A, 0xCA0F, 0x8421, 0x8421, 0x0000, 0x0000, 0x0000, 0x0000, 0x0000, 0x0000, 0x0000,
    0x0000, 0x0000, 0x0000, 0x0000, 0x0000, 0x0000, 0x0000, 0x0000, 0x8421, 0x8421, 0x8421, 0x9063, 0x9063, 0x9063, 0xCA0F, 0xCA0F, 0xCA0F, 0xCA0F, 0xCA0F, 0xCA0F, 0xCA0F, 0xCA0F, 0x8421, 0x8421, 0x8421, 0x0000, 0x0000, 0x0000, 0x0000, 0x0000, 0x0000, 0x0000,
    0x0000, 0x0000, 0x0000, 0x0000, 0x0000, 0x0000, 0x0000, 0x0000, 0x8421, 0x98DD, 0x8421, 0x9063, 0x9063, 0x9063, 0xA908, 0xA908, 0xA908, 0xA908, 0xA908, 0xA908, 0xA908, 0xA908, 0xA908, 0x8421, 0x8421, 0x0000, 0x0000, 0x0000, 0x0000, 0x0000, 0x0000, 0x0000,
    0x0000, 0x0000, 0x0000, 0x0000, 0x0000, 0x0000, 0x0000, 0x0000, 0x8421, 0x8F5E, 0x8421, 0x8421, 0x8421, 0x8421, 0x8421, 0x8421, 0x8421, 0x8421, 0x8421, 0x8421, 0x8421, 0x8421, 0x8421, 0x8421, 0x8421, 0x0000, 0x0000, 0x0000, 0x0000, 0x0000, 0x0000, 0x0000,
    0x0000, 0x0000, 0x0000, 0x0000, 0x0000, 0x0000, 0x0000, 0x0000, 0x8421, 0x98DD, 0x98DD, 0xCA0F, 0xCA0F, 0xCA0F, 0x9F3E, 0x9F3E, 0x9F3E, 0x8DF5, 0x8DF5, 0x9063, 0x9063, 0x9063, 0x882C, 0x8F5E, 0x8421, 0x0000, 0x0000, 0x0000, 0x0000, 0x0000, 0x0000, 0x0000,
    0x0000, 0x0000, 0x0000, 0x0000, 0x0000, 0x0000, 0x0000, 0x8421, 0x98DD, 0x98DD, 0xCA0F, 0xCA0F, 0xCA0F, 0x9F3E, 0x9F3E, 0x9F3E, 0x8DF5, 0x8DF5, 0x8DF5, 0x8DF5, 0x9063, 0x9063, 0x9063, 0x882C, 0x882C, 0x8421, 0x0000, 0x0000, 0x0000, 0x0000, 0x0000, 0x0000,
    0x0000, 0x0000, 0x0000, 0x0000, 0x0000, 0x0000, 0x0000, 0x0000, 0x8421, 0x8F5E, 0x98DD, 0xCA0F, 0xCA0F, 0xCA0F, 0x9F3E, 0x8DF5, 0x8DF5, 0x8DF5, 0x8DF5, 0x9063, 0x9063, 0x9063, 0x882C, 0x882C, 0x8421, 0x0000, 0x0000, 0x0000, 0x0000, 0x0000, 0x0000, 0x0000,
    0x0000, 0x0000, 0x0000, 0x0000, 0x0000, 0x0000, 0x0000, 0x0000, 0x8421, 0x98DD, 0x98DD, 0xCA0F, 0xCA0F, 0xA908, 0x8421, 0x8421, 0x8421, 0x8421, 0x8421, 0x8421, 0x8421, 0x8421, 0x8421, 0x8421, 0x8421, 0x8421, 0x8421, 0x8421, 0x0000, 0x0000, 0x0000, 0x0000,
    0x0000, 0x0000, 0x0000, 0x0000, 0x0000, 0x0000, 0x0000, 0x0000, 0x8421, 0x98DD, 0x8F5E, 0xCA0F, 0xA908, 0xA908, 0x8421, 0x9063, 0x9063, 0x9063, 0xF77A, 0xF77A, 0xF77A, 0xF77A, 0xF77A, 0xF77A, 0xF77A, 0xF77A, 0xCA0F, 0x8421, 0x0000, 0x0000, 0x0000, 0x0000,
    0x0000, 0x0000, 0x0000, 0x0000, 0x0000, 0x0000, 0x0000, 0x0000, 0x8421, 0x8421, 0x8C56, 0x8C56, 0xA908, 0xA908, 0x8421, 0x9063, 0x9063, 0x9063, 0xCA0F, 0xCA0F, 0xCA0F, 0xCA0F, 0xCA0F, 0xCA0F, 0xCA0F, 0xCA0F, 0x8421, 0x8421, 0x0000, 0x0000, 0x0000, 0x0000,
    0x0000, 0x0000, 0x0000, 0x0000, 0x0000, 0x0000, 0x0000, 0x0000, 0x0000, 0x8421, 0x8C56, 0x8C56, 0x8C56, 0x9063, 0x8421, 0x9063, 0x9063, 0x9063, 0xA908, 0xA908, 0xA908, 0xA908, 0xA908, 0xA908, 0xA908, 0xA908, 0xA908, 0x8421, 0x0000, 0x0000, 0x0000, 0x0000,
    0x0000, 0x0000, 0x0000, 0x0000, 0x0000, 0x0000, 0x0000, 0x0000, 0x0000, 0x0000, 0x8421, 0x8C56, 0x8C56, 0x8F5E, 0x8421, 0x8421, 0x8421, 0x8421, 0x8421, 0x8421, 0x8421, 0x8421, 0x8421, 0x8421, 0x8421, 0x8421, 0x8421, 0x8421, 0x0000, 0x0000, 0x0000, 0x0000,
    0x0000, 0x0000, 0x0000, 0x0000, 0x0000, 0x0000, 0x0000, 0x0000, 0x0000, 0x0000, 0x0000, 0x8421, 0x8421, 0x882C, 0x882C, 0x8F5E, 0x882C, 0x882C, 0x8F5E, 0x882C, 0x8421, 0x8421, 0x0000, 0x0000, 0x0000, 0x0000, 0x0000, 0x0000, 0x0000, 0x0000, 0x0000, 0x0000,
    0x0000, 0x0000, 0x0000, 0x0000, 0x0000, 0x0000, 0x0000, 0x0000, 0x0000, 0x0000, 0x0000, 0x0000, 0x8421, 0x8421, 0x8421, 0x8421, 0x882C, 0x8421, 0x8421, 0x8421, 0x8421, 0x0000, 0x0000, 0x0000, 0x0000, 0x0000, 0x0000, 0x0000, 0x0000, 0x0000, 0x0000, 0x0000,
    0x0000, 0x0000, 0x0000, 0x0000, 0x0000, 0x0000, 0x0000, 0x0000, 0x0000, 0x0000, 0x0000, 0x0000, 0x0000, 0x0000, 0x0000, 0x0000, 0x8421, 0x0000, 0x0000, 0x0000, 0x0000, 0x0000, 0x0000, 0x0000, 0x0000, 0x0000, 0x0000, 0x0000, 0x0000, 0x0000, 0x0000, 0x0000,
    0x0000, 0x0000, 0x0000, 0x0000, 0x0000, 0x0000, 0x0000, 0x0000, 0x0000, 0x0000, 0x0000, 0x0000, 0x0000, 0x0000, 0x0000, 0x0000, 0x0000, 0x0000, 0x0000, 0x0000, 0x0000, 0x0000, 0x0000, 0x0000, 0x0000, 0x0000, 0x0000, 0x0000, 0x0000, 0x0000, 0x0000, 0x0000,
    0x0000, 0x0000, 0x0000, 0x0000, 0x0000, 0x0000, 0x0000, 0x0000, 0x0000, 0x0000, 0x0000, 0x0000, 0x0000, 0x0000, 0x0000, 0x0000, 0x0000, 0x0000, 0x0000, 0x0000, 0x0000, 0x0000, 0x0000, 0x0000, 0x0000, 0x0000, 0x0000, 0x0000, 0x0000, 0x0000, 0x0000, 0x0000,
    0x0000, 0x0000, 0x0000, 0x0000, 0x0000, 0x0000, 0x0000, 0x0000, 0x0000, 0x0000, 0x0000, 0x0000, 0x0000, 0x0000, 0x0000, 0x0000, 0x0000, 0x0000, 0x0000, 0x0000, 0x0000, 0x0000, 0x0000, 0x0000, 0x0000, 0x0000, 0x0000, 0x0000, 0x0000, 0x0000, 0x0000, 0x0000,
    0x0000, 0x0000, 0x0000, 0x0000, 0x0000, 0x0000, 0x0000, 0x0000, 0x0000, 0x0000, 0x0000, 0x0000, 0x0000, 0x0000, 0x0000, 0x0000, 0x0000, 0x0000, 0x0000, 0x0000, 0x0000, 0x0000, 0x0000, 0x0000, 0x0000, 0x0000, 0x0000, 0x0000, 0x0000, 0x0000, 0x0000, 0x0000,
    0x0000, 0x0000, 0x0000, 0x0000, 0x0000, 0x0000, 0x0000, 0x0000, 0x0000, 0x0000, 0x0000, 0x0000, 0x0000, 0x0000, 0x0000, 0x0000, 0x0000, 0x0000, 0x0000, 0x0000, 0x0000, 0x0000, 0x0000, 0x0000, 0x0000, 0x0000, 0x0000, 0x0000, 0x0000, 0x0000, 0x0000, 0x0000,
    0x0000, 0x0000, 0x0000, 0x0000, 0x0000, 0x0000, 0x0000, 0x0000, 0x0000, 0x0000, 0x0000, 0x0000, 0x0000, 0x0000, 0x0000, 0x0000, 0x0000, 0x0000, 0x0000, 0x0000, 0x0000, 0x0000, 0x0000, 0x0000, 0x0000, 0x0000, 0x0000, 0x0000, 0x0000, 0x0000, 0x0000, 0x0000
  },
  // Frame 2
  {
    0x0000, 0x0000, 0x0000, 0x0000, 0x0000, 0x0000, 0x0000, 0x0000, 0x0000, 0x0000, 0x0000, 0x0000, 0x0000, 0x0000, 0x0000, 0x0000, 0x0000, 0x0000, 0x0000, 0x0000, 0x0000, 0x0000, 0x0000, 0x0000, 0x0000, 0x0000, 0x0000, 0x0000, 0x0000, 0x0000, 0x0000, 0x0000,
    0x0000, 0x0000, 0x0000, 0x0000, 0x0000, 0x0000, 0x0000, 0x0000, 0x0000, 0x0000, 0x0000, 0x0000, 0x0000, 0x0000, 0x0000, 0x0000, 0x0000, 0x0000, 0x0000, 0x0000, 0x0000, 0x0000, 0x0000, 0x0000, 0x0000, 0x0000, 0x0000, 0x0000, 0x0000, 0x0000, 0x0000, 0x0000,
    0x0000, 0x0000, 0x0000, 0x0000, 0x0000, 0x0000, 0x0000, 0x0000, 0x0000, 0x0000, 0x0000, 0x0000, 0x0000, 0x0000, 0x0000, 0x0000, 0x0000, 0x0000, 0x0000, 0x0000, 0x0000, 0x0000, 0x0000, 0x0000, 0x0000, 0x0000, 0x0000, 0x0000, 0x0000, 0x0000, 0x0000, 0x0000,
    0x0000, 0x0000, 0x0000, 0x0000, 0x0000, 0x0000, 0x0000, 0x0000, 0x0000, 0x0000, 0x0000, 0x0000, 0x0000, 0x0000, 0x0000, 0x0000, 0x0000, 0x0000, 0x0000, 0x0000, 0x0000, 0x0000, 0x0000, 0x0000, 0x0000, 0x0000, 0x0000, 0x0000, 0x0000, 0x0000, 0x0000, 0x0000,
    0x0000, 0x0000, 0x0000, 0x0000, 0x0000, 0x0000, 0x0000, 0x0000, 0x0000, 0x0000, 0x0000, 0x0000, 0x0000, 0x0000, 0x0000, 0x0000, 0x0000, 0x0000, 0x0000, 0x0000, 0x0000, 0x0000, 0x0000, 0x0000, 0x0000, 0x0000, 0x0000, 0x0000, 0x0000, 0x0000, 0x0000, 0x0000,
    0x0000, 0x0000, 0x0000, 0x0000, 0x0000, 0x0000, 0x0000, 0x0000, 0x0000, 0x0000, 0x0000, 0x0000, 0x0000, 0x0000, 0x0000, 0x0000, 0x0000, 0x0000, 0x0000, 0x0000, 0x0000, 0x0000, 0x0000, 0x0000, 0x0000, 0x0000, 0x0000, 0x0000, 0x0000, 0x0000, 0x0000, 0x0000,
    0x0000, 0x0000, 0x0000, 0x0000, 0x0000, 0x0000, 0x0000, 0x0000, 0x0000, 0x0000, 0x0000, 0x0000, 0x0000, 0x0000, 0x0000, 0x0000, 0x0000, 0x0000, 0x0000, 0x0000, 0x0000, 0x0000, 0x0000, 0x0000, 0x0000, 0x0000, 0x0000, 0x0000, 0x0000, 0x0000, 0x0000, 0x0000,
    0x0000, 0x0000, 0x0000, 0x0000, 0x0000, 0x0000, 0x0000, 0x0000, 0x0000, 0x0000, 0x0000, 0x0000, 0x0000, 0x0000, 0x0000, 0x0000, 0x8421, 0x0000, 0x0000, 0x0000, 0x0000, 0x0000, 0x0000, 0x0000, 0x0000, 0x0000, 0x0000, 0x0000, 0x0000, 0x0000, 0x0000, 0x0000,
    0x0000, 0x0000, 0x0000, 0x0000, 0x0000, 0x0000, 0x895E, 0x0000, 0x0000, 0x0000, 0x0000, 0x0000, 0x8421, 0x8421, 0x8421, 0x8421, 0x8421, 0x8421, 0x8421, 0x8421, 0x8421, 0x0000, 0x0000, 0x0000, 0x0000, 0x0000, 0x0000, 0x0000, 0x0000, 0x0000, 0x0000, 0x0000,
    0x0000, 0x0000, 0x0000, 0x0000, 0x0000, 0x0000, 0x0000, 0x0000, 0x0000, 0x0000, 0x8421, 0x9F3E, 0x9F3E, 0x8DF5, 0x9F3E, 0x9F3E, 0x9F3E, 0x8421, 0x98DD, 0x98DD, 0x8421, 0x8421, 0x0000, 0x0000, 0x0000, 0x0000, 0x0000, 0x0000, 0x0000, 0x0000, 0x0000, 0x0000,
    0x0000, 0x0000, 0x0000, 0x0000, 0x0000, 0x0000, 0x0000, 0x0000, 0x0000, 0x0000, 0x8421, 0x8421, 0x8421, 0x8421, 0x8421, 0x8421, 0x8421, 0x8421, 0x8421, 0x8421, 0x8421, 0x8421, 0x8421, 0x8421, 0x8421, 0x0000, 0x0000, 0x0000, 0x0000, 0x0000, 0x0000, 0x0000,
    0x0000, 0x0000, 0x0000, 0x0000, 0x0000, 0x0000, 0x0000, 0x0000, 0x0000, 0x8421, 0x8421, 0x9063, 0x9063, 0x9063, 0xF77A, 0xF77A, 0xF77A, 0xF77A, 0xF77A, 0xF77A, 0xF77A, 0xF77A, 0xCA0F, 0x8421, 0x8421, 0x0000, 0x0000, 0x0000, 0x0000, 0x0000, 0x0000, 0x0000,
    0x0000, 0x0000, 0x0000, 0x0000, 0x0000, 0x0000, 0x0000, 0x0000, 0x8421, 0x8421, 0x8421, 0x9063, 0x9063, 0x9063, 0xCA0F, 0xCA0F, 0xCA0F, 0xCA0F, 0xCA0F, 0xCA0F, 0xCA0F, 0xCA0F, 0x8421, 0x8421, 0x8421, 0x0000, 0x0000, 0x0000, 0x0000, 0x0000, 0x0000, 0x0000,
    0x0000, 0x0000, 0x0000, 0x0000, 0x0000, 0x0000, 0x0000, 0x0000, 0x8421, 0x98DD, 0x8421, 0x9063, 0x9063, 0x9063, 0xA908, 0xA908, 0xA908, 0xA908, 0xA908, 0xA908, 0xA908, 0xA908, 0xA908, 0x8421, 0x8421, 0x0000, 0x0000, 0x0000, 0x0000, 0x0000, 0x0000, 0x0000,
    0x0000, 0x0000, 0x0000, 0x0000, 0x0000, 0x0000, 0x0000, 0x0000, 0x8421, 0x8F5E, 0x8421, 0x8421, 0x8421, 0x8421, 0x8421, 0x8421, 0x8421, 0x8421, 0x8421, 0x8421, 0x8421, 0x8421, 0x8421, 0x8421, 0x8421, 0x0000, 0x0000, 0x0000, 0x0000, 0x0000, 0x0000, 0x0000,
    0x0000, 0x0000, 0x0000, 0x0000, 0x0000, 0x0000, 0x0000, 0x0000, 0x8421, 0x98DD, 0x98DD, 0xCA0F, 0xCA0F, 0xCA0F, 0x9F3E, 0x9F3E, 0x9F3E, 0x8DF5, 0x8DF5, 0x9063, 0x9063, 0x9063, 0x882C, 0x8F5E, 0x8421, 0x0000, 0x0000, 0x0000, 0x0000, 0x0000, 0x0000, 0x0000,
    0x0000, 0x0000, 0x0000, 0x0000, 0x0000, 0x0000, 0x0000, 0x8421, 0x98DD, 0x98DD, 0xCA0F, 0xCA0F, 0xCA0F, 0x9F3E, 0x9F3E, 0x9F3E, 0x8DF5, 0x8DF5, 0x8DF5, 0x8DF5, 0x9063, 0x9063, 0x9063, 0x882C, 0x882C, 0x8421, 0x0000, 0x0000, 0x0000, 0x0000, 0x0000, 0x0000,
    0x0000, 0x0000, 0x0000, 0x0000, 0x0000, 0x0000, 0x0000, 0x0000, 0x8421, 0x8F5E, 0x98DD, 0xCA0F, 0xCA0F, 0xCA0F, 0x9F3E, 0x8DF5, 0x8DF5, 0x8DF5, 0x8DF5, 0x9063, 0x9063, 0x9063, 0x882C, 0x882C, 0x8421, 0x0000, 0x0000, 0x0000, 0x0000, 0x0000, 0x0000, 0x0000,
    0x0000, 0x0000, 0x0000, 0x0000, 0x0000, 0x0000, 0x0000, 0x0000, 0x8421, 0x98DD, 0x98DD, 0xCA0F, 0xCA0F, 0xA908, 0x8421, 0x8421, 0x8421, 0x8421, 0x8421, 0x8421, 0x8421, 0x8421, 0x8421, 0x8421, 0x8421, 0x8421, 0x8421, 0x8421, 0x0000, 0x0000, 0x0000, 0x0000,
    0x0000, 0x0000, 0x0000, 0x0000, 0x0000, 0x0000, 0x0000, 0x0000, 0x8421, 0x98DD, 0x8F5E, 0xCA0F, 0xA908, 0xA908, 0x8421, 0x9063, 0x9063, 0x9063, 0xF77A, 0xF77A, 0xF77A, 0xF77A, 0xF77A, 0xF77A, 0xF77A, 0xF77A, 0xCA0F, 0x8421, 0x0000, 0x0000, 0x0000, 0x0000,
    0x0000, 0x0000, 0x0000, 0x0000, 0x0000, 0x0000, 0x0000, 0x0000, 0x8421, 0x8421, 0x8C56, 0x8C56, 0xA908, 0xA908, 0x8421, 0x9063, 0x9063, 0x9063, 0xCA0F, 0xCA0F, 0xCA0F, 0xCA0F, 0xCA0F, 0xCA0F, 0xCA0F, 0xCA0F, 0x8421, 0x8421, 0x0000, 0x0000, 0x0000, 0x0000,
    0x0000, 0x0000, 0x0000, 0x0000, 0x0000, 0x0000, 0x0000, 0x0000, 0x0000, 0x8421, 0x8C56, 0x8C56, 0x8C56, 0x9063, 0x8421, 0x9063, 0x9063, 0x9063, 0xA908, 0xA908, 0xA908, 0xA908, 0xA908, 0xA908, 0xA908, 0xA908, 0xA908, 0x8421, 0x0000, 0x0000, 0x0000, 0x0000,
    0x0000, 0x0000, 0x0000, 0x0000, 0x0000, 0x0000, 0x0000, 0x0000, 0x0000, 0x0000, 0x8421, 0x8C56, 0x8C56, 0x8F5E, 0x8421, 0x8421, 0x8421, 0x8421, 0x8421, 0x8421, 0x8421, 0x8421, 0x8421, 0x8421, 0x8421, 0x8421, 0x8421, 0x8421, 0x0000, 0x0000, 0x0000, 0x0000,
    0x0000, 0x0000, 0x0000, 0x0000, 0x0000, 0x0000, 0x0000, 0x0000, 0x0000, 0x0000, 0x0000, 0x8421, 0x8421, 0x882C, 0x882C, 0x8F5E, 0x882C, 0x882C, 0x8F5E, 0x882C, 0x8421, 0x8421, 0x0000, 0x0000, 0x0000, 0x0000, 0x0000, 0x0000, 0x0000, 0x0000, 0x0000, 0x0000,
    0x0000, 0x0000, 0x0000, 0x0000, 0x0000, 0x0000, 0x0000, 0x0000, 0x0000, 0x0000, 0x0000, 0x0000, 0x8421, 0x8421, 0x8421, 0x8421, 0x882C, 0x8421, 0x8421, 0x8421, 0x8421, 0x0000, 0x0000, 0x0000, 0x0000, 0x0000, 0x0000, 0x0000, 0x0000, 0x0000, 0x0000, 0x0000,
    0x0000, 0x0000, 0x0000, 0x0000, 0x0000, 0x0000, 0x0000, 0x0000, 0x0000, 0x0000, 0x0000, 0x0000, 0x0000, 0x0000, 0x0000, 0x0000, 0x8421, 0x0000, 0x0000, 0x0000, 0x0000, 0x0000, 0x0000, 0x0000, 0x0000, 0x0000, 0x0000, 0x0000, 0x0000, 0x0000, 0x0000, 0x0000,
    0x0000, 0x0000, 0x0000, 0x0000, 0x0000, 0x0000, 0x0000, 0x0000, 0x0000, 0x0000, 0x0000, 0x0000, 0x0000, 0x0000, 0x0000, 0x0000, 0x0000, 0x0000, 0x0000, 0x0000, 0x0000, 0x0000, 0x0000, 0x0000, 0x0000, 0x0000, 0x0000, 0x0000, 0x0000, 0x0000, 0x0000, 0x0000,
    0x0000, 0x0000, 0x0000, 0x0000, 0x0000, 0x0000, 0x0000, 0x0000, 0x0000, 0x0000, 0x0000, 0x0000, 0x0000, 0x0000, 0x0000, 0x0000, 0x0000, 0x0000, 0x0000, 0x0000, 0x0000, 0x0000, 0x0000, 0x0000, 0x0000, 0x0000, 0x0000, 0x0000, 0x0000, 0x0000, 0x0000, 0x0000,
    0x0000, 0x0000, 0x0000, 0x0000, 0x0000, 0x0000, 0x0000, 0x0000, 0x0000, 0x0000, 0x0000, 0x0000, 0x0000, 0x0000, 0x0000, 0x0000, 0x0000, 0x0000, 0x0000, 0x0000, 0x0000, 0x0000, 0x0000, 0x0000, 0x0000, 0x0000, 0x0000, 0x0000, 0x0000, 0x0000, 0x0000, 0x0000,
    0x0000, 0x0000, 0x0000, 0x0000, 0x0000, 0x0000, 0x0000, 0x0000, 0x0000, 0x0000, 0x0000, 0x0000, 0x0000, 0x0000, 0x0000, 0x0000, 0x0000, 0x0000, 0x0000, 0x0000, 0x0000, 0x0000, 0x0000, 0x0000, 0x0000, 0x0000, 0x0000, 0x0000, 0x0000, 0x0000, 0x0000, 0x0000,
    0x0000, 0x0000, 0x0000, 0x0000, 0x0000, 0x0000, 0x0000, 0x0000, 0x0000, 0x0000, 0x0000, 0x0000, 0x0000, 0x0000, 0x0000, 0x0000, 0x0000, 0x0000, 0x0000, 0x0000, 0x0000, 0x0000, 0x0000, 0x0000, 0x0000, 0x0000, 0x0000, 0x0000, 0x0000, 0x0000, 0x0000, 0x0000,
    0x0000, 0x0000, 0x0000, 0x0000, 0x0000, 0x0000, 0x0000, 0x0000, 0x0000, 0x0000, 0x0000, 0x0000, 0x0000, 0x0000, 0x0000, 0x0000, 0x0000, 0x0000, 0x0000, 0x0000, 0x0000, 0x0000, 0x0000, 0x0000, 0x0000, 0x0000, 0x0000, 0x0000, 0x0000, 0x0000, 0x0000, 0x0000
  },
  // Frame 3
  {
    0x0000, 0x0000, 0x0000, 0x0000, 0x0000, 0x0000, 0x0000, 0x0000, 0x0000, 0x0000, 0x0000, 0x0000, 0x0000, 0x0000, 0x0000, 0x0000, 0x0000, 0x0000, 0x0000, 0x0000, 0x0000, 0x0000, 0x0000, 0x0000, 0x0000, 0x0000, 0x0000, 0x0000, 0x0000, 0x0000, 0x0000, 0x0000,
    0x0000, 0x0000, 0x0000, 0x0000, 0x0000, 0x0000, 0x0000, 0x0000, 0x0000, 0x0000, 0x0000, 0x0000, 0x0000, 0x0000, 0x0000, 0x0000, 0x0000, 0x0000, 0x0000, 0x0000, 0x0000, 0x0000, 0x0000, 0x0000, 0x0000, 0x0000, 0x0000, 0x0000, 0x0000, 0x0000, 0x0000, 0x0000,
    0x0000, 0x0000, 0x0000, 0x0000, 0x0000, 0x0000, 0x0000, 0x0000, 0x0000, 0x0000, 0x0000, 0x0000, 0x0000, 0x0000, 0x0000, 0x0000, 0x0000, 0x0000, 0x0000, 0x0000, 0x0000, 0x0000, 0x0000, 0x0000, 0x0000, 0x0000, 0x0000, 0x0000, 0x0000, 0x0000, 0x0000, 0x0000,
    0x0000, 0x0000, 0x0000, 0x0000, 0x0000, 0x0000, 0x0000, 0x0000, 0x0000, 0x0000, 0x0000, 0x0000, 0x0000, 0x0000, 0x0000, 0x0000, 0x0000, 0x0000, 0x0000, 0x0000, 0x0000, 0x0000, 0x0000, 0x0000, 0x0000, 0x0000, 0x0000, 0x0000, 0x0000, 0x0000, 0x0000, 0x0000,
    0x0000, 0x0000, 0x0000, 0x0000, 0x0000, 0x0000, 0x0000, 0x0000, 0x0000, 0x0000, 0x0000, 0x0000, 0x0000, 0x0000, 0x0000, 0x0000, 0x0000, 0x0000, 0x0000, 0x0000, 0x0000, 0x0000, 0x0000, 0x0000, 0x0000, 0x0000, 0x0000, 0x0000, 0x0000, 0x0000, 0x0000, 0x0000,
    0x0000, 0x0000, 0x0000, 0x0000, 0x0000, 0x0000, 0x0000, 0x0000, 0x0000, 0x0000, 0x0000, 0x0000, 0x0000, 0x0000, 0x0000, 0x0000, 0x0000, 0x0000, 0x0000, 0x0000, 0x0000, 0x0000, 0x0000, 0x0000, 0x0000, 0x0000, 0x0000, 0x0000, 0x0000, 0x0000, 0x0000, 0x0000,
    0x0000, 0x0000, 0x0000, 0x0000, 0x0000, 0x0000, 0x0000, 0x0000, 0x0000, 0x0000, 0x0000, 0x0000, 0x0000, 0x0000, 0x0000, 0x0000, 0x0000, 0x0000, 0x0000, 0x0000, 0x0000, 0x0000, 0x0000, 0x0000, 0x0000, 0x0000, 0x0000, 0x0000, 0x0000, 0x0000, 0x0000, 0x0000,
    0x0000, 0x0000, 0x0000, 0x0000, 0x0000, 0x0000, 0x0000, 0x0000, 0x0000, 0x0000, 0x0000, 0x0000, 0x0000, 0x0000, 0x0000, 0x0000, 0x8421, 0x0000, 0x0000, 0x0000, 0x0000, 0x0000, 0x0000, 0x0000, 0x0000, 0x0000, 0x0000, 0x0000, 0x0000, 0x0000, 0x0000, 0x0000,
    0x0000, 0x0000, 0x0000, 0x0000, 0x0000, 0x0000, 0x0000, 0x0000, 0x0000, 0x0000, 0x0000, 0x0000, 0x8421, 0x8421, 0x8421, 0x8421, 0x8421, 0x8421, 0x8421, 0x8421, 0x8421, 0x0000, 0x0000, 0x0000, 0x0000, 0x0000, 0x0000, 0x0000, 0x0000, 0x0000, 0x0000, 0x0000,
    0x0000, 0x0000, 0x0000, 0x0000, 0x0000, 0x0000, 0x0000, 0x0000, 0x0000, 0x0000, 0x8421, 0x9F3E, 0x9F3E, 0x8DF5, 0x9F3E, 0x9F3E, 0x9F3E, 0x8421, 0x98DD, 0x98DD, 0x8421, 0x8421, 0x0000, 0x0000, 0x0000, 0x0000, 0x0000, 0x0000, 0x0000, 0x0000, 0x0000, 0x0000,
    0x0000, 0x0000, 0x0000, 0x0000, 0x0000, 0x0000, 0x0000, 0x0000, 0x0000, 0x0000, 0x8421, 0x9F3E, 0x8421, 0x8421, 0x8421, 0x8421, 0x8421, 0x8421, 0x8421, 0x8421, 0x8421, 0x8421, 0x8421, 0x8421, 0x8421, 0x8421, 0x0000, 0x0000, 0x0000, 0x0000, 0x0000, 0x0000,
    0x0000, 0x0000, 0x0000, 0x0000, 0x0000, 0x0000, 0x0000, 0x0000, 0x0000, 0x8421, 0x98DD, 0x98DD, 0x8421, 0x9063, 0x9063, 0x9063, 0xF77A, 0xF77A, 0xF77A, 0xF77A, 0xF77A, 0xF77A, 0xF77A, 0xF77A, 0xCA0F, 0x8421, 0x0000, 0x0000, 0x0000, 0x0000, 0x0000, 0x0000,
    0x0000, 0x0000, 0x0000, 0x0000, 0x0000, 0x0000, 0x0000, 0x0000, 0x8421, 0x8421, 0x98DD, 0x98DD, 0x8421, 0x9063, 0x9063, 0x9063, 0xCA0F, 0xCA0F, 0xCA0F, 0xCA0F, 0xCA0F, 0xCA0F, 0xCA0F, 0xCA0F, 0x8421, 0x8421, 0x0000, 0x0000, 0x0000, 0x0000, 0x0000, 0x0000,
    0x0000, 0x0000, 0x0000, 0x0000, 0x0000, 0x0000, 0x0000, 0x0000, 0x8421, 0x98DD, 0x8F5E, 0xCA0F, 0x8421, 0x9063, 0x9063, 0x9063, 0xA908, 0xA908, 0xA908, 0xA908, 0xA908, 0xA908, 0xA908, 0xA908, 0xA908, 0x8421, 0x0000, 0x0000, 0x0000, 0x0000, 0x0000, 0x0000,
    0x0000, 0x0000, 0x0000, 0x0000, 0x0000, 0x0000, 0x0000, 0x0000, 0x8421, 0x8F5E, 0x98DD, 0xCA0F, 0x8421, 0x8421, 0x8421, 0x8421, 0x8421, 0x8421, 0x8421, 0x8421, 0x8421, 0x8421, 0x8421, 0x8421, 0x8421, 0x8421, 0x0000, 0x0000, 0x0000, 0x0000, 0x0000, 0x0000,
    0x0000, 0x0000, 0x0000, 0x0000, 0x0000, 0x0000, 0x0000, 0x0000, 0x8421, 0x98DD, 0x98DD, 0xCA0F, 0xCA0F, 0xCA0F, 0x9F3E, 0x9F3E, 0x9F3E, 0x8DF5, 0x8DF5, 0x9063, 0x9063, 0x9063, 0x882C, 0x8F5E, 0x8421, 0x0000, 0x0000, 0x0000, 0x0000, 0x0000, 0x0000, 0x0000,
    0x0000, 0x0000, 0x0000, 0x0000, 0x0000, 0x0000, 0x0000, 0x8421, 0x98DD, 0x98DD, 0xCA0F, 0xCA0F, 0xCA0F, 0x9F3E, 0x9F3E, 0x9F3E, 0x8DF5, 0x8DF5, 0x8DF5, 0x8DF5, 0x9063, 0x9063, 0x9063, 0x882C, 0x882C, 0x8421, 0x0000, 0x0000, 0x0000, 0x0000, 0x0000, 0x0000,
    0x0000, 0x0000, 0x0000, 0x0000, 0x0000, 0x0000, 0x0000, 0x0000, 0x8421, 0x8F5E, 0x98DD, 0xCA0F, 0xCA0F, 0xCA0F, 0x9F3E, 0x8DF5, 0x8DF5, 0x8DF5, 0x8DF5, 0x9063, 0x9063, 0x9063, 0x882C, 0x882C, 0x8421, 0x0000, 0x0000, 0x0000, 0x0000, 0x0000, 0x0000, 0x0000,
    0x0000, 0x0000, 0x0000, 0x0000, 0x0000, 0x0000, 0x0000, 0x0000, 0x8421, 0x98DD, 0x98DD, 0xCA0F, 0xCA0F, 0xA908, 0x8421, 0x8421, 0x8421, 0x8421, 0x8421, 0x8421, 0x8421, 0x8421, 0x8421, 0x8421, 0x8421, 0x8421, 0x8421, 0x8421, 0x0000, 0x0000, 0x0000, 0x0000,
    0x0000, 0x0000, 0x0000, 0x0000, 0x0000, 0x0000, 0x0000, 0x0000, 0x8421, 0x98DD, 0x8F5E, 0xCA0F, 0xA908, 0xA908, 0x8421, 0x9063, 0x9063, 0x9063, 0xF77A, 0xF77A, 0xF77A, 0xF77A, 0xF77A, 0xF77A, 0xF77A, 0xF77A, 0xCA0F, 0x8421, 0x0000, 0x0000, 0x0000, 0x0000,
    0x0000, 0x0000, 0x0000, 0x0000, 0x0000, 0x0000, 0x0000, 0x0000, 0x8421, 0x8421, 0x8C56, 0x8C56, 0xA908, 0xA908, 0x8421, 0x9063, 0x9063, 0x9063, 0xCA0F, 0xCA0F, 0xCA0F, 0xCA0F, 0xCA0F, 0xCA0F, 0xCA0F, 0xCA0F, 0x8421, 0x8421, 0x0000, 0x0000, 0x0000, 0x0000,
    0x0000, 0x0000, 0x0000, 0x0000, 0x0000, 0x0000, 0x0000, 0x0000, 0x0000, 0x8421, 0x8C56, 0x8C56, 0x8C56, 0x9063, 0x8421, 0x9063, 0x9063, 0x9063, 0xA908, 0xA908, 0xA908, 0xA908, 0xA908, 0xA908, 0xA908, 0xA908, 0xA908, 0x8421, 0x0000, 0x0000, 0x0000, 0x0000,
    0x0000, 0x0000, 0x0000, 0x0000, 0x0000, 0x0000, 0x0000, 0x0000, 0x0000, 0x0000, 0x8421, 0x8C56, 0x8C56, 0x8F5E, 0x8421, 0x8421, 0x8421, 0x8421, 0x8421, 0x8421, 0x8421, 0x8421, 0x8421, 0x8421, 0x8421, 0x8421, 0x8421, 0x8421, 0x0000, 0x0000, 0x0000, 0x0000,
    0x0000, 0x0000, 0x0000, 0x0000, 0x0000, 0x0000, 0x0000, 0x0000, 0x0000, 0x0000, 0x0000, 0x8421, 0x8421, 0x882C, 0x882C, 0x8F5E, 0x882C, 0x882C, 0x8F5E, 0x882C, 0x8421, 0x8421, 0x0000, 0x0000, 0x0000, 0x0000, 0x0000, 0x0000, 0x0000, 0x0000, 0x0000, 0x0000,
    0x0000, 0x0000, 0x0000, 0x0000, 0x0000, 0x0000, 0x0000, 0x0000, 0x0000, 0x0000, 0x0000, 0x0000, 0x8421, 0x8421, 0x8421, 0x8421, 0x882C, 0x8421, 0x8421, 0x8421, 0x8421, 0x0000, 0x0000, 0x0000, 0x0000, 0x0000, 0x0000, 0x0000, 0x0000, 0x0000, 0x0000, 0x0000,
    0x0000, 0x0000, 0x0000, 0x0000, 0x0000, 0x0000, 0x0000, 0x0000, 0x0000, 0x0000, 0x0000, 0x0000, 0x0000, 0x0000, 0x0000, 0x0000, 0x8421, 0x0000, 0x0000, 0x0000, 0x0000, 0x0000, 0x0000, 0x0000, 0x0000, 0x0000, 0x0000, 0x0000, 0x0000, 0x0000, 0x0000, 0x0000,
    0x0000, 0x0000, 0x0000, 0x0000, 0x0000, 0x0000, 0x0000, 0x0000, 0x0000, 0x0000, 0x0000, 0x0000, 0x0000, 0x0000, 0x0000, 0x0000, 0x0000, 0x0000, 0x0000, 0x0000, 0x0000, 0x0000, 0x0000, 0x0000, 0x0000, 0x0000, 0x0000, 0x0000, 0x0000, 0x0000, 0x0000, 0x0000,
    0x0000, 0x0000, 0x0000, 0x0000, 0x0000, 0x0000, 0x0000, 0x0000, 0x0000, 0x0000, 0x0000, 0x0000, 0x0000, 0x0000, 0x0000, 0x0000, 0x0000, 0x0000, 0x0000, 0x0000, 0x0000, 0x0000, 0x0000, 0x0000, 0x0000, 0x0000, 0x0000, 0x0000, 0x0000, 0x0000, 0x0000, 0x0000,
    0x0000, 0x0000, 0x0000, 0x0000, 0x0000, 0x0000, 0x0000, 0x0000, 0x0000, 0x0000, 0x0000, 0x0000, 0x0000, 0x0000, 0x0000, 0x0000, 0x0000, 0x0000, 0x0000, 0x0000, 0x0000, 0x0000, 0x0000, 0x0000, 0x0000, 0x0000, 0x0000, 0x0000, 0x0000, 0x0000, 0x0000, 0x0000,
    0x0000, 0x0000, 0x0000, 0x0000, 0x0000, 0x0000, 0x0000, 0x0000, 0x0000, 0x0000, 0x0000, 0x0000, 0x0000, 0x0000, 0x0000, 0x0000, 0x0000, 0x0000, 0x0000, 0x0000, 0x0000, 0x0000, 0x0000, 0x0000, 0x0000, 0x0000, 0x0000, 0x0000, 0x0000, 0x0000, 0x0000, 0x0000,
    0x0000, 0x0000, 0x0000, 0x0000, 0x0000, 0x0000, 0x0000, 0x0000, 0x0000, 0x0000, 0x0000, 0x0000, 0x0000, 0x0000, 0x0000, 0x0000, 0x0000, 0x0000, 0x0000, 0x0000, 0x0000, 0x0000, 0x0000, 0x0000, 0x0000, 0x0000, 0x0000, 0x0000, 0x0000, 0x0000, 0x0000, 0x0000,
    0x0000, 0x0000, 0x0000, 0x0000, 0x0000, 0x0000, 0x0000, 0x0000, 0x0000, 0x0000, 0x0000, 0x0000, 0x0000, 0x0000, 0x0000, 0x0000, 0x0000, 0x0000, 0x0000, 0x0000, 0x0000, 0x0000, 0x0000, 0x0000, 0x0000, 0x0000, 0x0000, 0x0000, 0x0000, 0x0000, 0x0000, 0x0000
  },
  // Frame 4
  {
    0x0000, 0x0000, 0x0000, 0x0000, 0x0000, 0x0000, 0x0000, 0x0000, 0x0000, 0x0000, 0x0000, 0x0000, 0x0000, 0x0000, 0x0000, 0x0000, 0x0000, 0x0000, 0x0000, 0x0000, 0x0000, 0x0000, 0x0000, 0x0000, 0x0000, 0x0000, 0x0000, 0x0000, 0x0000, 0x0000, 0x0000, 0x0000,
    0x0000, 0x0000, 0x0000, 0x0000, 0x0000, 0x0000, 0x0000, 0x0000, 0x0000, 0x0000, 0x0000, 0x0000, 0x0000, 0x0000, 0x0000, 0x0000, 0x0000, 0x0000, 0x0000, 0x0000, 0x0000, 0x0000, 0x0000, 0x0000, 0x0000, 0x0000, 0x0000, 0x0000, 0x0000, 0x0000, 0x0000, 0x0000,
    0x0000, 0x0000, 0x0000, 0x0000, 0x0000, 0x0000, 0x0000, 0x0000, 0x0000, 0x0000, 0x0000, 0x0000, 0x0000, 0x0000, 0x0000, 0x0000, 0x0000, 0x0000, 0x0000, 0x0000, 0x0000, 0x0000, 0x0000, 0x0000, 0x0000, 0x0000, 0x0000, 0x0000, 0x0000, 0x0000, 0x0000, 0x0000,
    0x0000, 0x0000, 0x0000, 0x0000, 0x0000, 0x0000, 0x0000, 0x0000, 0x0000, 0x0000, 0x0000, 0x0000, 0x0000, 0x0000, 0x0000, 0x0000, 0x0000, 0x0000, 0x0000, 0x0000, 0x0000, 0x0000, 0x0000, 0x0000, 0x0000, 0x0000, 0x0000, 0x0000, 0x0000, 0x0000, 0x0000, 0x0000,
    0x0000, 0x0000, 0x0000, 0x0000, 0x0000, 0x0000, 0x0000, 0x0000, 0x0000, 0x0000, 0x0000, 0x0000, 0x0000, 0x0000, 0x0000, 0x0000, 0x0000, 0x0000, 0x0000, 0x0000, 0x0000, 0x0000, 0x0000, 0x0000, 0x0000, 0x0000, 0x0000, 0x0000, 0x0000, 0x0000, 0x0000, 0x0000,
    0x0000, 0x0000, 0x0000, 0x0000, 0x0000, 0x0000, 0x0000, 0x0000, 0x0000, 0x0000, 0x0000, 0x0000, 0x0000, 0x0000, 0x0000, 0x0000, 0x0000, 0x0000, 0x0000, 0x0000, 0x0000, 0x0000, 0x0000, 0x0000, 0x0000, 0x0000, 0x0000, 0x0000, 0x0000, 0x0000, 0x0000, 0x0000,
    0x0000, 0x0000, 0x0000, 0x0000, 0x0000, 0x0000, 0x0000, 0x0000, 0x0000, 0x0000, 0x0000, 0x0000, 0x0000, 0x0000, 0x0000, 0x0000, 0x0000, 0x0000, 0x0000, 0x0000, 0x0000, 0x0000, 0x0000, 0x0000, 0x0000, 0x0000, 0x0000, 0x0000, 0x0000, 0x0000, 0x0000, 0x0000,
    0x0000, 0x0000, 0x0000, 0x0000, 0x0000, 0x0000, 0x0000, 0x0000, 0x0000, 0x0000, 0x0000, 0x0000, 0x0000, 0x0000, 0x0000, 0x0000, 0x8421, 0x0000, 0x0000, 0x0000, 0x0000, 0x0000, 0x0000, 0x0000, 0x0000, 0x0000, 0x0000, 0x0000, 0x0000, 0x0000, 0x0000, 0x0000,
    0x0000, 0x0000, 0x0000, 0x0000, 0x0000, 0x0000, 0x0000, 0x0000, 0x0000, 0x0000, 0x0000, 0x0000, 0x8421, 0x8421, 0x8421, 0x8421, 0x8421, 0x8421, 0x8421, 0x8421, 0x8421, 0x0000, 0x0000, 0x0000, 0x0000, 0x0000, 0x0000, 0x0000, 0x0000, 0x0000, 0x0000, 0x0000,
    0x0000, 0x0000, 0x0000, 0x0000, 0x0000, 0x0000, 0x0000, 0x0000, 0x0000, 0x0000, 0x8421, 0x9F3E, 0x9F3E, 0x8DF5, 0x9F3E, 0x9F3E, 0x9F3E, 0x8421, 0x98DD, 0x98DD, 0x8421, 0x8421, 0x0000, 0x0000, 0x0000, 0x0000, 0x0000, 0x0000, 0x0000, 0x0000, 0x0000, 0x0000,
    0x0000, 0x0000, 0x0000, 0x0000, 0x0000, 0x0000, 0x0000, 0x0000, 0x0000, 0x0000, 0x8421, 0x9F3E, 0x9F3E, 0x8421, 0x8421, 0x8421, 0x8421, 0x8421, 0x8421, 0x8421, 0x8421, 0x8421, 0x8421, 0x8421, 0x8421, 0x8421, 0x8421, 0x0000, 0x0000, 0x0000, 0x0000, 0x0000,
    0x0000, 0x0000, 0x0000, 0x0000, 0x0000, 0x0000, 0x0000, 0x0000, 0x0000, 0x8421, 0x98DD, 0x98DD, 0x98DD, 0x8421, 0x9063, 0x9063, 0x9063, 0xF77A, 0xF77A, 0xF77A, 0xF77A, 0xF77A, 0xF77A, 0xF77A, 0xF77A, 0xCA0F, 0x8421, 0x0000, 0x0000, 0x0000, 0x0000, 0x0000,
    0x0000, 0x0000, 0x0000, 0x0000, 0x0000, 0x0000, 0x0000, 0x0000, 0x8421, 0x8421, 0x98DD, 0x98DD, 0xCA0F, 0x8421, 0x9063, 0x9063, 0x9063, 0xCA0F, 0xCA0F, 0xCA0F, 0xCA0F, 0xCA0F, 0xCA0F, 0xCA0F, 0xCA0F, 0x8421, 0x8421, 0x0000, 0x0000, 0x0000, 0x0000, 0x0000,
    0x0000, 0x0000, 0x0000, 0x0000, 0x0000, 0x0000, 0x0000, 0x0000, 0x8421, 0x98DD, 0x8F5E, 0xCA0F, 0xCA0F, 0x8421, 0x9063, 0x9063, 0x9063, 0xA908, 0xA908, 0xA908, 0xA908, 0xA908, 0xA908, 0xA908, 0xA908, 0xA908, 0x8421, 0x0000, 0x0000, 0x0000, 0x0000, 0x0000,
    0x0000, 0x0000, 0x0000, 0x0000, 0x0000, 0x0000, 0x0000, 0x0000, 0x8421, 0x8F5E, 0x98DD, 0xCA0F, 0xCA0F, 0x8421, 0x8421, 0x8421, 0x8421, 0x8421, 0x8421, 0x8421, 0x8421, 0x8421, 0x8421, 0x8421, 0x8421, 0x8421, 0x8421, 0x0000, 0x0000, 0x0000, 0x0000, 0x0000,
    0x0000, 0x0000, 0x0000, 0x0000, 0x0000, 0x0000, 0x0000, 0x0000, 0x8421, 0x98DD, 0x98DD, 0xCA0F, 0xCA0F, 0xCA0F, 0x9F3E, 0x9F3E, 0x9F3E, 0x8DF5, 0x8DF5, 0x9063, 0x9063, 0x9063, 0x882C, 0x8F5E, 0x8421, 0x0000, 0x0000, 0x0000, 0x0000, 0x0000, 0x0000, 0x0000,
    0x0000, 0x0000, 0x0000, 0x0000, 0x0000, 0x0000, 0x0000, 0x8421, 0x98DD, 0x98DD, 0xCA0F, 0xCA0F, 0xCA0F, 0x9F3E, 0x9F3E, 0x9F3E, 0x8DF5, 0x8DF5, 0x8DF5, 0x8DF5, 0x9063, 0x9063, 0x9063, 0x882C, 0x882C, 0x8421, 0x0000, 0x0000, 0x0000, 0x0000, 0x0000, 0x0000,
    0x0000, 0x0000, 0x0000, 0x0000, 0x0000, 0x0000, 0x0000, 0x0000, 0x8421, 0x8F5E, 0x98DD, 0xCA0F, 0xCA0F, 0xCA0F, 0x9F3E, 0x8DF5, 0x8DF5, 0x8DF5, 0x8DF5, 0x9063, 0x9063, 0x9063, 0x882C, 0x882C, 0x8421, 0x0000, 0x0000, 0x0000, 0x0000, 0x0000, 0x0000, 0x0000,
    0x0000, 0x0000, 0x0000, 0x0000, 0x0000, 0x0000, 0x0000, 0x0000, 0x8421, 0x98DD, 0x98DD, 0xCA0F, 0xCA0F, 0xA908, 0x8421, 0x8421, 0x8421, 0x8421, 0x8421, 0x8421, 0x8421, 0x8421, 0x8421, 0x8421, 0x8421, 0x8421, 0x8421, 0x8421, 0x0000, 0x0000, 0x0000, 0x0000,
    0x0000, 0x0000, 0x0000, 0x0000, 0x0000, 0x0000, 0x0000, 0x0000, 0x8421, 0x98DD, 0x8F5E, 0xCA0F, 0xA908, 0xA908, 0x8421, 0x9063, 0x9063, 0x9063, 0xF77A, 0xF77A, 0xF77A, 0xF77A, 0xF77A, 0xF77A, 0xF77A, 0xF77A, 0xCA0F, 0x8421, 0x0000, 0x0000, 0x0000, 0x0000,
    0x0000, 0x0000, 0x0000, 0x0000, 0x0000, 0x0000, 0x0000, 0x0000, 0x8421, 0x8421, 0x8C56, 0x8C56, 0xA908, 0xA908, 0x8421, 0x9063, 0x9063, 0x9063, 0xCA0F, 0xCA0F, 0xCA0F, 0xCA0F, 0xCA0F, 0xCA0F, 0xCA0F, 0xCA0F, 0x8421, 0x8421, 0x0000, 0x0000, 0x0000, 0x0000,
    0x0000, 0x0000, 0x0000, 0x0000, 0x0000, 0x0000, 0x0000, 0x0000, 0x0000, 0x8421, 0x8C56, 0x8C56, 0x8C56, 0x9063, 0x8421, 0x9063, 0x9063, 0x9063, 0xA908, 0xA908, 0xA908, 0xA908, 0xA908, 0xA908, 0xA908, 0xA908, 0xA908, 0x8421, 0x0000, 0x0000, 0x0000, 0x0000,
    0x0000, 0x0000, 0x0000, 0x0000, 0x0000, 0x0000, 0x0000, 0x0000, 0x0000, 0x0000, 0x8421, 0x8C56, 0x8C56, 0x8F5E, 0x8421, 0x8421, 0x8421, 0x8421, 0x8421, 0x8421, 0x8421, 0x8421, 0x8421, 0x8421, 0x8421, 0x8421, 0x8421, 0x8421, 0x0000, 0x0000, 0x0000, 0x0000,
    0x0000, 0x0000, 0x0000, 0x0000, 0x0000, 0x0000, 0x0000, 0x0000, 0x0000, 0x0000, 0x0000, 0x8421, 0x8421, 0x882C, 0x882C, 0x8F5E, 0x882C, 0x882C, 0x8F5E, 0x882C, 0x8421, 0x8421, 0x0000, 0x0000, 0x0000, 0x0000, 0x0000, 0x0000, 0x0000, 0x0000, 0x0000, 0x0000,
    0x0000, 0x0000, 0x0000, 0x0000, 0x0000, 0x0000, 0x0000, 0x0000, 0x0000, 0x0000, 0x0000, 0x0000, 0x8421, 0x8421, 0x8421, 0x8421, 0x882C, 0x8421, 0x8421, 0x8421, 0x8421, 0x0000, 0x0000, 0x0000, 0x0000, 0x0000, 0x0000, 0x0000, 0x0000, 0x0000, 0x0000, 0x0000,
    0x0000, 0x0000, 0x0000, 0x0000, 0x0000, 0x0000, 0x0000, 0x0000, 0x0000, 0x0000, 0x0000, 0x0000, 0x0000, 0x0000, 0x0000, 0x0000, 0x8421, 0x0000, 0x0000, 0x0000, 0x0000, 0x0000, 0x0000, 0x0000, 0x0000, 0x0000, 0x0000, 0x0000, 0x0000, 0x0000, 0x0000, 0x0000,
    0x0000, 0x0000, 0x0000, 0x0000, 0x0000, 0x0000, 0x0000, 0x0000, 0x0000, 0x0000, 0x0000, 0x0000, 0x0000, 0x0000, 0x0000, 0x0000, 0x0000, 0x0000, 0x0000, 0x0000, 0x0000, 0x0000, 0x0000, 0x0000, 0x0000, 0x0000, 0x0000, 0x0000, 0x0000, 0x0000, 0x0000, 0x0000,
    0x0000, 0x0000, 0x0000, 0x0000, 0x0000, 0x0000, 0x0000, 0x0000, 0x0000, 0x0000, 0x0000, 0x0000, 0x0000, 0x0000, 0x0000, 0x0000, 0x0000, 0x0000, 0x0000, 0x0000, 0x0000, 0x0000, 0x0000, 0x0000, 0x0000, 0x0000, 0x0000, 0x0000, 0x0000, 0x0000, 0x0000, 0x0000,
    0x0000, 0x0000, 0x0000, 0x0000, 0x0000, 0x0000, 0x0000, 0x0000, 0x0000, 0x0000, 0x0000, 0x0000, 0x0000, 0x0000, 0x0000, 0x0000, 0x0000, 0x0000, 0x0000, 0x0000, 0x0000, 0x0000, 0x0000, 0x0000, 0x0000, 0x0000, 0x0000, 0x0000, 0x0000, 0x0000, 0x0000, 0x0000,
    0x0000, 0x0000, 0x0000, 0x0000, 0x0000, 0x0000, 0x0000, 0x0000, 0x0000, 0x0000, 0x0000, 0x0000, 0x0000, 0x0000, 0x0000, 0x0000, 0x0000, 0x0000, 0x0000, 0x0000, 0x0000, 0x0000, 0x0000, 0x0000, 0x0000, 0x0000, 0x0000, 0x0000, 0x0000, 0x0000, 0x0000, 0x0000,
    0x0000, 0x0000, 0x0000, 0x0000, 0x0000, 0x0000, 0x0000, 0x0000, 0x0000, 0x0000, 0x0000, 0x0000, 0x0000, 0x0000, 0x0000, 0x0000, 0x0000, 0x0000, 0x0000, 0x0000, 0x0000, 0x0000, 0x0000, 0x0000, 0x0000, 0x0000, 0x0000, 0x0000, 0x0000, 0x0000, 0x0000, 0x0000,
    0x0000, 0x0000, 0x0000, 0x0000, 0x0000, 0x0000, 0x0000, 0x0000, 0x0000, 0x0000, 0x0000, 0x0000, 0x0000, 0x0000, 0x0000, 0x0000, 0x0000, 0x0000, 0x0000, 0x0000, 0x0000, 0x0000, 0x0000, 0x0000, 0x0000, 0x0000, 0x0000, 0x0000, 0x0000, 0x0000, 0x0000, 0x0000
  },
  // Frame 5
  {
    0x0000, 0x0000, 0x0000, 0x0000, 0x0000, 0x0000, 0x0000, 0x0000, 0x0000, 0x0000, 0x0000, 0x0000, 0x0000, 0x0000, 0x0000, 0x0000, 0x0000, 0x0000, 0x0000, 0x0000, 0x0000, 0x0000, 0x0000, 0x0000, 0x0000, 0x0000, 0x0000, 0x0000, 0x0000, 0x0000, 0x0000, 0x0000,
    0x0000, 0x0000, 0x0000, 0x0000, 0x0000, 0x0000, 0x0000, 0x0000, 0x0000, 0x0000, 0x0000, 0x0000, 0x0000, 0x0000, 0x0000, 0x0000, 0x0000, 0x0000, 0x0000, 0x0000, 0x0000, 0x0000, 0x0000, 0x0000, 0x0000, 0x0000, 0x0000, 0x0000, 0x0000, 0x0000, 0x0000, 0x0000,
    0x0000, 0x0000, 0x0000, 0x0000, 0x0000, 0x0000, 0x0000, 0x0000, 0x0000, 0x0000, 0x0000, 0x0000, 0x0000, 0x0000, 0x0000, 0x0000, 0x0000, 0x0000, 0x0000, 0x0000, 0x0000, 0x0000, 0x0000, 0x0000, 0x0000, 0x0000, 0x0000, 0x0000, 0x0000, 0x0000, 0x0000, 0x0000,
    0x0000, 0x0000, 0x0000, 0x0000, 0x0000, 0x0000, 0x0000, 0x0000, 0x0000, 0x0000, 0x0000, 0x0000, 0x0000, 0x0000, 0x0000, 0x0000, 0x0000, 0x0000, 0x0000, 0x0000, 0x0000, 0x0000, 0x0000, 0x0000, 0x0000, 0x0000, 0x0000, 0x0000, 0x0000, 0x0000, 0x0000, 0x0000,
    0x0000, 0x0000, 0x0000, 0x0000, 0x0000, 0x0000, 0x0000, 0x0000, 0x0000, 0x0000, 0x0000, 0x0000, 0x0000, 0x0000, 0x0000, 0x0000, 0x0000, 0x0000, 0x0000, 0x0000, 0x0000, 0x0000, 0x0000, 0x0000, 0x0000, 0x0000, 0x0000, 0x0000, 0x0000, 0x0000, 0x0000, 0x0000,
    0x0000, 0x0000, 0x0000, 0x0000, 0x0000, 0x0000, 0x0000, 0x0000, 0x0000, 0x0000, 0x0000, 0x0000, 0x0000, 0x0000, 0x0000, 0x0000, 0x0000, 0x0000, 0x0000, 0x0000, 0x0000, 0x0000, 0x0000, 0x0000, 0x0000, 0x0000, 0x0000, 0x0000, 0x0000, 0x0000, 0x0000, 0x0000,
    0x0000, 0x0000, 0x0000, 0x0000, 0x0000, 0x0000, 0x0000, 0x0000, 0x0000, 0x0000, 0x0000, 0x0000, 0x0000, 0x0000, 0x0000, 0x0000, 0x0000, 0x0000, 0x0000, 0x0000, 0x0000, 0x0000, 0x0000, 0x0000, 0x0000, 0x0000, 0x0000, 0x0000, 0x0000, 0x0000, 0x0000, 0x0000,
    0x0000, 0x0000, 0x0000, 0x0000, 0x0000, 0x0000, 0x0000, 0x0000, 0x0000, 0x0000, 0x0000, 0x0000, 0x0000, 0x0000, 0x0000, 0x0000, 0x8421, 0x0000, 0x0000, 0x0000, 0x0000, 0x0000, 0x0000, 0x0000, 0x0000, 0x0000, 0x0000, 0x0000, 0x0000, 0x0000, 0x0000, 0x0000,
    0x0000, 0x0000, 0x0000, 0x0000, 0x0000, 0x0000, 0x0000, 0x0000, 0x0000, 0x0000, 0x0000, 0x0000, 0x8421, 0x8421, 0x8421, 0x8421, 0x8421, 0x8421, 0x8421, 0x8421, 0x8421, 0x0000, 0x0000, 0x0000, 0x0000, 0x0000, 0x0000, 0x0000, 0x0000, 0x0000, 0x0000, 0x0000,
    0x0000, 0x0000, 0x0000, 0x0000, 0x0000, 0x0000, 0x0000, 0x0000, 0x0000, 0x0000, 0x8421, 0x9F3E, 0x9F3E, 0x8DF5, 0x9F3E, 0x9F3E, 0x9F3E, 0x8421, 0x98DD, 0x98DD, 0x8421, 0x8421, 0x0000, 0x0000, 0x0000, 0x0000, 0x0000, 0x0000, 0x0000, 0x0000, 0x0000, 0x0000,
    0x0000, 0x0000, 0x0000, 0x0000, 0x0000, 0x0000, 0x0000, 0x0000, 0x0000, 0x0000, 0x8421, 0x9F3E, 0x9F3E, 0x8DF5, 0x8421, 0x8421, 0x8421, 0x8421, 0x8421, 0x8421, 0x8421, 0x8421, 0x8421, 0x8421, 0x8421, 0x8421, 0x8421, 0x8421, 0x0000, 0x0000, 0x0000, 0x0000,
    0x0000, 0x0000, 0x0000, 0x0000, 0x0000, 0x0000, 0x0000, 0x0000, 0x0000, 0x8421, 0x98DD, 0x98DD, 0x98DD, 0xCA0F, 0x8421, 0x9063, 0x9063, 0x9063, 0xF77A, 0xF77A, 0xF77A, 0xF77A, 0xF77A, 0xF77A, 0xF77A, 0xF77A, 0xCA0F, 0x8421, 0x0000, 0x0000, 0x0000, 0x0000,
    0x0000, 0x0000, 0x0000, 0x0000, 0x0000, 0x0000, 0x0000, 0x0000, 0x8421, 0x8421, 0x98DD, 0x98DD, 0xCA0F, 0xCA0F, 0x8421, 0x9063, 0x9063, 0x9063, 0xCA0F, 0xCA0F, 0xCA0F, 0xCA0F, 0xCA0F, 0xCA0F, 0xCA0F, 0xCA0F, 0x8421, 0x8421, 0x0000, 0x0000, 0x0000, 0x0000,
    0x0000, 0x0000, 0x0000, 0x0000, 0x0000, 0x0000, 0x0000, 0x0000, 0x8421, 0x98DD, 0x8F5E, 0xCA0F, 0xCA0F, 0xCA0F, 0x8421, 0x9063, 0x9063, 0x9063, 0xA908, 0xA908, 0xA908, 0xA908, 0xA908, 0xA908, 0xA908, 0xA908, 0xA908, 0x8421, 0x0000, 0x0000, 0x0000, 0x0000,
    0x0000, 0x0000, 0x0000, 0x0000, 0x0000, 0x0000, 0x0000, 0x0000, 0x8421, 0x8F5E, 0x98DD, 0xCA0F, 0xCA0F, 0xCA0F, 0x8421, 0x8421, 0x8421, 0x8421, 0x8421, 0x8421, 0x8421, 0x8421, 0x8421, 0x8421, 0x8421, 0x8421, 0x8421, 0x8421, 0x0000, 0x0000, 0x0000, 0x0000,
    0x0000, 0x0000, 0x0000, 0x0000, 0x0000, 0x0000, 0x0000, 0x0000, 0x8421, 0x98DD, 0x98DD, 0xCA0F, 0xCA0F, 0xCA0F, 0x9F3E, 0x9F3E, 0x9F3E, 0x8DF5, 0x8DF5, 0x9063, 0x9063, 0x9063, 0x882C, 0x8F5E, 0x8421, 0x0000, 0x0000, 0x0000, 0x0000, 0x0000, 0x0000, 0x0000,
    0x0000, 0x0000, 0x0000, 0x0000, 0x0000, 0x0000, 0x0000, 0x8421, 0x98DD, 0x98DD, 0xCA0F, 0xCA0F, 0xCA0F, 0x9F3E, 0x9F3E, 0x9F3E, 0x8DF5, 0x8DF5, 0x8DF5, 0x8DF5, 0x9063, 0x9063, 0x9063, 0x882C, 0x882C, 0x8421, 0x0000, 0x0000, 0x0000, 0x0000, 0x0000, 0x0000,
    0x0000, 0x0000, 0x0000, 0x0000, 0x0000, 0x0000, 0x0000, 0x0000, 0x8421, 0x8F5E, 0x98DD, 0xCA0F, 0xCA0F, 0xCA0F, 0x9F3E, 0x8DF5, 0x8DF5, 0x8DF5, 0x8DF5, 0x9063, 0x9063, 0x9063, 0x882C, 0x882C, 0x8421, 0x0000, 0x0000, 0x0000, 0x0000, 0x0000, 0x0000, 0x0000,
    0x0000, 0x0000, 0x0000, 0x0000, 0x0000, 0x0000, 0x0000, 0x0000, 0x8421, 0x98DD, 0x98DD, 0xCA0F, 0xCA0F, 0xA908, 0x8421, 0x8421, 0x8421, 0x8421, 0x8421, 0x8421, 0x8421, 0x8421, 0x8421, 0x8421, 0x8421, 0x8421, 0x8421, 0x8421, 0x0000, 0x0000, 0x0000, 0x0000,
    0x0000, 0x0000, 0x0000, 0x0000, 0x0000, 0x0000, 0x0000, 0x0000, 0x8421, 0x98DD, 0x8F5E, 0xCA0F, 0xA908, 0xA908, 0x8421, 0x9063, 0x9063, 0x9063, 0xF77A, 0xF77A, 0xF77A, 0xF77A, 0xF77A, 0xF77A, 0xF77A, 0xF77A, 0xCA0F, 0x8421, 0x0000, 0x0000, 0x0000, 0x0000,
    0x0000, 0x0000, 0x0000, 0x0000, 0x0000, 0x0000, 0x0000, 0x0000, 0x8421, 0x8421, 0x8C56, 0x8C56, 0xA908, 0xA908, 0x8421, 0x9063, 0x9063, 0x9063, 0xCA0F, 0xCA0F, 0xCA0F, 0xCA0F, 0xCA0F, 0xCA0F, 0xCA0F, 0xCA0F, 0x8421, 0x8421, 0x0000, 0x0000, 0x0000, 0x0000,
    0x0000, 0x0000, 0x0000, 0x0000, 0x0000, 0x0000, 0x0000, 0x0000, 0x0000, 0x8421, 0x8C56, 0x8C56, 0x8C56, 0x9063, 0x8421, 0x9063, 0x9063, 0x9063, 0xA908, 0xA908, 0xA908, 0xA908, 0xA908, 0xA908, 0xA908, 0xA908, 0xA908, 0x8421, 0x0000, 0x0000, 0x0000, 0x0000,
    0x0000, 0x0000, 0x0000, 0x0000, 0x0000, 0x0000, 0x0000, 0x0000, 0x0000, 0x0000, 0x8421, 0x8C56, 0x8C56, 0x8F5E, 0x8421, 0x8421, 0x8421, 0x8421, 0x8421, 0x8421, 0x8421, 0x8421, 0x8421, 0x8421, 0x8421, 0x8421, 0x8421, 0x8421, 0x0000, 0x0000, 0x0000, 0x0000,
    0x0000, 0x0000, 0x0000, 0x0000, 0x0000, 0x0000, 0x0000, 0x0000, 0x0000, 0x0000, 0x0000, 0x8421, 0x8421, 0x882C, 0x882C, 0x8F5E, 0x882C, 0x882C, 0x8F5E, 0x882C, 0x8421, 0x8421, 0x0000, 0x0000, 0x0000, 0x0000, 0x0000, 0x0000, 0x0000, 0x0000, 0x0000, 0x0000,
    0x0000, 0x0000, 0x0000, 0x0000, 0x0000, 0x0000, 0x0000, 0x0000, 0x0000, 0x0000, 0x0000, 0x0000, 0x8421, 0x8421, 0x8421, 0x8421, 0x882C, 0x8421, 0x8421, 0x8421, 0x8421, 0x0000, 0x0000, 0x0000, 0x0000, 0x0000, 0x0000, 0x0000, 0x0000, 0x0000, 0x0000, 0x0000,
    0x0000, 0x0000, 0x0000, 0x0000, 0x0000, 0x0000, 0x0000, 0x0000, 0x0000, 0x0000, 0x0000, 0x0000, 0x0000, 0x0000, 0x0000, 0x0000, 0x8421, 0x0000, 0x0000, 0x0000, 0x0000, 0x0000, 0x0000, 0x0000, 0x0000, 0x0000, 0x0000, 0x0000, 0x0000, 0x0000, 0x0000, 0x0000,
    0x0000, 0x0000, 0x0000, 0x0000, 0x0000, 0x0000, 0x0000, 0x0000, 0x0000, 0x0000, 0x0000, 0x0000, 0x0000, 0x0000, 0x0000, 0x0000, 0x0000, 0x0000, 0x0000, 0x0000, 0x0000, 0x0000, 0x0000, 0x0000, 0x0000, 0x0000, 0x0000, 0x0000, 0x0000, 0x0000, 0x0000, 0x0000,
    0x0000, 0x0000, 0x0000, 0x0000, 0x0000, 0x0000, 0x0000, 0x0000, 0x0000, 0x0000, 0x0000, 0x0000, 0x0000, 0x0000, 0x0000, 0x0000, 0x0000, 0x0000, 0x0000, 0x0000, 0x0000, 0x0000, 0x0000, 0x0000, 0x0000, 0x0000, 0x0000, 0x0000, 0x0000, 0x0000, 0x0000, 0x0000,
    0x0000, 0x0000, 0x0000, 0x0000, 0x0000, 0x0000, 0x0000, 0x0000, 0x0000, 0x0000, 0x0000, 0x0000, 0x0000, 0x0000, 0x0000, 0x0000, 0x0000, 0x0000, 0x0000, 0x0000, 0x0000, 0x0000, 0x0000, 0x0000, 0x0000, 0x0000, 0x0000, 0x0000, 0x0000, 0x0000, 0x0000, 0x0000,
    0x0000, 0x0000, 0x0000, 0x0000, 0x0000, 0x0000, 0x0000, 0x0000, 0x0000, 0x0000, 0x0000, 0x0000, 0x0000, 0x0000, 0x0000, 0x0000, 0x0000, 0x0000, 0x0000, 0x0000, 0x0000, 0x0000, 0x0000, 0x0000, 0x0000, 0x0000, 0x0000, 0x0000, 0x0000, 0x0000, 0x0000, 0x0000,
    0x0000, 0x0000, 0x0000, 0x0000, 0x0000, 0x0000, 0x0000, 0x0000, 0x0000, 0x0000, 0x0000, 0x0000, 0x0000, 0x0000, 0x0000, 0x0000, 0x0000, 0x0000, 0x0000, 0x0000, 0x0000, 0x0000, 0x0000, 0x0000, 0x0000, 0x0000, 0x0000, 0x0000, 0x0000, 0x0000, 0x0000, 0x0000,
    0x0000, 0x0000, 0x0000, 0x0000, 0x0000, 0x0000, 0x0000, 0x0000, 0x0000, 0x0000, 0x0000, 0x0000, 0x0000, 0x0000, 0x0000, 0x0000, 0x0000, 0x0000, 0x0000, 0x0000, 0x0000, 0x0000, 0x0000, 0x0000, 0x0000, 0x0000, 0x0000, 0x0000, 0x0000, 0x0000, 0x0000, 0x0000
  },
  // Frame 6
  {
    0x0000, 0x0000, 0x0000, 0x0000, 0x0000, 0x0000, 0x0000, 0x0000, 0x0000, 0x0000, 0x0000, 0x0000, 0x0000, 0x0000, 0x0000, 0x0000, 0x0000, 0x0000, 0x0000, 0x0000, 0x0000, 0x0000, 0x0000, 0x0000, 0x0000, 0x0000, 0x0000, 0x0000, 0x0000, 0x0000, 0x0000, 0x0000,
    0x0000, 0x0000, 0x0000, 0x0000, 0x0000, 0x0000, 0x0000, 0x0000, 0x0000, 0x0000, 0x0000, 0x0000, 0x0000, 0x0000, 0x0000, 0x0000, 0x0000, 0x0000, 0x0000, 0x0000, 0x0000, 0x0000, 0x0000, 0x0000, 0x0000, 0x0000, 0x0000, 0x0000, 0x0000, 0x0000, 0x0000, 0x0000,
    0x0000, 0x0000, 0x0000, 0x0000, 0x0000, 0x0000, 0x0000, 0x0000, 0x0000, 0x0000, 0x0000, 0x0000, 0x0000, 0x0000, 0x0000, 0x0000, 0x0000, 0x0000, 0x0000, 0x0000, 0x0000, 0x0000, 0x0000, 0x0000, 0x0000, 0x0000, 0x0000, 0x0000, 0x0000, 0x0000, 0x0000, 0x0000,
    0x0000, 0x0000, 0x0000, 0x0000, 0x0000, 0x0000, 0x0000, 0x0000, 0x0000, 0x0000, 0x0000, 0x0000, 0x0000, 0x0000, 0x0000, 0x0000, 0x0000, 0x0000, 0x0000, 0x0000, 0x0000, 0x0000, 0x0000, 0x0000, 0x0000, 0x0000, 0x0000, 0x0000, 0x0000, 0x0000, 0x0000, 0x0000,
    0x0000, 0x0000, 0x0000, 0x0000, 0x0000, 0x0000, 0x0000, 0x0000, 0x0000, 0x0000, 0x0000, 0x0000, 0x0000, 0x0000, 0x0000, 0x0000, 0x0000, 0x0000, 0x0000, 0x0000, 0x0000, 0x0000, 0x0000, 0x0000, 0x0000, 0x0000, 0x0000, 0x0000, 0x0000, 0x0000, 0x0000, 0x0000,
    0x0000, 0x0000, 0x0000, 0x0000, 0x0000, 0x0000, 0x0000, 0x0000, 0x0000, 0x0000, 0x0000, 0x0000, 0x0000, 0x0000, 0x0000, 0x0000, 0x0000, 0x0000, 0x0000, 0x0000, 0x0000, 0x0000, 0x0000, 0x0000, 0x0000, 0x0000, 0x0000, 0x0000, 0x0000, 0x0000, 0x0000, 0x0000,
    0x0000, 0x0000, 0x0000, 0x0000, 0x0000, 0x0000, 0x0000, 0x0000, 0x0000, 0x0000, 0x0000, 0x0000, 0x0000, 0x0000, 0x0000, 0x0000, 0x0000, 0x0000, 0x0000, 0x0000, 0x0000, 0x0000, 0x0000, 0x0000, 0x0000, 0x0000, 0x0000, 0x0000, 0x0000, 0x0000, 0x0000, 0x0000,
    0x0000, 0x0000, 0x0000, 0x0000, 0x0000, 0x0000, 0x0000, 0x0000, 0x0000, 0x0000, 0x0000, 0x0000, 0x0000, 0x0000, 0x0000, 0x0000, 0x8421, 0x0000, 0x0000, 0x0000, 0x0000, 0x0000, 0x0000, 0x0000, 0x0000, 0x0000, 0x0000, 0x0000, 0x0000, 0x0000, 0x0000, 0x0000,
    0x0000, 0x0000, 0x0000, 0x0000, 0x0000, 0x0000, 0x0000, 0x0000, 0x0000, 0x0000, 0x0000, 0x0000, 0x8421, 0x8421, 0x8421, 0x8421, 0x8421, 0x8421, 0x8421, 0x8421, 0x8421, 0x0000, 0x0000, 0x0000, 0x0000, 0x0000, 0x0000, 0x0000, 0x0000, 0x0000, 0x0000, 0x0000,
    0x0000, 0x0000, 0x0000, 0x0000, 0x0000, 0x0000, 0x0000, 0x0000, 0x0000, 0x0000, 0x8421, 0x9F3E, 0x9F3E, 0x8DF5, 0x9F3E, 0x9F3E, 0x9F3E, 0x8421, 0x98DD, 0x98DD, 0x8421, 0x8421, 0x0000, 0x0000, 0x0000, 0x0000, 0x0000, 0x0000, 0x0000, 0x0000, 0x0000, 0x0000,
    0x0000, 0x0000, 0x0000, 0x0000, 0x0000, 0x0000, 0x0000, 0x0000, 0x0000, 0x0000, 0x8421, 0x9F3E, 0x9F3E, 0x8DF5, 0x8421, 0x8421, 0x8421, 0x8421, 0x8421, 0x8421, 0x8421, 0x8421, 0x8421, 0x8421, 0x8421, 0x8421, 0x8421, 0x8421, 0x0000, 0x0000, 0x0000, 0x0000,
    0x0000, 0x0000, 0x0000, 0x0000, 0x0000, 0x0000, 0x0000, 0x0000, 0x0000, 0x8421, 0x98DD, 0x98DD, 0x98DD, 0xCA0F, 0x8421, 0x9063, 0x9063, 0x9063, 0xF77A, 0xF77A, 0xF77A, 0xF77A, 0xF77A, 0xF77A, 0xF77A, 0xF77A, 0xCA0F, 0x8421, 0x0000, 0x0000, 0x0000, 0x0000,
    0x0000, 0x0000, 0x0000, 0x0000, 0x0000, 0x0000, 0x0000, 0x0000, 0x8421, 0x8421, 0x98DD, 0x98DD, 0xCA0F, 0xCA0F, 0x8421, 0x9063, 0x9063, 0x9063, 0xCA0F, 0xCA0F, 0xCA0F, 0xCA0F, 0xCA0F, 0xCA0F, 0xCA0F, 0xCA0F, 0x8421, 0x8421, 0x0000, 0x0000, 0x0000, 0x0000,
    0x0000, 0x0000, 0x0000, 0x0000, 0x0000, 0x0000, 0x0000, 0x0000, 0x8421, 0x98DD, 0x8F5E, 0xCA0F, 0xCA0F, 0xCA0F, 0x8421, 0x9063, 0x9063, 0x9063, 0xA908, 0xA908, 0xA908, 0xA908, 0xA908, 0xA908, 0xA908, 0xA908, 0xA908, 0x8421, 0x0000, 0x0000, 0x0000, 0x0000,
    0x0000, 0x0000, 0x0000, 0x0000, 0x0000, 0x0000, 0x0000, 0x0000, 0x8421, 0x8F5E, 0x98DD, 0xCA0F, 0xCA0F, 0xCA0F, 0x8421, 0x8421, 0x8421, 0x8421, 0x8421, 0x8421, 0x8421, 0x8421, 0x8421, 0x8421, 0x8421, 0x8421, 0x8421, 0x8421, 0x0000, 0x0000, 0x0000, 0x0000,
    0x0000, 0x0000, 0x0000, 0x0000, 0x0000, 0x0000, 0x0000, 0x0000, 0x8421, 0x98DD, 0x98DD, 0xCA0F, 0xCA0F, 0xCA0F, 0x9F3E, 0x9F3E, 0x9F3E, 0x8DF5, 0x8DF5, 0x9063, 0x9063, 0x9063, 0x882C, 0x8F5E, 0x8421, 0x0000, 0x0000, 0x0000, 0x0000, 0x0000, 0x0000, 0x0000,
    0x0000, 0x0000, 0x0000, 0x0000, 0x0000, 0x0000, 0x0000, 0x8421, 0x98DD, 0x98DD, 0xCA0F, 0xCA0F, 0xCA0F, 0x9F3E, 0x9F3E, 0x9F3E, 0x8DF5, 0x8DF5, 0x8DF5, 0x8DF5, 0x9063, 0x9063, 0x9063, 0x882C, 0x882C, 0x8421, 0x0000, 0x0000, 0x0000, 0x0000, 0x0000, 0x0000,
    0x0000, 0x0000, 0x0000, 0x0000, 0x0000, 0x0000, 0x0000, 0x0000, 0x8421, 0x8F5E, 0x98DD, 0xCA0F, 0xCA0F, 0xCA0F, 0x9F3E, 0x8DF5, 0x8DF5, 0x8DF5, 0x8DF5, 0x9063, 0x9063, 0x9063, 0x882C, 0x882C, 0x8421, 0x0000, 0x0000, 0x0000, 0x0000, 0x0000, 0x0000, 0x0000,
    0x0000, 0x0000, 0x0000, 0x0000, 0x0000, 0x0000, 0x0000, 0x0000, 0x8421, 0x98DD, 0x8421, 0x8421, 0x8421, 0x8421, 0x8421, 0x8421, 0x8421, 0x8421, 0x8421, 0x8421, 0x8421, 0x8421, 0x8421, 0x8421, 0x8421, 0x0000, 0x0000, 0x0000, 0x0000, 0x0000, 0x0000, 0x0000,
    0x0000, 0x0000, 0x0000, 0x0000, 0x0000, 0x0000, 0x0000, 0x0000, 0x8421, 0x98DD, 0x8421, 0x9063, 0x9063, 0x9063, 0xF77A, 0xF77A, 0xF77A, 0xF77A, 0xF77A, 0xF77A, 0xF77A, 0xF77A, 0xCA0F, 0x8421, 0x8421, 0x0000, 0x0000, 0x0000, 0x0000, 0x0000, 0x0000, 0x0000,
    0x0000, 0x0000, 0x0000, 0x0000, 0x0000, 0x0000, 0x0000, 0x0000, 0x8421, 0x8421, 0x8421, 0x9063, 0x9063, 0x9063, 0xCA0F, 0xCA0F, 0xCA0F, 0xCA0F, 0xCA0F, 0xCA0F, 0xCA0F, 0xCA0F, 0x8421, 0x8421, 0x8421, 0x0000, 0x0000, 0x0000, 0x0000, 0x0000, 0x0000, 0x0000,
    0x0000, 0x0000, 0x0000, 0x0000, 0x0000, 0x0000, 0x0000, 0x0000, 0x0000, 0x8421, 0x8421, 0x9063, 0x9063, 0x9063, 0xA908, 0xA908, 0xA908, 0xA908, 0xA908, 0xA908, 0xA908, 0xA908, 0xA908, 0x8421, 0x8421, 0x0000, 0x0000, 0x0000, 0x0000, 0x0000, 0x0000, 0x0000,
    0x0000, 0x0000, 0x0000, 0x0000, 0x0000, 0x0000, 0x0000, 0x0000, 0x9F3E, 0x0000, 0x8421, 0x8421, 0x8421, 0x8421, 0x8421, 0x8421, 0x8421, 0x8421, 0x8421, 0x8421, 0x8421, 0x8421, 0x8421, 0x8421, 0x8421, 0x0000, 0x0000, 0x0000, 0x0000, 0x0000, 0x0000, 0x0000,
    0x0000, 0x0000, 0x0000, 0x0000, 0x0000, 0x0000, 0x0000, 0x0000, 0x0000, 0xFBFF, 0x0000, 0x8421, 0x8421, 0x882C, 0x882C, 0x8F5E, 0x882C, 0x882C, 0x8F5E, 0x882C, 0x8421, 0x8421, 0x0000, 0x0000, 0x0000, 0x0000, 0x0000, 0x0000, 0x0000, 0x0000, 0x0000, 0x0000,
    0x0000, 0x0000, 0x0000, 0x0000, 0x0000, 0x0000, 0x0000, 0x895E, 0x0000, 0x0000, 0x0000, 0x0000, 0x8421, 0x8421, 0x8421, 0x8421, 0x882C, 0x8421, 0x8421, 0x8421, 0x8421, 0x0000, 0x0000, 0x0000, 0x0000, 0x0000, 0x0000, 0x0000, 0x0000, 0x0000, 0x0000, 0x0000,
    0x0000, 0x0000, 0x0000, 0x0000, 0x0000, 0x0000, 0x0000, 0x0000, 0x0000, 0x0000, 0x0000, 0x0000, 0x0000, 0x0000, 0x0000, 0x0000, 0x8421, 0x0000, 0x0000, 0x0000, 0x0000, 0x0000, 0x0000, 0x0000, 0x0000, 0x0000, 0x0000, 0x0000, 0x0000, 0x0000, 0x0000, 0x0000,
    0x0000, 0x0000, 0x0000, 0x0000, 0x0000, 0x0000, 0x0000, 0x0000, 0x0000, 0x0000, 0x0000, 0x0000, 0x0000, 0x0000, 0x0000, 0x0000, 0x0000, 0x0000, 0x0000, 0x0000, 0x0000, 0x0000, 0x0000, 0x0000, 0x0000, 0x0000, 0x0000, 0x0000, 0x0000, 0x0000, 0x0000, 0x0000,
    0x0000, 0x0000, 0x0000, 0x0000, 0x0000, 0x0000, 0x0000, 0x0000, 0x0000, 0x0000, 0x0000, 0x0000, 0x0000, 0x0000, 0x0000, 0x0000, 0x0000, 0x0000, 0x0000, 0x0000, 0x0000, 0x0000, 0x0000, 0x0000, 0x0000, 0x0000, 0x0000, 0x0000, 0x0000, 0x0000, 0x0000, 0x0000,
    0x0000, 0x0000, 0x0000, 0x0000, 0x0000, 0x0000, 0x0000, 0x0000, 0x0000, 0x0000, 0x0000, 0x0000, 0x0000, 0x0000, 0x0000, 0x0000, 0x0000, 0x0000, 0x0000, 0x0000, 0x0000, 0x0000, 0x0000, 0x0000, 0x0000, 0x0000, 0x0000, 0x0000, 0x0000, 0x0000, 0x0000, 0x0000,
    0x0000, 0x0000, 0x0000, 0x0000, 0x0000, 0x0000, 0x0000, 0x0000, 0x0000, 0x0000, 0x0000, 0x0000, 0x0000, 0x0000, 0x0000, 0x0000, 0x0000, 0x0000, 0x0000, 0x0000, 0x0000, 0x0000, 0x0000, 0x0000, 0x0000, 0x0000, 0x0000, 0x0000, 0x0000, 0x0000, 0x0000, 0x0000,
    0x0000, 0x0000, 0x0000, 0x0000, 0x0000, 0x0000, 0x0000, 0x0000, 0x0000, 0x0000, 0x0000, 0x0000, 0x0000, 0x0000, 0x0000, 0x0000, 0x0000, 0x0000, 0x0000, 0x0000, 0x0000, 0x0000, 0x0000, 0x0000, 0x0000, 0x0000, 0x0000, 0x0000, 0x0000, 0x0000, 0x0000, 0x0000,
    0x0000, 0x0000, 0x0000, 0x0000, 0x0000, 0x0000, 0x0000, 0x0000, 0x0000, 0x0000, 0x0000, 0x0000, 0x0000, 0x0000, 0x0000, 0x0000, 0x0000, 0x0000, 0x0000, 0x0000, 0x0000, 0x0000, 0x0000, 0x0000, 0x0000, 0x0000, 0x0000, 0x0000, 0x0000, 0x0000, 0x0000, 0x0000
  },
  // Frame 7
  {
    0x0000, 0x0000, 0x0000, 0x0000, 0x0000, 0x0000, 0x0000, 0x0000, 0x0000, 0x0000, 0x0000, 0x0000, 0x0000, 0x0000, 0x0000, 0x0000, 0x0000, 0x0000, 0x0000, 0x0000, 0x0000, 0x0000, 0x0000, 0x0000, 0x0000, 0x0000, 0x0000, 0x0000, 0x0000, 0x0000, 0x0000, 0x0000,
    0x0000, 0x0000, 0x0000, 0x0000, 0x0000, 0x0000, 0x0000, 0x0000, 0x0000, 0x0000, 0x0000, 0x0000, 0x0000, 0x0000, 0x0000, 0x0000, 0x0000, 0x0000, 0x0000, 0x0000, 0x0000, 0x0000, 0x0000, 0x0000, 0x0000, 0x0000, 0x0000, 0x0000, 0x0000, 0x0000, 0x0000, 0x0000,
    0x0000, 0x0000, 0x0000, 0x0000, 0x0000, 0x0000, 0x0000, 0x0000, 0x0000, 0x0000, 0x0000, 0x0000, 0x0000, 0x0000, 0x0000, 0x0000, 0x0000, 0x0000, 0x0000, 0x0000, 0x0000, 0x0000, 0x0000, 0x0000, 0x0000, 0x0000, 0x0000, 0x0000, 0x0000, 0x0000, 0x0000, 0x0000,
    0x0000, 0x0000, 0x0000, 0x0000, 0x0000, 0x0000, 0x0000, 0x0000, 0x0000, 0x0000, 0x0000, 0x0000, 0x0000, 0x0000, 0x0000, 0x0000, 0x0000, 0x0000, 0x0000, 0x0000, 0x0000, 0x0000, 0x0000, 0x0000, 0x0000, 0x0000, 0x0000, 0x0000, 0x0000, 0x0000, 0x0000, 0x0000,
    0x0000, 0x0000, 0x0000, 0x0000, 0x0000, 0x0000, 0x0000, 0x0000, 0x0000, 0x0000, 0x0000, 0x0000, 0x0000, 0x0000, 0x0000, 0x0000, 0x0000, 0x0000, 0x0000, 0x0000, 0x0000, 0x0000, 0x0000, 0x0000, 0x0000, 0x0000, 0x0000, 0x0000, 0x0000, 0x0000, 0x0000, 0x0000,
    0x0000, 0x0000, 0x0000, 0x0000, 0x0000, 0x0000, 0x0000, 0x0000, 0x0000, 0x0000, 0x0000, 0x0000, 0x0000, 0x0000, 0x0000, 0x0000, 0x0000, 0x0000, 0x0000, 0x0000, 0x0000, 0x0000, 0x0000, 0x0000, 0x0000, 0x0000, 0x0000, 0x0000, 0x0000, 0x0000, 0x0000, 0x0000,
    0x0000, 0x0000, 0x0000, 0x0000, 0x0000, 0x0000, 0x0000, 0x0000, 0x0000, 0x0000, 0x0000, 0x0000, 0x0000, 0x0000, 0x0000, 0x0000, 0x0000, 0x0000, 0x0000, 0x0000, 0x0000, 0x0000, 0x0000, 0x0000, 0x0000, 0x0000, 0x0000, 0x0000, 0x0000, 0x0000, 0x0000, 0x0000,
    0x0000, 0x0000, 0x0000, 0x0000, 0x0000, 0x0000, 0x0000, 0x0000, 0x0000, 0x0000, 0x0000, 0x0000, 0x0000, 0x0000, 0x0000, 0x0000, 0x8421, 0x0000, 0x0000, 0x0000, 0x0000, 0x0000, 0x0000, 0x0000, 0x0000, 0x0000, 0x0000, 0x0000, 0x0000, 0x0000, 0x0000, 0x0000,
    0x0000, 0x0000, 0x0000, 0x0000, 0x0000, 0x0000, 0x0000, 0x0000, 0x0000, 0x0000, 0x0000, 0x0000, 0x8421, 0x8421, 0x8421, 0x8421, 0x8421, 0x8421, 0x8421, 0x8421, 0x8421, 0x0000, 0x0000, 0x0000, 0x0000, 0x0000, 0x0000, 0x0000, 0x0000, 0x0000, 0x0000, 0x0000,
    0x0000, 0x0000, 0x0000, 0x0000, 0x0000, 0x0000, 0x0000, 0x0000, 0x0000, 0x0000, 0x8421, 0x9F3E, 0x9F3E, 0x8DF5, 0x9F3E, 0x9F3E, 0x9F3E, 0x8421, 0x98DD, 0x98DD, 0x8421, 0x8421, 0x0000, 0x0000, 0x0000, 0x0000, 0x0000, 0x0000, 0x0000, 0x0000, 0x0000, 0x0000,
    0x0000, 0x0000, 0x0000, 0x0000, 0x0000, 0x0000, 0x0000, 0x0000, 0x0000, 0x0000, 0x8421, 0x9F3E, 0x9F3E, 0x8DF5, 0x8421, 0x8421, 0x8421, 0x8421, 0x8421, 0x8421, 0x8421, 0x8421, 0x8421, 0x8421, 0x8421, 0x8421, 0x8421, 0x8421, 0x0000, 0x0000, 0x0000, 0x0000,
    0x0000, 0x0000, 0x0000, 0x0000, 0x0000, 0x0000, 0x0000, 0x0000, 0x0000, 0x8421, 0x98DD, 0x98DD, 0x98DD, 0xCA0F, 0x8421, 0x9063, 0x9063, 0x9063, 0xF77A, 0xF77A, 0xF77A, 0xF77A, 0xF77A, 0xF77A, 0xF77A, 0xF77A, 0xCA0F, 0x8421, 0x0000, 0x0000, 0x0000, 0x0000,
    0x0000, 0x0000, 0x0000, 0x0000, 0x0000, 0x0000, 0x0000, 0x0000, 0x8421, 0x8421, 0x98DD, 0x98DD, 0xCA0F, 0xCA0F, 0x8421, 0x9063, 0x9063, 0x9063, 0xCA0F, 0xCA0F, 0xCA0F, 0xCA0F, 0xCA0F, 0xCA0F, 0xCA0F, 0xCA0F, 0x8421, 0x8421, 0x0000, 0x0000, 0x0000, 0x0000,
    0x0000, 0x0000, 0x0000, 0x0000, 0x0000, 0x0000, 0x0000, 0x0000, 0x8421, 0x98DD, 0x8F5E, 0xCA0F, 0xCA0F, 0xCA0F, 0x8421, 0x9063, 0x9063, 0x9063, 0xA908, 0xA908, 0xA908, 0xA908, 0xA908, 0xA908, 0xA908, 0xA908, 0xA908, 0x8421, 0x0000, 0x0000, 0x0000, 0x0000,
    0x0000, 0x0000, 0x0000, 0x0000, 0x0000, 0x0000, 0x0000, 0x0000, 0x8421, 0x8F5E, 0x98DD, 0xCA0F, 0xCA0F, 0xCA0F, 0x8421, 0x8421, 0x8421, 0x8421, 0x8421, 0x8421, 0x8421, 0x8421, 0x8421, 0x8421, 0x8421, 0x8421, 0x8421, 0x8421, 0x0000, 0x0000, 0x0000, 0x0000,
    0x0000, 0x0000, 0x0000, 0x0000, 0x0000, 0x0000, 0x0000, 0x0000, 0x8421, 0x98DD, 0x98DD, 0xCA0F, 0xCA0F, 0xCA0F, 0x9F3E, 0x9F3E, 0x9F3E, 0x8DF5, 0x8DF5, 0x9063, 0x9063, 0x9063, 0x882C, 0x8F5E, 0x8421, 0x0000, 0x0000, 0x0000, 0x0000, 0x0000, 0x0000, 0x0000,
    0x0000, 0x0000, 0x0000, 0x0000, 0x0000, 0x0000, 0x0000, 0x8421, 0x98DD, 0x98DD, 0xCA0F, 0xCA0F, 0xCA0F, 0x9F3E, 0x9F3E, 0x9F3E, 0x8DF5, 0x8DF5, 0x8DF5, 0x8DF5, 0x9063, 0x9063, 0x9063, 0x882C, 0x882C, 0x8421, 0x0000, 0x0000, 0x0000, 0x0000, 0x0000, 0x0000,
    0x0000, 0x0000, 0x0000, 0x0000, 0x0000, 0x0000, 0x0000, 0x0000, 0x8421, 0x8F5E, 0x98DD, 0xCA0F, 0xCA0F, 0xCA0F, 0x9F3E, 0x8DF5, 0x8DF5, 0x8DF5, 0x8DF5, 0x9063, 0x9063, 0x9063, 0x882C, 0x882C, 0x8421, 0x0000, 0x0000, 0x0000, 0x0000, 0x0000, 0x0000, 0x0000,
    0x0000, 0x0000, 0x0000, 0x0000, 0x0000, 0x0000, 0x0000, 0x0000, 0x8421, 0x98DD, 0x8421, 0x8421, 0x8421, 0x8421, 0x8421, 0x8421, 0x8421, 0x8421, 0x8421, 0x8421, 0x8421, 0x8421, 0x8421, 0x8421, 0x8421, 0x0000, 0x0000, 0x0000, 0x0000, 0x0000, 0x0000, 0x0000,
    0x0000, 0x0000, 0x0000, 0x0000, 0x0000, 0x0000, 0x0000, 0x0000, 0x8421, 0x98DD, 0x8421, 0x9063, 0x9063, 0x9063, 0xF77A, 0xF77A, 0xF77A, 0xF77A, 0xF77A, 0xF77A, 0xF77A, 0xF77A, 0xCA0F, 0x8421, 0x8421, 0x0000, 0x0000, 0x0000, 0x0000, 0x0000, 0x0000, 0x0000,
    0x0000, 0x0000, 0x0000, 0x0000, 0x0000, 0x0000, 0x0000, 0x0000, 0x8421, 0x8421, 0x8421, 0x9063, 0x9063, 0x9063, 0xCA0F, 0xCA0F, 0xCA0F, 0xCA0F, 0xCA0F, 0xCA0F, 0xCA0F, 0xCA0F, 0x8421, 0x8421, 0x8421, 0x0000, 0x0000, 0x0000, 0x0000, 0x0000, 0x0000, 0x0000,
    0x0000, 0x0000, 0x0000, 0x0000, 0x0000, 0x0000, 0x0000, 0x0000, 0x0000, 0x8421, 0x8421, 0x9063, 0x9063, 0x9063, 0xA908, 0xA908, 0xA908, 0xA908, 0xA908, 0xA908, 0xA908, 0xA908, 0xA908, 0x8421, 0x8421, 0x0000, 0x0000, 0x0000, 0x0000, 0x0000, 0x0000, 0x0000,
    0x0000, 0x0000, 0x0000, 0x0000, 0x0000, 0x0000, 0x0000, 0x0000, 0x0000, 0x0000, 0x8421, 0x8421, 0x8421, 0x8421, 0x8421, 0x8421, 0x8421, 0x8421, 0x8421, 0x8421, 0x8421, 0x8421, 0x8421, 0x8421, 0x8421, 0x0000, 0x0000, 0x0000, 0x0000, 0x0000, 0x0000, 0x0000,
    0x0000, 0x0000, 0x0000, 0x0000, 0x0000, 0x0000, 0x0000, 0x0000, 0x0000, 0x0000, 0x0000, 0x8421, 0x8421, 0x882C, 0x882C, 0x8F5E, 0x882C, 0x882C, 0x8F5E, 0x882C, 0x8421, 0x8421, 0x0000, 0x0000, 0x0000, 0x0000, 0x0000, 0x0000, 0x0000, 0x0000, 0x0000, 0x0000,
    0x0000, 0x0000, 0x0000, 0x0000, 0x0000, 0x0000, 0x895E, 0x0000, 0x0000, 0x0000, 0x0000, 0x0000, 0x8421, 0x8421, 0x8421, 0x8421, 0x882C, 0x8421, 0x8421, 0x8421, 0x8421, 0x0000, 0x0000, 0x0000, 0x0000, 0x0000, 0x0000, 0x0000, 0x0000, 0x0000, 0x0000, 0x0000,
    0x0000, 0x0000, 0x0000, 0x0000, 0x0000, 0x0000, 0x0000, 0x0000, 0x0000, 0x0000, 0x0000, 0x0000, 0x0000, 0x0000, 0x0000, 0x0000, 0x8421, 0x0000, 0x0000, 0x0000, 0x0000, 0x0000, 0x0000, 0x0000, 0x0000, 0x0000, 0x0000, 0x0000, 0x0000, 0x0000, 0x0000, 0x0000,
    0x0000, 0x0000, 0x0000, 0x0000, 0x0000, 0x0000, 0x0000, 0x0000, 0x0000, 0x0000, 0x0000, 0x0000, 0x0000, 0x0000, 0x0000, 0x0000, 0x0000, 0x0000, 0x0000, 0x0000, 0x0000, 0x0000, 0x0000, 0x0000, 0x0000, 0x0000, 0x0000, 0x0000, 0x0000, 0x0000, 0x0000, 0x0000,
    0x0000, 0x0000, 0x0000, 0x0000, 0x0000, 0x0000, 0x0000, 0x0000, 0x0000, 0x0000, 0x0000, 0x0000, 0x0000, 0x0000, 0x0000, 0x0000, 0x0000, 0x0000, 0x0000, 0x0000, 0x0000, 0x0000, 0x0000, 0x0000, 0x0000, 0x0000, 0x0000, 0x0000, 0x0000, 0x0000, 0x0000, 0x0000,
    0x0000, 0x0000, 0x0000, 0x0000, 0x0000, 0x0000, 0x0000, 0x0000, 0x0000, 0x0000, 0x0000, 0x0000, 0x0000, 0x0000, 0x0000, 0x0000, 0x0000, 0x0000, 0x0000, 0x0000, 0x0000, 0x0000, 0x0000, 0x0000, 0x0000, 0x0000, 0x0000, 0x0000, 0x0000, 0x0000, 0x0000, 0x0000,
    0x0000, 0x0000, 0x0000, 0x0000, 0x0000, 0x0000, 0x0000, 0x0000, 0x0000, 0x0000, 0x0000, 0x0000, 0x0000, 0x0000, 0x0000, 0x0000, 0x0000, 0x0000, 0x0000, 0x0000, 0x0000, 0x0000, 0x0000, 0x0000, 0x0000, 0x0000, 0x0000, 0x0000, 0x0000, 0x0000, 0x0000, 0x0000,
    0x0000, 0x0000, 0x0000, 0x0000, 0x0000, 0x0000, 0x0000, 0x0000, 0x0000, 0x0000, 0x0000, 0x0000, 0x0000, 0x0000, 0x0000, 0x0000, 0x0000, 0x0000, 0x0000, 0x0000, 0x0000, 0x0000, 0x0000, 0x0000, 0x0000, 0x0000, 0x0000, 0x0000, 0x0000, 0x0000, 0x0000, 0x0000,
    0x0000, 0x0000, 0x0000, 0x0000, 0x0000, 0x0000, 0x0000, 0x0000, 0x0000, 0x0000, 0x0000, 0x0000, 0x0000, 0x0000, 0x0000, 0x0000, 0x0000, 0x0000, 0x0000, 0x0000, 0x0000, 0x0000, 0x0000, 0x0000, 0x0000, 0x0000, 0x0000, 0x0000, 0x0000, 0x0000, 0x0000, 0x0000
  },
  // Frame 8
  {
    0x0000, 0x0000, 0x0000, 0x0000, 0x0000, 0x0000, 0x0000, 0x0000, 0x0000, 0x0000, 0x0000, 0x0000, 0x0000, 0x0000, 0x0000, 0x0000, 0x0000, 0x0000, 0x0000, 0x0000, 0x0000, 0x0000, 0x0000, 0x0000, 0x0000, 0x0000, 0x0000, 0x0000, 0x0000, 0x0000, 0x0000, 0x0000,
    0x0000, 0x0000, 0x0000, 0x0000, 0x0000, 0x0000, 0x0000, 0x0000, 0x0000, 0x0000, 0x0000, 0x0000, 0x0000, 0x0000, 0x0000, 0x0000, 0x0000, 0x0000, 0x0000, 0x0000, 0x0000, 0x0000, 0x0000, 0x0000, 0x0000, 0x0000, 0x0000, 0x0000, 0x0000, 0x0000, 0x0000, 0x0000,
    0x0000, 0x0000, 0x0000, 0x0000, 0x0000, 0x0000, 0x0000, 0x0000, 0x0000, 0x0000, 0x0000, 0x0000, 0x0000, 0x0000, 0x0000, 0x0000, 0x0000, 0x0000, 0x0000, 0x0000, 0x0000, 0x0000, 0x0000, 0x0000, 0x0000, 0x0000, 0x0000, 0x0000, 0x0000, 0x0000, 0x0000, 0x0000,
    0x0000, 0x0000, 0x0000, 0x0000, 0x0000, 0x0000, 0x0000, 0x0000, 0x0000, 0x0000, 0x0000, 0x0000, 0x0000, 0x0000, 0x0000, 0x0000, 0x0000, 0x0000, 0x0000, 0x0000, 0x0000, 0x0000, 0x0000, 0x0000, 0x0000, 0x0000, 0x0000, 0x0000, 0x0000, 0x0000, 0x0000, 0x0000,
    0x0000, 0x0000, 0x0000, 0x0000, 0x0000, 0x0000, 0x0000, 0x0000, 0x0000, 0x0000, 0x0000, 0x0000, 0x0000, 0x0000, 0x0000, 0x0000, 0x0000, 0x0000, 0x0000, 0x0000, 0x0000, 0x0000, 0x0000, 0x0000, 0x0000, 0x0000, 0x0000, 0x0000, 0x0000, 0x0000, 0x0000, 0x0000,
    0x0000, 0x0000, 0x0000, 0x0000, 0x0000, 0x0000, 0x0000, 0x0000, 0x0000, 0x0000, 0x0000, 0x0000, 0x0000, 0x0000, 0x0000, 0x0000, 0x0000, 0x0000, 0x0000, 0x0000, 0x0000, 0x0000, 0x0000, 0x0000, 0x0000, 0x0000, 0x0000, 0x0000, 0x0000, 0x0000, 0x0000, 0x0000,
    0x0000, 0x0000, 0x0000, 0x0000, 0x0000, 0x0000, 0x0000, 0x0000, 0x0000, 0x0000, 0x0000, 0x0000, 0x0000, 0x0000, 0x0000, 0x0000, 0x0000, 0x0000, 0x0000, 0x0000, 0x0000, 0x0000, 0x0000, 0x0000, 0x0000, 0x0000, 0x0000, 0x0000, 0x0000, 0x0000, 0x0000, 0x0000,
    0x0000, 0x0000, 0x0000, 0x0000, 0x0000, 0x0000, 0x0000, 0x0000, 0x0000, 0x0000, 0x0000, 0x0000, 0x0000, 0x0000, 0x0000, 0x0000, 0x8421, 0x0000, 0x0000, 0x0000, 0x0000, 0x0000, 0x0000, 0x0000, 0x0000, 0x0000, 0x0000, 0x0000, 0x0000, 0x0000, 0x0000, 0x0000,
    0x0000, 0x0000, 0x0000, 0x0000, 0x0000, 0x0000, 0x0000, 0x0000, 0x0000, 0x0000, 0x0000, 0x0000, 0x8421, 0x8421, 0x8421, 0x8421, 0x8421, 0x8421, 0x8421, 0x8421, 0x8421, 0x0000, 0x0000, 0x0000, 0x0000, 0x0000, 0x0000, 0x0000, 0x0000, 0x0000, 0x0000, 0x0000,
    0x0000, 0x0000, 0x0000, 0x0000, 0x0000, 0x0000, 0x0000, 0x0000, 0x0000, 0x0000, 0x8421, 0x9F3E, 0x9F3E, 0x8DF5, 0x9F3E, 0x9F3E, 0x9F3E, 0x8421, 0x98DD, 0x98DD, 0x8421, 0x8421, 0x0000, 0x0000, 0x0000, 0x0000, 0x0000, 0x0000, 0x0000, 0x0000, 0x0000, 0x0000,
    0x0000, 0x0000, 0x0000, 0x0000, 0x0000, 0x0000, 0x0000, 0x0000, 0x0000, 0x0000, 0x8421, 0x9F3E, 0x9F3E, 0x8DF5, 0x8421, 0x8421, 0x8421, 0x8421, 0x8421, 0x8421, 0x8421, 0x8421, 0x8421, 0x8421, 0x8421, 0x8421, 0x8421, 0x8421, 0x0000, 0x0000, 0x0000, 0x0000,
    0x0000, 0x0000, 0x0000, 0x0000, 0x0000, 0x0000, 0x0000, 0x0000, 0x0000, 0x8421, 0x98DD, 0x98DD, 0x98DD, 0xCA0F, 0x8421, 0x9063, 0x9063, 0x9063, 0xF77A, 0xF77A, 0xF77A, 0xF77A, 0xF77A, 0xF77A, 0xF77A, 0xF77A, 0xCA0F, 0x8421, 0x0000, 0x0000, 0x0000, 0x0000,
    0x0000, 0x0000, 0x0000, 0x0000, 0x0000, 0x0000, 0x0000, 0x0000, 0x8421, 0x8421, 0x98DD, 0x98DD, 0xCA0F, 0xCA0F, 0x8421, 0x9063, 0x9063, 0x9063, 0xCA0F, 0xCA0F, 0xCA0F, 0xCA0F, 0xCA0F, 0xCA0F, 0xCA0F, 0xCA0F, 0x8421, 0x8421, 0x0000, 0x0000, 0x0000, 0x0000,
    0x0000, 0x0000, 0x0000, 0x0000, 0x0000, 0x0000, 0x0000, 0x0000, 0x8421, 0x98DD, 0x8F5E, 0xCA0F, 0xCA0F, 0xCA0F, 0x8421, 0x9063, 0x9063, 0x9063, 0xA908, 0xA908, 0xA908, 0xA908, 0xA908, 0xA908, 0xA908, 0xA908, 0xA908, 0x8421, 0x0000, 0x0000, 0x0000, 0x0000,
    0x0000, 0x0000, 0x0000, 0x0000, 0x0000, 0x0000, 0x0000, 0x0000, 0x8421, 0x8F5E, 0x98DD, 0xCA0F, 0xCA0F, 0xCA0F, 0x8421, 0x8421, 0x8421, 0x8421, 0x8421, 0x8421, 0x8421, 0x8421, 0x8421, 0x8421, 0x8421, 0x8421, 0x8421, 0x8421, 0x0000, 0x0000, 0x0000, 0x0000,
    0x0000, 0x0000, 0x0000, 0x0000, 0x0000, 0x0000, 0x0000, 0x0000, 0x8421, 0x98DD, 0x98DD, 0xCA0F, 0xCA0F, 0xCA0F, 0x9F3E, 0x9F3E, 0x9F3E, 0x8DF5, 0x8DF5, 0x9063, 0x9063, 0x9063, 0x882C, 0x8F5E, 0x8421, 0x0000, 0x0000, 0x0000, 0x0000, 0x0000, 0x0000, 0x0000,
    0x0000, 0x0000, 0x0000, 0x0000, 0x0000, 0x0000, 0x0000, 0x8421, 0x98DD, 0x98DD, 0xCA0F, 0xCA0F, 0xCA0F, 0x9F3E, 0x9F3E, 0x9F3E, 0x8DF5, 0x8DF5, 0x8DF5, 0x8DF5, 0x9063, 0x9063, 0x9063, 0x882C, 0x882C, 0x8421, 0x0000, 0x0000, 0x0000, 0x0000, 0x0000, 0x0000,
    0x0000, 0x0000, 0x0000, 0x0000, 0x0000, 0x0000, 0x0000, 0x0000, 0x8421, 0x8F5E, 0x98DD, 0xCA0F, 0xCA0F, 0xCA0F, 0x9F3E, 0x8DF5, 0x8DF5, 0x8DF5, 0x8DF5, 0x9063, 0x9063, 0x9063, 0x882C, 0x882C, 0x8421, 0x0000, 0x0000, 0x0000, 0x0000, 0x0000, 0x0000, 0x0000,
    0x0000, 0x0000, 0x0000, 0x0000, 0x0000, 0x0000, 0x0000, 0x0000, 0x8421, 0x98DD, 0x98DD, 0xCA0F, 0x8421, 0x8421, 0x8421, 0x8421, 0x8421, 0x8421, 0x8421, 0x8421, 0x8421, 0x8421, 0x8421, 0x8421, 0x8421, 0x8421, 0x0000, 0x0000, 0x0000, 0x0000, 0x0000, 0x0000,
    0x0000, 0x0000, 0x0000, 0x0000, 0x0000, 0x0000, 0x0000, 0x0000, 0x8421, 0x98DD, 0x8F5E, 0xCA0F, 0x8421, 0x9063, 0x9063, 0x9063, 0xF77A, 0xF77A, 0xF77A, 0xF77A, 0xF77A, 0xF77A, 0xF77A, 0xF77A, 0xCA0F, 0x8421, 0x0000, 0x0000, 0x0000, 0x0000, 0x0000, 0x0000,
    0x0000, 0x0000, 0x0000, 0x0000, 0x0000, 0x0000, 0x0000, 0x0000, 0x8421, 0x8421, 0x8C56, 0x8C56, 0x8421, 0x9063, 0x9063, 0x9063, 0xCA0F, 0xCA0F, 0xCA0F, 0xCA0F, 0xCA0F, 0xCA0F, 0xCA0F, 0xCA0F, 0x8421, 0x8421, 0x0000, 0x0000, 0x0000, 0x0000, 0x0000, 0x0000,
    0x0000, 0x0000, 0x0000, 0x0000, 0x0000, 0x0000, 0x0000, 0x0000, 0x0000, 0x8421, 0x8C56, 0x8C56, 0x8421, 0x9063, 0x9063, 0x9063, 0xA908, 0xA908, 0xA908, 0xA908, 0xA908, 0xA908, 0xA908, 0xA908, 0xA908, 0x8421, 0x0000, 0x0000, 0x0000, 0x0000, 0x0000, 0x0000,
    0x0000, 0x0000, 0x0000, 0x0000, 0x0000, 0x0000, 0x0000, 0x0000, 0x0000, 0x0000, 0x8421, 0x8C56, 0x8421, 0x8421, 0x8421, 0x8421, 0x8421, 0x8421, 0x8421, 0x8421, 0x8421, 0x8421, 0x8421, 0x8421, 0x8421, 0x8421, 0x0000, 0x0000, 0x0000, 0x0000, 0x0000, 0x0000,
    0x0000, 0x0000, 0x0000, 0x0000, 0x0000, 0x0000, 0x0000, 0x0000, 0x0000, 0x0000, 0x0000, 0x8421, 0x8421, 0x882C, 0x882C, 0x8F5E, 0x882C, 0x882C, 0x8F5E, 0x882C, 0x8421, 0x8421, 0x0000, 0x0000, 0x0000, 0x0000, 0x0000, 0x0000, 0x0000, 0x0000, 0x0000, 0x0000,
    0x0000, 0x0000, 0x0000, 0x0000, 0x0000, 0x0000, 0x0000, 0x0000, 0x0000, 0x0000, 0x0000, 0x0000, 0x8421, 0x8421, 0x8421, 0x8421, 0x882C, 0x8421, 0x8421, 0x8421, 0x8421, 0x0000, 0x0000, 0x0000, 0x0000, 0x0000, 0x0000, 0x0000, 0x0000, 0x0000, 0x0000, 0x0000,
    0x0000, 0x0000, 0x0000, 0x0000, 0x0000, 0x0000, 0x0000, 0x0000, 0x0000, 0x0000, 0x0000, 0x0000, 0x0000, 0x0000, 0x0000, 0x0000, 0x8421, 0x0000, 0x0000, 0x0000, 0x0000, 0x0000, 0x0000, 0x0000, 0x0000, 0x0000, 0x0000, 0x0000, 0x0000, 0x0000, 0x0000, 0x0000,
    0x0000, 0x0000, 0x0000, 0x0000, 0x0000, 0x0000, 0x0000, 0x0000, 0x0000, 0x0000, 0x0000, 0x0000, 0x0000, 0x0000, 0x0000, 0x0000, 0x0000, 0x0000, 0x0000, 0x0000, 0x0000, 0x0000, 0x0000, 0x0000, 0x0000, 0x0000, 0x0000, 0x0000, 0x0000, 0x0000, 0x0000, 0x0000,
    0x0000, 0x0000, 0x0000, 0x0000, 0x0000, 0x0000, 0x0000, 0x0000, 0x0000, 0x0000, 0x0000, 0x0000, 0x0000, 0x0000, 0x0000, 0x0000, 0x0000, 0x0000, 0x0000, 0x0000, 0x0000, 0x0000, 0x0000, 0x0000, 0x0000, 0x0000, 0x0000, 0x0000, 0x0000, 0x0000, 0x0000, 0x0000,
    0x0000, 0x0000, 0x0000, 0x0000, 0x0000, 0x0000, 0x0000, 0x0000, 0x0000, 0x0000, 0x0000, 0x0000, 0x0000, 0x0000, 0x0000, 0x0000, 0x0000, 0x0000, 0x0000, 0x0000, 0x0000, 0x0000, 0x0000, 0x0000, 0x0000, 0x0000, 0x0000, 0x0000, 0x0000, 0x0000, 0x0000, 0x0000,
    0x0000, 0x0000, 0x0000, 0x0000, 0x0000, 0x0000, 0x0000, 0x0000, 0x0000, 0x0000, 0x0000, 0x0000, 0x0000, 0x0000, 0x0000, 0x0000, 0x0000, 0x0000, 0x0000, 0x0000, 0x0000, 0x0000, 0x0000, 0x0000, 0x0000, 0x0000, 0x0000, 0x0000, 0x0000, 0x0000, 0x0000, 0x0000,
    0x0000, 0x0000, 0x0000, 0x0000, 0x0000, 0x0000, 0x0000, 0x0000, 0x0000, 0x0000, 0x0000, 0x0000, 0x0000, 0x0000, 0x0000, 0x0000, 0x0000, 0x0000, 0x0000, 0x0000, 0x0000, 0x0000, 0x0000, 0x0000, 0x0000, 0x0000, 0x0000, 0x0000, 0x0000, 0x0000, 0x0000, 0x0000,
    0x0000, 0x0000, 0x0000, 0x0000, 0x0000, 0x0000, 0x0000, 0x0000, 0x0000, 0x0000, 0x0000, 0x0000, 0x0000, 0x0000, 0x0000, 0x0000, 0x0000, 0x0000, 0x0000, 0x0000, 0x0000, 0x0000, 0x0000, 0x0000, 0x0000, 0x0000, 0x0000, 0x0000, 0x0000, 0x0000, 0x0000, 0x0000
  },
  // Frame 9
  {
    0x0000, 0x0000, 0x0000, 0x0000, 0x0000, 0x0000, 0x0000, 0x0000, 0x0000, 0x0000, 0x0000, 0x0000, 0x0000, 0x0000, 0x0000, 0x0000, 0x0000, 0x0000, 0x0000, 0x0000, 0x0000, 0x0000, 0x0000, 0x0000, 0x0000, 0x0000, 0x0000, 0x0000, 0x0000, 0x0000, 0x0000, 0x0000,
    0x0000, 0x0000, 0x0000, 0x0000, 0x0000, 0x0000, 0x0000, 0x0000, 0x0000, 0x0000, 0x0000, 0x0000, 0x0000, 0x0000, 0x0000, 0x0000, 0x0000, 0x0000, 0x0000, 0x0000, 0x0000, 0x0000, 0x0000, 0x0000, 0x0000, 0x0000, 0x0000, 0x0000, 0x0000, 0x0000, 0x0000, 0x0000,
    0x0000, 0x0000, 0x0000, 0x0000, 0x0000, 0x0000, 0x0000, 0x0000, 0x0000, 0x0000, 0x0000, 0x0000, 0x0000, 0x0000, 0x0000, 0x0000, 0x0000, 0x0000, 0x0000, 0x0000, 0x0000, 0x0000, 0x0000, 0x0000, 0x0000, 0x0000, 0x0000, 0x0000, 0x0000, 0x0000, 0x0000, 0x0000,
    0x0000, 0x0000, 0x0000, 0x0000, 0x0000, 0x0000, 0x0000, 0x0000, 0x0000, 0x0000, 0x0000, 0x0000, 0x0000, 0x0000, 0x0000, 0x0000, 0x0000, 0x0000, 0x0000, 0x0000, 0x0000, 0x0000, 0x0000, 0x0000, 0x0000, 0x0000, 0x0000, 0x0000, 0x0000, 0x0000, 0x0000, 0x0000,
    0x0000, 0x0000, 0x0000, 0x0000, 0x0000, 0x0000, 0x0000, 0x0000, 0x0000, 0x0000, 0x0000, 0x0000, 0x0000, 0x0000, 0x0000, 0x0000, 0x0000, 0x0000, 0x0000, 0x0000, 0x0000, 0x0000, 0x0000, 0x0000, 0x0000, 0x0000, 0x0000, 0x0000, 0x0000, 0x0000, 0x0000, 0x0000,
    0x0000, 0x0000, 0x0000, 0x0000, 0x0000, 0x0000, 0x0000, 0x0000, 0x0000, 0x0000, 0x0000, 0x0000, 0x0000, 0x0000, 0x0000, 0x0000, 0x0000, 0x0000, 0x0000, 0x0000, 0x0000, 0x0000, 0x0000, 0x0000, 0x0000, 0x0000, 0x0000, 0x0000, 0x0000, 0x0000, 0x0000, 0x0000,
    0x0000, 0x0000, 0x0000, 0x0000, 0x0000, 0x0000, 0x0000, 0x0000, 0x0000, 0x0000, 0x0000, 0x0000, 0x0000, 0x0000, 0x0000, 0x0000, 0x0000, 0x0000, 0x0000, 0x0000, 0x0000, 0x0000, 0x0000, 0x0000, 0x0000, 0x0000, 0x0000, 0x0000, 0x0000, 0x0000, 0x0000, 0x0000,
    0x0000, 0x0000, 0x0000, 0x0000, 0x0000, 0x0000, 0x0000, 0x0000, 0x0000, 0x0000, 0x0000, 0x0000, 0x0000, 0x0000, 0x0000, 0x0000, 0x8421, 0x0000, 0x0000, 0x0000, 0x0000, 0x0000, 0x0000, 0x0000, 0x0000, 0x0000, 0x0000, 0x0000, 0x0000, 0x0000, 0x0000, 0x0000,
    0x0000, 0x0000, 0x0000, 0x0000, 0x0000, 0x0000, 0x0000, 0x0000, 0x0000, 0x0000, 0x0000, 0x0000, 0x8421, 0x8421, 0x8421, 0x8421, 0x8421, 0x8421, 0x8421, 0x8421, 0x8421, 0x0000, 0x0000, 0x0000, 0x0000, 0x0000, 0x0000, 0x0000, 0x0000, 0x0000, 0x0000, 0x0000,
    0x0000, 0x0000, 0x0000, 0x0000, 0x0000, 0x0000, 0x0000, 0x0000, 0x0000, 0x0000, 0x8421, 0x9F3E, 0x9F3E, 0x8DF5, 0x9F3E, 0x9F3E, 0x9F3E, 0x8421, 0x98DD, 0x98DD, 0x8421, 0x8421, 0x0000, 0x0000, 0x0000, 0x0000, 0x0000, 0x0000, 0x0000, 0x0000, 0x0000, 0x0000,
    0x0000, 0x0000, 0x0000, 0x0000, 0x0000, 0x0000, 0x0000, 0x0000, 0x0000, 0x0000, 0x8421, 0x9F3E, 0x9F3E, 0x8DF5, 0x8421, 0x8421, 0x8421, 0x8421, 0x8421, 0x8421, 0x8421, 0x8421, 0x8421, 0x8421, 0x8421, 0x8421, 0x8421, 0x8421, 0x0000, 0x0000, 0x0000, 0x0000,
    0x0000, 0x0000, 0x0000, 0x0000, 0x0000, 0x0000, 0x0000, 0x0000, 0x0000, 0x8421, 0x98DD, 0x98DD, 0x98DD, 0xCA0F, 0x8421, 0x9063, 0x9063, 0x9063, 0xF77A, 0xF77A, 0xF77A, 0xF77A, 0xF77A, 0xF77A, 0xF77A, 0xF77A, 0xCA0F, 0x8421, 0x0000, 0x0000, 0x0000, 0x0000,
    0x0000, 0x0000, 0x0000, 0x0000, 0x0000, 0x0000, 0x0000, 0x0000, 0x8421, 0x8421, 0x98DD, 0x98DD, 0xCA0F, 0xCA0F, 0x8421, 0x9063, 0x9063, 0x9063, 0xCA0F, 0xCA0F, 0xCA0F, 0xCA0F, 0xCA0F, 0xCA0F, 0xCA0F, 0xCA0F, 0x8421, 0x8421, 0x0000, 0x0000, 0x0000, 0x0000,
    0x0000, 0x0000, 0x0000, 0x0000, 0x0000, 0x0000, 0x0000, 0x0000, 0x8421, 0x98DD, 0x8F5E, 0xCA0F, 0xCA0F, 0xCA0F, 0x8421, 0x9063, 0x9063, 0x9063, 0xA908, 0xA908, 0xA908, 0xA908, 0xA908, 0xA908, 0xA908, 0xA908, 0xA908, 0x8421, 0x0000, 0x0000, 0x0000, 0x0000,
    0x0000, 0x0000, 0x0000, 0x0000, 0x0000, 0x0000, 0x0000, 0x0000, 0x8421, 0x8F5E, 0x98DD, 0xCA0F, 0xCA0F, 0xCA0F, 0x8421, 0x8421, 0x8421, 0x8421, 0x8421, 0x8421, 0x8421, 0x8421, 0x8421, 0x8421, 0x8421, 0x8421, 0x8421, 0x8421, 0x0000, 0x0000, 0x0000, 0x0000,
    0x0000, 0x0000, 0x0000, 0x0000, 0x0000, 0x0000, 0x0000, 0x0000, 0x8421, 0x98DD, 0x98DD, 0xCA0F, 0xCA0F, 0xCA0F, 0x9F3E, 0x9F3E, 0x9F3E, 0x8DF5, 0x8DF5, 0x9063, 0x9063, 0x9063, 0x882C, 0x8F5E, 0x8421, 0x0000, 0x0000, 0x0000, 0x0000, 0x0000, 0x0000, 0x0000,
    0x0000, 0x0000, 0x0000, 0x0000, 0x0000, 0x0000, 0x0000, 0x8421, 0x98DD, 0x98DD, 0xCA0F, 0xCA0F, 0xCA0F, 0x9F3E, 0x9F3E, 0x9F3E, 0x8DF5, 0x8DF5, 0x8DF5, 0x8DF5, 0x9063, 0x9063, 0x9063, 0x882C, 0x882C, 0x8421, 0x0000, 0x0000, 0x0000, 0x0000, 0x0000, 0x0000,
    0x0000, 0x0000, 0x0000, 0x0000, 0x0000, 0x0000, 0x0000, 0x0000, 0x8421, 0x8F5E, 0x98DD, 0xCA0F, 0xCA0F, 0xCA0F, 0x9F3E, 0x8DF5, 0x8DF5, 0x8DF5, 0x8DF5, 0x9063, 0x9063, 0x9063, 0x882C, 0x882C, 0x8421, 0x0000, 0x0000, 0x0000, 0x0000, 0x0000, 0x0000, 0x0000,
    0x0000, 0x0000, 0x0000, 0x0000, 0x0000, 0x0000, 0x0000, 0x0000, 0x8421, 0x98DD, 0x98DD, 0xCA0F, 0xCA0F, 0x8421, 0x8421, 0x8421, 0x8421, 0x8421, 0x8421, 0x8421, 0x8421, 0x8421, 0x8421, 0x8421, 0x8421, 0x8421, 0x8421, 0x0000, 0x0000, 0x0000, 0x0000, 0x0000,
    0x0000, 0x0000, 0x0000, 0x0000, 0x0000, 0x0000, 0x0000, 0x0000, 0x8421, 0x98DD, 0x8F5E, 0xCA0F, 0xA908, 0x8421, 0x9063, 0x9063, 0x9063, 0xF77A, 0xF77A, 0xF77A, 0xF77A, 0xF77A, 0xF77A, 0xF77A, 0xF77A, 0xCA0F, 0x8421, 0x0000, 0x0000, 0x0000, 0x0000, 0x0000,
    0x0000, 0x0000, 0x0000, 0x0000, 0x0000, 0x0000, 0x0000, 0x0000, 0x8421, 0x8421, 0x8C56, 0x8C56, 0xA908, 0x8421, 0x9063, 0x9063, 0x9063, 0xCA0F, 0xCA0F, 0xCA0F, 0xCA0F, 0xCA0F, 0xCA0F, 0xCA0F, 0xCA0F, 0x8421, 0x8421, 0x0000, 0x0000, 0x0000, 0x0000, 0x0000,
    0x0000, 0x0000, 0x0000, 0x0000, 0x0000, 0x0000, 0x0000, 0x0000, 0x0000, 0x8421, 0x8C56, 0x8C56, 0x8C56, 0x8421, 0x9063, 0x9063, 0x9063, 0xA908, 0xA908, 0xA908, 0xA908, 0xA908, 0xA908, 0xA908, 0xA908, 0xA908, 0x8421, 0x0000, 0x0000, 0x0000, 0x0000, 0x0000,
    0x0000, 0x0000, 0x0000, 0x0000, 0x0000, 0x0000, 0x0000, 0x0000, 0x0000, 0x0000, 0x8421, 0x8C56, 0x8C56, 0x8421, 0x8421, 0x8421, 0x8421, 0x8421, 0x8421, 0x8421, 0x8421, 0x8421, 0x8421, 0x8421, 0x8421, 0x8421, 0x8421, 0x0000, 0x0000, 0x0000, 0x0000, 0x0000,
    0x0000, 0x0000, 0x0000, 0x0000, 0x0000, 0x0000, 0x0000, 0x0000, 0x0000, 0x0000, 0x0000, 0x8421, 0x8421, 0x882C, 0x882C, 0x8F5E, 0x882C, 0x882C, 0x8F5E, 0x882C, 0x8421, 0x8421, 0x0000, 0x0000, 0x0000, 0x0000, 0x0000, 0x0000, 0x0000, 0x0000, 0x0000, 0x0000,
    0x0000, 0x0000, 0x0000, 0x0000, 0x0000, 0x0000, 0x0000, 0x0000, 0x0000, 0x0000, 0x0000, 0x0000, 0x8421, 0x8421, 0x8421, 0x8421, 0x882C, 0x8421, 0x8421, 0x8421, 0x8421, 0x0000, 0x0000, 0x0000, 0x0000, 0x0000, 0x0000, 0x0000, 0x0000, 0x0000, 0x0000, 0x0000,
    0x0000, 0x0000, 0x0000, 0x0000, 0x0000, 0x0000, 0x0000, 0x0000, 0x0000, 0x0000, 0x0000, 0x0000, 0x0000, 0x0000, 0x0000, 0x0000, 0x8421, 0x0000, 0x0000, 0x0000, 0x0000, 0x0000, 0x0000, 0x0000, 0x0000, 0x0000, 0x0000, 0x0000, 0x0000, 0x0000, 0x0000, 0x0000,
    0x0000, 0x0000, 0x0000, 0x0000, 0x0000, 0x0000, 0x0000, 0x0000, 0x0000, 0x0000, 0x0000, 0x0000, 0x0000, 0x0000, 0x0000, 0x0000, 0x0000, 0x0000, 0x0000, 0x0000, 0x0000, 0x0000, 0x0000, 0x0000, 0x0000, 0x0000, 0x0000, 0x0000, 0x0000, 0x0000, 0x0000, 0x0000,
    0x0000, 0x0000, 0x0000, 0x0000, 0x0000, 0x0000, 0x0000, 0x0000, 0x0000, 0x0000, 0x0000, 0x0000, 0x0000, 0x0000, 0x0000, 0x0000, 0x0000, 0x0000, 0x0000, 0x0000, 0x0000, 0x0000, 0x0000, 0x0000, 0x0000, 0x0000, 0x0000, 0x0000, 0x0000, 0x0000, 0x0000, 0x0000,
    0x0000, 0x0000, 0x0000, 0x0000, 0x0000, 0x0000, 0x0000, 0x0000, 0x0000, 0x0000, 0x0000, 0x0000, 0x0000, 0x0000, 0x0000, 0x0000, 0x0000, 0x0000, 0x0000, 0x0000, 0x0000, 0x0000, 0x0000, 0x0000, 0x0000, 0x0000, 0x0000, 0x0000, 0x0000, 0x0000, 0x0000, 0x0000,
    0x0000, 0x0000, 0x0000, 0x0000, 0x0000, 0x0000, 0x0000, 0x0000, 0x0000, 0x0000, 0x0000, 0x0000, 0x0000, 0x0000, 0x0000, 0x0000, 0x0000, 0x0000, 0x0000, 0x0000, 0x0000, 0x0000, 0x0000, 0x0000, 0x0000, 0x0000, 0x0000, 0x0000, 0x0000, 0x0000, 0x0000, 0x0000,
    0x0000, 0x0000, 0x0000, 0x0000, 0x0000, 0x0000, 0x0000, 0x0000, 0x0000, 0x0000, 0x0000, 0x0000, 0x0000, 0x0000, 0x0000, 0x0000, 0x0000, 0x0000, 0x0000, 0x0000, 0x0000, 0x0000, 0x0000, 0x0000, 0x0000, 0x0000, 0x0000, 0x0000, 0x0000, 0x0000, 0x0000, 0x0000,
    0x0000, 0x0000, 0x0000, 0x0000, 0x0000, 0x0000, 0x0000, 0x0000, 0x0000, 0x0000, 0x0000, 0x0000, 0x0000, 0x0000, 0x0000, 0x0000, 0x0000, 0x0000, 0x0000, 0x0000, 0x0000, 0x0000, 0x0000, 0x0000, 0x0000, 0x0000, 0x0000, 0x0000, 0x0000, 0x0000, 0x0000, 0x0000
  },
  // Frame 10
  {
    0x0000, 0x0000, 0x0000, 0x0000, 0x0000, 0x0000, 0x0000, 0x0000, 0x0000, 0x0000, 0x0000, 0x0000, 0x0000, 0x0000, 0x0000, 0x0000, 0x0000, 0x0000, 0x0000, 0x0000, 0x0000, 0x0000, 0x0000, 0x0000, 0x0000, 0x0000, 0x0000, 0x0000, 0x0000, 0x0000, 0x0000, 0x0000,
    0x0000, 0x0000, 0x0000, 0x0000, 0x0000, 0x0000, 0x0000, 0x0000, 0x0000, 0x0000, 0x0000, 0x0000, 0x0000, 0x0000, 0x0000, 0x0000, 0x0000, 0x0000, 0x0000, 0x0000, 0x0000, 0x0000, 0x0000, 0x0000, 0x0000, 0x0000, 0x0000, 0x0000, 0x0000, 0x0000, 0x0000, 0x0000,
    0x0000, 0x0000, 0x0000, 0x0000, 0x0000, 0x0000, 0x0000, 0x0000, 0x0000, 0x0000, 0x0000, 0x0000, 0x0000, 0x0000, 0x0000, 0x0000, 0x0000, 0x0000, 0x0000, 0x0000, 0x0000, 0x0000, 0x0000, 0x0000, 0x0000, 0x0000, 0x0000, 0x0000, 0x0000, 0x0000, 0x0000, 0x0000,
    0x0000, 0x0000, 0x0000, 0x0000, 0x0000, 0x0000, 0x0000, 0x0000, 0x0000, 0x0000, 0x0000, 0x0000, 0x0000, 0x0000, 0x0000, 0x0000, 0x0000, 0x0000, 0x0000, 0x0000, 0x0000, 0x0000, 0x0000, 0x0000, 0x0000, 0x0000, 0x0000, 0x0000, 0x0000, 0x0000, 0x0000, 0x0000,
    0x0000, 0x0000, 0x0000, 0x0000, 0x0000, 0x0000, 0x0000, 0x0000, 0x0000, 0x0000, 0x0000, 0x0000, 0x0000, 0x0000, 0x0000, 0x0000, 0x0000, 0x0000, 0x0000, 0x0000, 0x0000, 0x0000, 0x0000, 0x0000, 0x0000, 0x0000, 0x0000, 0x0000, 0x0000, 0x0000, 0x0000, 0x0000,
    0x0000, 0x0000, 0x0000, 0x0000, 0x0000, 0x0000, 0x0000, 0x0000, 0x0000, 0x0000, 0x0000, 0x0000, 0x0000, 0x0000, 0x0000, 0x0000, 0x0000, 0x0000, 0x0000, 0x0000, 0x0000, 0x0000, 0x0000, 0x0000, 0x0000, 0x0000, 0x0000, 0x0000, 0x0000, 0x0000, 0x0000, 0x0000,
    0x0000, 0x0000, 0x0000, 0x0000, 0x0000, 0x0000, 0x0000, 0x0000, 0x0000, 0x0000, 0x0000, 0x0000, 0x0000, 0x0000, 0x0000, 0x0000, 0x0000, 0x0000, 0x0000, 0x0000, 0x0000, 0x0000, 0x0000, 0x0000, 0x0000, 0x0000, 0x0000, 0x0000, 0x0000, 0x0000, 0x0000, 0x0000,
    0x0000, 0x0000, 0x0000, 0x0000, 0x0000, 0x0000, 0x0000, 0x0000, 0x0000, 0x0000, 0x0000, 0x0000, 0x0000, 0x0000, 0x0000, 0x0000, 0x8421, 0x0000, 0x0000, 0x0000, 0x0000, 0x0000, 0x0000, 0x0000, 0x0000, 0x0000, 0x0000, 0x0000, 0x0000, 0x0000, 0x0000, 0x0000,
    0x0000, 0x0000, 0x0000, 0x0000, 0x0000, 0x0000, 0x0000, 0x0000, 0x0000, 0x0000, 0x0000, 0x0000, 0x8421, 0x8421, 0x8421, 0x8421, 0x8421, 0x8421, 0x8421, 0x8421, 0x8421, 0x0000, 0x0000, 0x0000, 0x0000, 0x0000, 0x0000, 0x0000, 0x0000, 0x0000, 0x0000, 0x0000,
    0x0000, 0x0000, 0x0000, 0x0000, 0x0000, 0x0000, 0x0000, 0x0000, 0x0000, 0x0000, 0x8421, 0x9F3E, 0x9F3E, 0x8DF5, 0x9F3E, 0x9F3E, 0x9F3E, 0x8421, 0x98DD, 0x98DD, 0x8421, 0x8421, 0x0000, 0x0000, 0x0000, 0x0000, 0x0000, 0x0000, 0x0000, 0x0000, 0x0000, 0x0000,
    0x0000, 0x0000, 0x0000, 0x0000, 0x0000, 0x0000, 0x0000, 0x0000, 0x0000, 0x0000, 0x8421, 0x9F3E, 0x9F3E, 0x8DF5, 0x8421, 0x8421, 0x8421, 0x8421, 0x8421, 0x8421, 0x8421, 0x8421, 0x8421, 0x8421, 0x8421, 0x8421, 0x8421, 0x8421, 0x0000, 0x0000, 0x0000, 0x0000,
    0x0000, 0x0000, 0x0000, 0x0000, 0x0000, 0x0000, 0x0000, 0x0000, 0x0000, 0x8421, 0x98DD, 0x98DD, 0x98DD, 0xCA0F, 0x8421, 0x9063, 0x9063, 0x9063, 0xF77A, 0xF77A, 0xF77A, 0xF77A, 0xF77A, 0xF77A, 0xF77A, 0xF77A, 0xCA0F, 0x8421, 0x0000, 0x0000, 0x0000, 0x0000,
    0x0000, 0x0000, 0x0000, 0x0000, 0x0000, 0x0000, 0x0000, 0x0000, 0x8421, 0x8421, 0x98DD, 0x98DD, 0xCA0F, 0xCA0F, 0x8421, 0x9063, 0x9063, 0x9063, 0xCA0F, 0xCA0F, 0xCA0F, 0xCA0F, 0xCA0F, 0xCA0F, 0xCA0F, 0xCA0F, 0x8421, 0x8421, 0x0000, 0x0000, 0x0000, 0x0000,
    0x0000, 0x0000, 0x0000, 0x0000, 0x0000, 0x0000, 0x0000, 0x0000, 0x8421, 0x98DD, 0x8F5E, 0xCA0F, 0xCA0F, 0xCA0F, 0x8421, 0x9063, 0x9063, 0x9063, 0xA908, 0xA908, 0xA908, 0xA908, 0xA908, 0xA908, 0xA908, 0xA908, 0xA908, 0x8421, 0x0000, 0x0000, 0x0000, 0x0000,
    0x0000, 0x0000, 0x0000, 0x0000, 0x0000, 0x0000, 0x0000, 0x0000, 0x8421, 0x8F5E, 0x98DD, 0xCA0F, 0xCA0F, 0xCA0F, 0x8421, 0x8421, 0x8421, 0x8421, 0x8421, 0x8421, 0x8421, 0x8421, 0x8421, 0x8421, 0x8421, 0x8421, 0x8421, 0x8421, 0x0000, 0x0000, 0x0000, 0x0000,
    0x0000, 0x0000, 0x0000, 0x0000, 0x0000, 0x0000, 0x0000, 0x0000, 0x8421, 0x98DD, 0x98DD, 0xCA0F, 0xCA0F, 0xCA0F, 0x9F3E, 0x9F3E, 0x9F3E, 0x8DF5, 0x8DF5, 0x9063, 0x9063, 0x9063, 0x882C, 0x8F5E, 0x8421, 0x0000, 0x0000, 0x0000, 0x0000, 0x0000, 0x0000, 0x0000,
    0x0000, 0x0000, 0x0000, 0x0000, 0x0000, 0x0000, 0x0000, 0x8421, 0x98DD, 0x98DD, 0xCA0F, 0xCA0F, 0xCA0F, 0x9F3E, 0x9F3E, 0x9F3E, 0x8DF5, 0x8DF5, 0x8DF5, 0x8DF5, 0x9063, 0x9063, 0x9063, 0x882C, 0x882C, 0x8421, 0x0000, 0x0000, 0x0000, 0x0000, 0x0000, 0x0000,
    0x0000, 0x0000, 0x0000, 0x0000, 0x0000, 0x0000, 0x0000, 0x0000, 0x8421, 0x8F5E, 0x98DD, 0xCA0F, 0xCA0F, 0xCA0F, 0x9F3E, 0x8DF5, 0x8DF5, 0x8DF5, 0x8DF5, 0x9063, 0x9063, 0x9063, 0x882C, 0x882C, 0x8421, 0x0000, 0x0000, 0x0000, 0x0000, 0x0000, 0x0000, 0x0000,
    0x0000, 0x0000, 0x0000, 0x0000, 0x0000, 0x0000, 0x0000, 0x0000, 0x8421, 0x98DD, 0x98DD, 0xCA0F, 0xCA0F, 0xA908, 0x8421, 0x8421, 0x8421, 0x8421, 0x8421, 0x8421, 0x8421, 0x8421, 0x8421, 0x8421, 0x8421, 0x8421, 0x8421, 0x8421, 0x0000, 0x0000, 0x0000, 0x0000,
    0x0000, 0x0000, 0x0000, 0x0000, 0x0000, 0x0000, 0x0000, 0x0000, 0x8421, 0x98DD, 0x8F5E, 0xCA0F, 0xA908, 0xA908, 0x8421, 0x9063, 0x9063, 0x9063, 0xF77A, 0xF77A, 0xF77A, 0xF77A, 0xF77A, 0xF77A, 0xF77A, 0xF77A, 0xCA0F, 0x8421, 0x0000, 0x0000, 0x0000, 0x0000,
    0x0000, 0x0000, 0x0000, 0x0000, 0x0000, 0x0000, 0x0000, 0x0000, 0x8421, 0x8421, 0x8C56, 0x8C56, 0xA908, 0xA908, 0x8421, 0x9063, 0x9063, 0x9063, 0xCA0F, 0xCA0F, 0xCA0F, 0xCA0F, 0xCA0F, 0xCA0F, 0xCA0F, 0xCA0F, 0x8421, 0x8421, 0x0000, 0x0000, 0x0000, 0x0000,
    0x0000, 0x0000, 0x0000, 0x0000, 0x0000, 0x0000, 0x0000, 0x0000, 0x0000, 0x8421, 0x8C56, 0x8C56, 0x8C56, 0x9063, 0x8421, 0x9063, 0x9063, 0x9063, 0xA908, 0xA908, 0xA908, 0xA908, 0xA908, 0xA908, 0xA908, 0xA908, 0xA908, 0x8421, 0x0000, 0x0000, 0x0000, 0x0000,
    0x0000, 0x0000, 0x0000, 0x0000, 0x0000, 0x0000, 0x0000, 0x0000, 0x0000, 0x0000, 0x8421, 0x8C56, 0x8C56, 0x8F5E, 0x8421, 0x8421, 0x8421, 0x8421, 0x8421, 0x8421, 0x8421, 0x8421, 0x8421, 0x8421, 0x8421, 0x8421, 0x8421, 0x8421, 0x0000, 0x0000, 0x0000, 0x0000,
    0x0000, 0x0000, 0x0000, 0x0000, 0x0000, 0x0000, 0x0000, 0x0000, 0x0000, 0x0000, 0x0000, 0x8421, 0x8421, 0x882C, 0x882C, 0x8F5E, 0x882C, 0x882C, 0x8F5E, 0x882C, 0x8421, 0x8421, 0x0000, 0x0000, 0x0000, 0x0000, 0x0000, 0x0000, 0x0000, 0x0000, 0x0000, 0x0000,
    0x0000, 0x0000, 0x0000, 0x0000, 0x0000, 0x0000, 0x0000, 0x0000, 0x0000, 0x0000, 0x0000, 0x0000, 0x8421, 0x8421, 0x8421, 0x8421, 0x882C, 0x8421, 0x8421, 0x8421, 0x8421, 0x0000, 0x0000, 0x0000, 0x0000, 0x0000, 0x0000, 0x0000, 0x0000, 0x0000, 0x0000, 0x0000,
    0x0000, 0x0000, 0x0000, 0x0000, 0x0000, 0x0000, 0x0000, 0x0000, 0x0000, 0x0000, 0x0000, 0x0000, 0x0000, 0x0000, 0x0000, 0x0000, 0x8421, 0x0000, 0x0000, 0x0000, 0x0000, 0x0000, 0x0000, 0x0000, 0x0000, 0x0000, 0x0000, 0x0000, 0x0000, 0x0000, 0x0000, 0x0000,
    0x0000, 0x0000, 0x0000, 0x0000, 0x0000, 0x0000, 0x0000, 0x0000, 0x0000, 0x0000, 0x0000, 0x0000, 0x0000, 0x0000, 0x0000, 0x0000, 0x0000, 0x0000, 0x0000, 0x0000, 0x0000, 0x0000, 0x0000, 0x0000, 0x0000, 0x0000, 0x0000, 0x0000, 0x0000, 0x0000, 0x0000, 0x0000,
    0x0000, 0x0000, 0x0000, 0x0000, 0x0000, 0x0000, 0x0000, 0x0000, 0x0000, 0x0000, 0x0000, 0x0000, 0x0000, 0x0000, 0x0000, 0x0000, 0x0000, 0x0000, 0x0000, 0x0000, 0x0000, 0x0000, 0x0000, 0x0000, 0x0000, 0x0000, 0x0000, 0x0000, 0x0000, 0x0000, 0x0000, 0x0000,
    0x0000, 0x0000, 0x0000, 0x0000, 0x0000, 0x0000, 0x0000, 0x0000, 0x0000, 0x0000, 0x0000, 0x0000, 0x0000, 0x0000, 0x0000, 0x0000, 0x0000, 0x0000, 0x0000, 0x0000, 0x0000, 0x0000, 0x0000, 0x0000, 0x0000, 0x0000, 0x0000, 0x0000, 0x0000, 0x0000, 0x0000, 0x0000,
    0x0000, 0x0000, 0x0000, 0x0000, 0x0000, 0x0000, 0x0000, 0x0000, 0x0000, 0x0000, 0x0000, 0x0000, 0x0000, 0x0000, 0x0000, 0x0000, 0x0000, 0x0000, 0x0000, 0x0000, 0x0000, 0x0000, 0x0000, 0x0000, 0x0000, 0x0000, 0x0000, 0x0000, 0x0000, 0x0000, 0x0000, 0x0000,
    0x0000, 0x0000, 0x0000, 0x0000, 0x0000, 0x0000, 0x0000, 0x0000, 0x0000, 0x0000, 0x0000, 0x0000, 0x0000, 0x0000, 0x0000, 0x0000, 0x0000, 0x0000, 0x0000, 0x0000, 0x0000, 0x0000, 0x0000, 0x0000, 0x0000, 0x0000, 0x0000, 0x0000, 0x0000, 0x0000, 0x0000, 0x0000,
    0x0000, 0x0000, 0x0000, 0x0000, 0x0000, 0x0000, 0x0000, 0x0000, 0x0000, 0x0000, 0x0000, 0x0000, 0x0000, 0x0000, 0x0000, 0x0000, 0x0000, 0x0000, 0x0000, 0x0000, 0x0000, 0x0000, 0x0000, 0x0000, 0x0000, 0x0000, 0x0000, 0x0000, 0x0000, 0x0000, 0x0000, 0x0000
  }
};

// Lascannon master frames (6 frames, 32x32 each)
const uint16_t g_las_frames[6][1024] __attribute__((aligned(4))) = {
  // Frame 0
  {
    0x0000, 0x0000, 0x0000, 0x0000, 0x0000, 0x0000, 0x0000, 0x0000, 0x0000, 0x0000, 0x0000, 0x0000, 0x0000, 0x0000, 0x0000, 0x0000, 0x0000, 0x0000, 0x0000, 0x0000, 0x0000, 0x0000, 0x0000, 0x0000, 0x0000, 0x0000, 0x0000, 0x0000, 0x0000, 0x0000, 0x0000, 0x0000,
    0x0000, 0x0000, 0x0000, 0x0000, 0x0000, 0x0000, 0x0000, 0x0000, 0x0000, 0x0000, 0x0000, 0x0000, 0x0000, 0x0000, 0x0000, 0x0000, 0x0000, 0x0000, 0x0000, 0x0000, 0x0000, 0x0000, 0x0000, 0x0000, 0x0000, 0x0000, 0x0000, 0x0000, 0x0000, 0x0000, 0x0000, 0x0000,
    0x0000, 0x0000, 0x0000, 0x0000, 0x0000, 0x0000, 0x0000, 0x0000, 0x0000, 0x0000, 0x0000, 0x0000, 0x0000, 0x0000, 0x0000, 0x0000, 0x0000, 0x0000, 0x0000, 0x0000, 0x0000, 0x0000, 0x0000, 0x0000, 0x0000, 0x0000, 0x0000, 0x0000, 0x0000, 0x0000, 0x0000, 0x0000,
    0x0000, 0x0000, 0x0000, 0x0000, 0x0000, 0x0000, 0x0000, 0x0000, 0x0000, 0x0000, 0x0000, 0x0000, 0x0000, 0x0000, 0x0000, 0x0000, 0x0000, 0x0000, 0x0000, 0x0000, 0x0000, 0x0000, 0x0000, 0x0000, 0x0000, 0x0000, 0x0000, 0x0000, 0x0000, 0x0000, 0x0000, 0x0000,
    0x0000, 0x0000, 0x0000, 0x0000, 0x0000, 0x0000, 0x0000, 0x0000, 0x0000, 0x0000, 0x0000, 0x0000, 0x0000, 0x0000, 0x0000, 0x0000, 0x0000, 0x0000, 0x0000, 0x0000, 0x0000, 0x0000, 0x0000, 0x0000, 0x0000, 0x0000, 0x0000, 0x0000, 0x0000, 0x0000, 0x0000, 0x0000,
    0x0000, 0x0000, 0x0000, 0x0000, 0x0000, 0x0000, 0x0000, 0x0000, 0x0000, 0x0000, 0x0000, 0x0000, 0x0000, 0x0000, 0x0000, 0x0000, 0x0000, 0x0000, 0x0000, 0x0000, 0x0000, 0x0000, 0x0000, 0x0000, 0x0000, 0x0000, 0x0000, 0x0000, 0x0000, 0x0000, 0x0000, 0x0000,
    0x0000, 0x0000, 0x0000, 0x0000, 0x0000, 0x0000, 0x0000, 0x0000, 0x0000, 0x0000, 0x0000, 0x0000, 0x0000, 0x0000, 0x0000, 0x0000, 0x0000, 0x0000, 0x0000, 0x0000, 0x0000, 0x0000, 0x0000, 0x0000, 0x0000, 0x0000, 0x0000, 0x0000, 0x0000, 0x0000, 0x0000, 0x0000,
    0x0000, 0x0000, 0x0000, 0x0000, 0x0000, 0x0000, 0x0000, 0x0000, 0x0000, 0x0000, 0x0000, 0x0000, 0x0000, 0x0000, 0x0000, 0x0000, 0x8421, 0x0000, 0x0000, 0x0000, 0x0000, 0x0000, 0x0000, 0x0000, 0x0000, 0x0000, 0x0000, 0x0000, 0x0000, 0x0000, 0x0000, 0x0000,
    0x0000, 0x0000, 0x0000, 0x0000, 0x0000, 0x0000, 0x0000, 0x0000, 0x0000, 0x0000, 0x0000, 0x0000, 0x8421, 0x8421, 0x8421, 0x8421, 0x98DD, 0x8421, 0x8421, 0x8421, 0x8421, 0x0000, 0x0000, 0x0000, 0x0000, 0x0000, 0x0000, 0x0000, 0x0000, 0x0000, 0x0000, 0x0000,
    0x0000, 0x0000, 0x0000, 0x0000, 0x0000, 0x0000, 0x0000, 0x0000, 0x0000, 0x0000, 0x0000, 0x8421, 0x8421, 0x98DD, 0x8F5E, 0x98DD, 0x98DD, 0x8F5E, 0x98DD, 0x98DD, 0x8421, 0x8421, 0x0000, 0x0000, 0x0000, 0x0000, 0x0000, 0x0000, 0x0000, 0x0000, 0x0000, 0x0000,
    0x0000, 0x0000, 0x0000, 0x0000, 0x0000, 0x0000, 0x0000, 0x0000, 0x0000, 0x0000, 0x8421, 0x98DD, 0x98DD, 0x8F5E, 0x98DD, 0x98DD, 0xCA0F, 0x98DD, 0x98DD, 0x8F5E, 0x8C56, 0x8C56, 0x8421, 0x0000, 0x8421, 0x0000, 0x0000, 0x0000, 0x0000, 0x0000, 0x0000, 0x0000,
    0x0000, 0x0000, 0x0000, 0x0000, 0x0000, 0x0000, 0x0000, 0x0000, 0x0000, 0x8421, 0x98DD, 0x98DD, 0x98DD, 0xCA0F, 0xCA0F, 0xCA0F, 0xCA0F, 0xCA0F, 0xCA0F, 0xCA0F, 0x8C56, 0x8C56, 0x8C56, 0x8421, 0x8421, 0x0000, 0x0000, 0x0000, 0x0000, 0x0000, 0x0000, 0x0000,
    0x0000, 0x0000, 0x0000, 0x0000, 0x0000, 0x0000, 0x0000, 0x0000, 0x8421, 0x8421, 0x98DD, 0x98DD, 0xCA0F, 0xCA0F, 0xCA0F, 0xCA0F, 0xCA0F, 0x8421, 0x8421, 0x8421, 0x8421, 0x8421, 0x8421, 0x8421, 0x8421, 0x8421, 0x8421, 0x0000, 0x0000, 0x0000, 0x0000, 0x0000,
    0x0000, 0x0000, 0x0000, 0x0000, 0x0000, 0x0000, 0x0000, 0x0000, 0x8421, 0x98DD, 0x8F5E, 0xCA0F, 0x8421, 0x8421, 0x8421, 0x8421, 0x8421, 0xF77A, 0xF77A, 0xF77A, 0xF77A, 0xF77A, 0xF77A, 0xF77A, 0xF77A, 0xF77A, 0xCA0F, 0x0000, 0x0000, 0x0000, 0x0000, 0x0000,
    0x0000, 0x0000, 0x0000, 0x0000, 0x0000, 0x0000, 0x0000, 0x0000, 0x8421, 0x8F5E, 0x98DD, 0xCA0F, 0x8421, 0xA908, 0xA908, 0xA908, 0xA908, 0xA908, 0xA908, 0xA908, 0xA908, 0xA908, 0xA908, 0xA908, 0xA908, 0xA908, 0xCA0F, 0x0000, 0x0000, 0x0000, 0x0000, 0x0000,
    0x0000, 0x0000, 0x0000, 0x0000, 0x0000, 0x0000, 0x0000, 0x0000, 0x8421, 0x98DD, 0x98DD, 0xCA0F, 0x8421, 0xA908, 0xA908, 0xA908, 0xA908, 0x8421, 0x8421, 0x8421, 0x8421, 0x8421, 0x8421, 0x8421, 0x8421, 0x8421, 0x8421, 0x0000, 0x0000, 0x0000, 0x0000, 0x0000,
    0x0000, 0x0000, 0x0000, 0x0000, 0x0000, 0x0000, 0x0000, 0x8421, 0x98DD, 0x98DD, 0xCA0F, 0xCA0F, 0x8421, 0xA908, 0xBD61, 0xBD61, 0xA908, 0x8421, 0x8DF5, 0x8DF5, 0x9063, 0x9063, 0x9063, 0x882C, 0x882C, 0x8421, 0x0000, 0x0000, 0x0000, 0x0000, 0x0000, 0x0000,
    0x0000, 0x0000, 0x0000, 0x0000, 0x0000, 0x0000, 0x0000, 0x0000, 0x8421, 0x8F5E, 0x98DD, 0xCA0F, 0x8421, 0xA908, 0xA908, 0xA908, 0xA908, 0x8421, 0x8421, 0x8421, 0x8421, 0x8421, 0x8421, 0x8421, 0x8421, 0x8421, 0x8421, 0x0000, 0x0000, 0x0000, 0x0000, 0x0000,
    0x0000, 0x0000, 0x0000, 0x0000, 0x0000, 0x0000, 0x0000, 0x0000, 0x8421, 0x98DD, 0x98DD, 0xCA0F, 0x8421, 0xA908, 0xA908, 0xA908, 0xA908, 0xF77A, 0xF77A, 0xF77A, 0xF77A, 0xF77A, 0xF77A, 0xF77A, 0xF77A, 0xF77A, 0xCA0F, 0x0000, 0x0000, 0x0000, 0x0000, 0x0000,
    0x0000, 0x0000, 0x0000, 0x0000, 0x0000, 0x0000, 0x0000, 0x0000, 0x8421, 0x98DD, 0x8F5E, 0xCA0F, 0x8421, 0x8421, 0x8421, 0x8421, 0x8421, 0xA908, 0xA908, 0xA908, 0xA908, 0xA908, 0xA908, 0xA908, 0xA908, 0xA908, 0xCA0F, 0x0000, 0x0000, 0x0000, 0x0000, 0x0000,
    0x0000, 0x0000, 0x0000, 0x0000, 0x0000, 0x0000, 0x0000, 0x0000, 0x8421, 0x8421, 0x8C56, 0x8C56, 0xA908, 0xA908, 0x9063, 0x9063, 0x9063, 0x8421, 0x8421, 0x8421, 0x8421, 0x8421, 0x8421, 0x8421, 0x8421, 0x8421, 0x8421, 0x0000, 0x0000, 0x0000, 0x0000, 0x0000,
    0x0000, 0x0000, 0x0000, 0x0000, 0x0000, 0x0000, 0x0000, 0x0000, 0x0000, 0x8421, 0x8C56, 0x8C56, 0x8C56, 0x9063, 0x9063, 0x9063, 0x9063, 0x9063, 0x9063, 0x9063, 0x882C, 0x882C, 0x882C, 0x8421, 0x8421, 0x0000, 0x0000, 0x0000, 0x0000, 0x0000, 0x0000, 0x0000,
    0x0000, 0x0000, 0x0000, 0x0000, 0x0000, 0x0000, 0x0000, 0x0000, 0x0000, 0x0000, 0x8421, 0x8C56, 0x8C56, 0x8F5E, 0x882C, 0x882C, 0x9063, 0x882C, 0x882C, 0x8F5E, 0x882C, 0x882C, 0x8421, 0x0000, 0x8421, 0x0000, 0x0000, 0x0000, 0x0000, 0x0000, 0x0000, 0x0000,
    0x0000, 0x0000, 0x0000, 0x0000, 0x0000, 0x0000, 0x0000, 0x0000, 0x0000, 0x0000, 0x0000, 0x8421, 0x8421, 0x882C, 0x882C, 0x8F5E, 0x882C, 0x882C, 0x8F5E, 0x882C, 0x8421, 0x8421, 0x0000, 0x0000, 0x0000, 0x0000, 0x0000, 0x0000, 0x0000, 0x0000, 0x0000, 0x0000,
    0x0000, 0x0000, 0x0000, 0x0000, 0x0000, 0x0000, 0x0000, 0x0000, 0x0000, 0x0000, 0x0000, 0x0000, 0x8421, 0x8421, 0x8421, 0x8421, 0x882C, 0x8421, 0x8421, 0x8421, 0x8421, 0x0000, 0x0000, 0x0000, 0x0000, 0x0000, 0x0000, 0x0000, 0x0000, 0x0000, 0x0000, 0x0000,
    0x0000, 0x0000, 0x0000, 0x0000, 0x0000, 0x0000, 0x0000, 0x0000, 0x0000, 0x0000, 0x0000, 0x0000, 0x0000, 0x0000, 0x0000, 0x0000, 0x8421, 0x0000, 0x0000, 0x0000, 0x0000, 0x0000, 0x0000, 0x0000, 0x0000, 0x0000, 0x0000, 0x0000, 0x0000, 0x0000, 0x0000, 0x0000,
    0x0000, 0x0000, 0x0000, 0x0000, 0x0000, 0x0000, 0x0000, 0x0000, 0x0000, 0x0000, 0x0000, 0x0000, 0x0000, 0x0000, 0x0000, 0x0000, 0x0000, 0x0000, 0x0000, 0x0000, 0x0000, 0x0000, 0x0000, 0x0000, 0x0000, 0x0000, 0x0000, 0x0000, 0x0000, 0x0000, 0x0000, 0x0000,
    0x0000, 0x0000, 0x0000, 0x0000, 0x0000, 0x0000, 0x0000, 0x0000, 0x0000, 0x0000, 0x0000, 0x0000, 0x0000, 0x0000, 0x0000, 0x0000, 0x0000, 0x0000, 0x0000, 0x0000, 0x0000, 0x0000, 0x0000, 0x0000, 0x0000, 0x0000, 0x0000, 0x0000, 0x0000, 0x0000, 0x0000, 0x0000,
    0x0000, 0x0000, 0x0000, 0x0000, 0x0000, 0x0000, 0x0000, 0x0000, 0x0000, 0x0000, 0x0000, 0x0000, 0x0000, 0x0000, 0x0000, 0x0000, 0x0000, 0x0000, 0x0000, 0x0000, 0x0000, 0x0000, 0x0000, 0x0000, 0x0000, 0x0000, 0x0000, 0x0000, 0x0000, 0x0000, 0x0000, 0x0000,
    0x0000, 0x0000, 0x0000, 0x0000, 0x0000, 0x0000, 0x0000, 0x0000, 0x0000, 0x0000, 0x0000, 0x0000, 0x0000, 0x0000, 0x0000, 0x0000, 0x0000, 0x0000, 0x0000, 0x0000, 0x0000, 0x0000, 0x0000, 0x0000, 0x0000, 0x0000, 0x0000, 0x0000, 0x0000, 0x0000, 0x0000, 0x0000,
    0x0000, 0x0000, 0x0000, 0x0000, 0x0000, 0x0000, 0x0000, 0x0000, 0x0000, 0x0000, 0x0000, 0x0000, 0x0000, 0x0000, 0x0000, 0x0000, 0x0000, 0x0000, 0x0000, 0x0000, 0x0000, 0x0000, 0x0000, 0x0000, 0x0000, 0x0000, 0x0000, 0x0000, 0x0000, 0x0000, 0x0000, 0x0000,
    0x0000, 0x0000, 0x0000, 0x0000, 0x0000, 0x0000, 0x0000, 0x0000, 0x0000, 0x0000, 0x0000, 0x0000, 0x0000, 0x0000, 0x0000, 0x0000, 0x0000, 0x0000, 0x0000, 0x0000, 0x0000, 0x0000, 0x0000, 0x0000, 0x0000, 0x0000, 0x0000, 0x0000, 0x0000, 0x0000, 0x0000, 0x0000
  },
  // Frame 1
  {
    0x0000, 0x0000, 0x0000, 0x0000, 0x0000, 0x0000, 0x0000, 0x0000, 0x0000, 0x0000, 0x0000, 0x0000, 0x0000, 0x0000, 0x0000, 0x0000, 0x0000, 0x0000, 0x0000, 0x0000, 0x0000, 0x0000, 0x0000, 0x0000, 0x0000, 0x0000, 0x0000, 0x0000, 0x0000, 0x0000, 0x0000, 0x0000,
    0x0000, 0x0000, 0x0000, 0x0000, 0x0000, 0x0000, 0x0000, 0x0000, 0x0000, 0x0000, 0x0000, 0x0000, 0x0000, 0x0000, 0x0000, 0x0000, 0x0000, 0x0000, 0x0000, 0x0000, 0x0000, 0x0000, 0x0000, 0x0000, 0x0000, 0x0000, 0x0000, 0x0000, 0x0000, 0x0000, 0x0000, 0x0000,
    0x0000, 0x0000, 0x0000, 0x0000, 0x0000, 0x0000, 0x0000, 0x0000, 0x0000, 0x0000, 0x0000, 0x0000, 0x0000, 0x0000, 0x0000, 0x0000, 0x0000, 0x0000, 0x0000, 0x0000, 0x0000, 0x0000, 0x0000, 0x0000, 0x0000, 0x0000, 0x0000, 0x0000, 0x0000, 0x0000, 0x0000, 0x0000,
    0x0000, 0x0000, 0x0000, 0x0000, 0x0000, 0x0000, 0x0000, 0x0000, 0x0000, 0x0000, 0x0000, 0x0000, 0x0000, 0x0000, 0x0000, 0x0000, 0x0000, 0x0000, 0x0000, 0x0000, 0x0000, 0x0000, 0x0000, 0x0000, 0x0000, 0x0000, 0x0000, 0x0000, 0x0000, 0x0000, 0x0000, 0x0000,
    0x0000, 0x0000, 0x0000, 0x0000, 0x0000, 0x0000, 0x0000, 0x0000, 0x0000, 0x0000, 0x0000, 0x0000, 0x0000, 0x0000, 0x0000, 0x0000, 0x0000, 0x0000, 0x0000, 0x0000, 0x0000, 0x0000, 0x0000, 0x0000, 0x0000, 0x0000, 0x0000, 0x0000, 0x0000, 0x0000, 0x0000, 0x0000,
    0x0000, 0x0000, 0x0000, 0x0000, 0x0000, 0x0000, 0x0000, 0x0000, 0x0000, 0x0000, 0x0000, 0x0000, 0x0000, 0x0000, 0x0000, 0x0000, 0x0000, 0x0000, 0x0000, 0x0000, 0x0000, 0x0000, 0x0000, 0x0000, 0x0000, 0x0000, 0x0000, 0x0000, 0x0000, 0x0000, 0x0000, 0x0000,
    0x0000, 0x0000, 0x0000, 0x0000, 0x0000, 0x0000, 0x0000, 0x0000, 0x0000, 0x0000, 0x0000, 0x0000, 0x0000, 0x0000, 0x0000, 0x0000, 0x0000, 0x0000, 0x0000, 0x0000, 0x0000, 0x0000, 0x0000, 0x0000, 0x0000, 0x0000, 0x0000, 0x0000, 0x0000, 0x0000, 0x0000, 0x0000,
    0x0000, 0x0000, 0x0000, 0x0000, 0x0000, 0x0000, 0x0000, 0x0000, 0x0000, 0x0000, 0x0000, 0x0000, 0x0000, 0x0000, 0x0000, 0x0000, 0x8421, 0x0000, 0x0000, 0x0000, 0x0000, 0x0000, 0x0000, 0x0000, 0x0000, 0x0000, 0x0000, 0x0000, 0x0000, 0x0000, 0x0000, 0x0000,
    0x0000, 0x0000, 0x0000, 0x0000, 0x0000, 0x0000, 0x0000, 0x0000, 0x0000, 0x0000, 0x0000, 0x0000, 0x8421, 0x8421, 0x8421, 0x8421, 0x98DD, 0x8421, 0x8421, 0x8421, 0x8421, 0x0000, 0x0000, 0x0000, 0x0000, 0x0000, 0x0000, 0x0000, 0x0000, 0x0000, 0x0000, 0x0000,
    0x0000, 0x0000, 0x0000, 0x0000, 0x0000, 0x0000, 0x0000, 0x0000, 0x0000, 0x0000, 0x0000, 0x8421, 0x8421, 0x98DD, 0x8F5E, 0x98DD, 0x98DD, 0x8F5E, 0x98DD, 0x98DD, 0x8421, 0x8421, 0x0000, 0x0000, 0x0000, 0x0000, 0x0000, 0x0000, 0x0000, 0x0000, 0x0000, 0x0000,
    0x0000, 0x0000, 0x0000, 0x0000, 0x0000, 0x0000, 0x0000, 0x0000, 0x0000, 0x0000, 0x8421, 0x98DD, 0x98DD, 0x8F5E, 0x98DD, 0x98DD, 0xCA0F, 0x98DD, 0x98DD, 0x8F5E, 0x8C56, 0x8C56, 0x8421, 0x0000, 0x8421, 0x0000, 0x0000, 0x0000, 0x0000, 0x0000, 0x0000, 0x0000,
    0x0000, 0x0000, 0x0000, 0x0000, 0x0000, 0x0000, 0x0000, 0x0000, 0x0000, 0x8421, 0x98DD, 0x98DD, 0x98DD, 0xCA0F, 0xCA0F, 0xCA0F, 0xCA0F, 0xCA0F, 0xCA0F, 0xCA0F, 0x8C56, 0x8C56, 0x8C56, 0x8421, 0x8421, 0x0000, 0x0000, 0x0000, 0x0000, 0x0000, 0x0000, 0x0000,
    0x0000, 0x0000, 0x0000, 0x0000, 0x0000, 0x0000, 0x0000, 0x0000, 0x8421, 0x8421, 0x98DD, 0x98DD, 0xCA0F, 0xCA0F, 0xCA0F, 0xCA0F, 0xCA0F, 0x8421, 0x8421, 0x8421, 0x8421, 0x8421, 0x8421, 0x8421, 0x8421, 0x8421, 0x8421, 0x0000, 0x0000, 0x0000, 0x0000, 0x0000,
    0x0000, 0x0000, 0x0000, 0x0000, 0x0000, 0x0000, 0x0000, 0x0000, 0x8421, 0x98DD, 0x8F5E, 0xCA0F, 0x8421, 0x8421, 0x8421, 0x8421, 0x8421, 0xF77A, 0xF77A, 0xF77A, 0xF77A, 0xF77A, 0xF77A, 0xF77A, 0xF77A, 0xF77A, 0xFFFD, 0x0000, 0x0000, 0x0000, 0x0000, 0x0000,
    0x0000, 0x0000, 0x0000, 0x0000, 0x0000, 0x0000, 0x0000, 0x0000, 0x8421, 0x8F5E, 0x98DD, 0xCA0F, 0x8421, 0xA908, 0xA908, 0xA908, 0xA908, 0xA908, 0xA908, 0xA908, 0xA908, 0xA908, 0xA908, 0xA908, 0xA908, 0xA908, 0xFFFD, 0x0000, 0x0000, 0x0000, 0x0000, 0x0000,
    0x0000, 0x0000, 0x0000, 0x0000, 0x0000, 0x0000, 0x0000, 0x0000, 0x8421, 0x98DD, 0x98DD, 0xCA0F, 0x8421, 0xA908, 0xA908, 0xA908, 0xA908, 0x8421, 0x8421, 0x8421, 0x8421, 0x8421, 0x8421, 0x8421, 0x8421, 0x8421, 0x8421, 0x0000, 0x0000, 0x0000, 0x0000, 0x0000,
    0x0000, 0x0000, 0x0000, 0x0000, 0x0000, 0x0000, 0x0000, 0x8421, 0x98DD, 0x98DD, 0xCA0F, 0xCA0F, 0x8421, 0xA908, 0xFFFD, 0xFFFD, 0xA908, 0xFF65, 0xFF65, 0xFF65, 0xFFFD, 0xFFFD, 0xFF65, 0xFF65, 0xFF65, 0xFF65, 0x0000, 0x0000, 0x0000, 0x0000, 0x0000, 0x0000,
    0x0000, 0x0000, 0x0000, 0x0000, 0x0000, 0x0000, 0x0000, 0x0000, 0x8421, 0x8F5E, 0x98DD, 0xCA0F, 0x8421, 0xA908, 0xA908, 0xA908, 0xA908, 0x8421, 0x8421, 0x8421, 0x8421, 0x8421, 0x8421, 0x8421, 0x8421, 0x8421, 0x8421, 0x0000, 0x0000, 0x0000, 0x0000, 0x0000,
    0x0000, 0x0000, 0x0000, 0x0000, 0x0000, 0x0000, 0x0000, 0x0000, 0x8421, 0x98DD, 0x98DD, 0xCA0F, 0x8421, 0xA908, 0xA908, 0xA908, 0xA908, 0xF77A, 0xF77A, 0xF77A, 0xF77A, 0xF77A, 0xF77A, 0xF77A, 0xF77A, 0xF77A, 0xFFFD, 0x0000, 0x0000, 0x0000, 0x0000, 0x0000,
    0x0000, 0x0000, 0x0000, 0x0000, 0x0000, 0x0000, 0x0000, 0x0000, 0x8421, 0x98DD, 0x8F5E, 0xCA0F, 0x8421, 0x8421, 0x8421, 0x8421, 0x8421, 0xA908, 0xA908, 0xA908, 0xA908, 0xA908, 0xA908, 0xA908, 0xA908, 0xA908, 0xFFFD, 0x0000, 0x0000, 0x0000, 0x0000, 0x0000,
    0x0000, 0x0000, 0x0000, 0x0000, 0x0000, 0x0000, 0x0000, 0x0000, 0x8421, 0x8421, 0x8C56, 0x8C56, 0xA908, 0xA908, 0x9063, 0x9063, 0x9063, 0x8421, 0x8421, 0x8421, 0x8421, 0x8421, 0x8421, 0x8421, 0x8421, 0x8421, 0x8421, 0x0000, 0x0000, 0x0000, 0x0000, 0x0000,
    0x0000, 0x0000, 0x0000, 0x0000, 0x0000, 0x0000, 0x0000, 0x0000, 0x0000, 0x8421, 0x8C56, 0x8C56, 0x8C56, 0x9063, 0x9063, 0x9063, 0x9063, 0x9063, 0x9063, 0x9063, 0x882C, 0x882C, 0x882C, 0x8421, 0x8421, 0x0000, 0x0000, 0x0000, 0x0000, 0x0000, 0x0000, 0x0000,
    0x0000, 0x0000, 0x0000, 0x0000, 0x0000, 0x0000, 0x0000, 0x0000, 0x0000, 0x0000, 0x8421, 0x8C56, 0x8C56, 0x8F5E, 0x882C, 0x882C, 0x9063, 0x882C, 0x882C, 0x8F5E, 0x882C, 0x882C, 0x8421, 0x0000, 0x8421, 0x0000, 0x0000, 0x0000, 0x0000, 0x0000, 0x0000, 0x0000,
    0x0000, 0x0000, 0x0000, 0x0000, 0x0000, 0x0000, 0x0000, 0x0000, 0x0000, 0x0000, 0x0000, 0x8421, 0x8421, 0x882C, 0x882C, 0x8F5E, 0x882C, 0x882C, 0x8F5E, 0x882C, 0x8421, 0x8421, 0x0000, 0x0000, 0x0000, 0x0000, 0x0000, 0x0000, 0x0000, 0x0000, 0x0000, 0x0000,
    0x0000, 0x0000, 0x0000, 0x0000, 0x0000, 0x0000, 0x0000, 0x0000, 0x0000, 0x0000, 0x0000, 0x0000, 0x8421, 0x8421, 0x8421, 0x8421, 0x882C, 0x8421, 0x8421, 0x8421, 0x8421, 0x0000, 0x0000, 0x0000, 0x0000, 0x0000, 0x0000, 0x0000, 0x0000, 0x0000, 0x0000, 0x0000,
    0x0000, 0x0000, 0x0000, 0x0000, 0x0000, 0x0000, 0x0000, 0x0000, 0x0000, 0x0000, 0x0000, 0x0000, 0x0000, 0x0000, 0x0000, 0x0000, 0x8421, 0x0000, 0x0000, 0x0000, 0x0000, 0x0000, 0x0000, 0x0000, 0x0000, 0x0000, 0x0000, 0x0000, 0x0000, 0x0000, 0x0000, 0x0000,
    0x0000, 0x0000, 0x0000, 0x0000, 0x0000, 0x0000, 0x0000, 0x0000, 0x0000, 0x0000, 0x0000, 0x0000, 0x0000, 0x0000, 0x0000, 0x0000, 0x0000, 0x0000, 0x0000, 0x0000, 0x0000, 0x0000, 0x0000, 0x0000, 0x0000, 0x0000, 0x0000, 0x0000, 0x0000, 0x0000, 0x0000, 0x0000,
    0x0000, 0x0000, 0x0000, 0x0000, 0x0000, 0x0000, 0x0000, 0x0000, 0x0000, 0x0000, 0x0000, 0x0000, 0x0000, 0x0000, 0x0000, 0x0000, 0x0000, 0x0000, 0x0000, 0x0000, 0x0000, 0x0000, 0x0000, 0x0000, 0x0000, 0x0000, 0x0000, 0x0000, 0x0000, 0x0000, 0x0000, 0x0000,
    0x0000, 0x0000, 0x0000, 0x0000, 0x0000, 0x0000, 0x0000, 0x0000, 0x0000, 0x0000, 0x0000, 0x0000, 0x0000, 0x0000, 0x0000, 0x0000, 0x0000, 0x0000, 0x0000, 0x0000, 0x0000, 0x0000, 0x0000, 0x0000, 0x0000, 0x0000, 0x0000, 0x0000, 0x0000, 0x0000, 0x0000, 0x0000,
    0x0000, 0x0000, 0x0000, 0x0000, 0x0000, 0x0000, 0x0000, 0x0000, 0x0000, 0x0000, 0x0000, 0x0000, 0x0000, 0x0000, 0x0000, 0x0000, 0x0000, 0x0000, 0x0000, 0x0000, 0x0000, 0x0000, 0x0000, 0x0000, 0x0000, 0x0000, 0x0000, 0x0000, 0x0000, 0x0000, 0x0000, 0x0000,
    0x0000, 0x0000, 0x0000, 0x0000, 0x0000, 0x0000, 0x0000, 0x0000, 0x0000, 0x0000, 0x0000, 0x0000, 0x0000, 0x0000, 0x0000, 0x0000, 0x0000, 0x0000, 0x0000, 0x0000, 0x0000, 0x0000, 0x0000, 0x0000, 0x0000, 0x0000, 0x0000, 0x0000, 0x0000, 0x0000, 0x0000, 0x0000,
    0x0000, 0x0000, 0x0000, 0x0000, 0x0000, 0x0000, 0x0000, 0x0000, 0x0000, 0x0000, 0x0000, 0x0000, 0x0000, 0x0000, 0x0000, 0x0000, 0x0000, 0x0000, 0x0000, 0x0000, 0x0000, 0x0000, 0x0000, 0x0000, 0x0000, 0x0000, 0x0000, 0x0000, 0x0000, 0x0000, 0x0000, 0x0000
  },
  // Frame 2
  {
    0x0000, 0x0000, 0x0000, 0x0000, 0x0000, 0x0000, 0x0000, 0x0000, 0x0000, 0x0000, 0x0000, 0x0000, 0x0000, 0x0000, 0x0000, 0x0000, 0x0000, 0x0000, 0x0000, 0x0000, 0x0000, 0x0000, 0x0000, 0x0000, 0x0000, 0x0000, 0x0000, 0x0000, 0x0000, 0x0000, 0x0000, 0x0000,
    0x0000, 0x0000, 0x0000, 0x0000, 0x0000, 0x0000, 0x0000, 0x0000, 0x0000, 0x0000, 0x0000, 0x0000, 0x0000, 0x0000, 0x0000, 0x0000, 0x0000, 0x0000, 0x0000, 0x0000, 0x0000, 0x0000, 0x0000, 0x0000, 0x0000, 0x0000, 0x0000, 0x0000, 0x0000, 0x0000, 0x0000, 0x0000,
    0x0000, 0x0000, 0x0000, 0x0000, 0x0000, 0x0000, 0x0000, 0x0000, 0x0000, 0x0000, 0x0000, 0x0000, 0x0000, 0x0000, 0x0000, 0x0000, 0x0000, 0x0000, 0x0000, 0x0000, 0x0000, 0x0000, 0x0000, 0x0000, 0x0000, 0x0000, 0x0000, 0x0000, 0x0000, 0x0000, 0x0000, 0x0000,
    0x0000, 0x0000, 0x0000, 0x0000, 0x0000, 0x0000, 0x0000, 0x0000, 0x0000, 0x0000, 0x0000, 0x0000, 0x0000, 0x0000, 0x0000, 0x0000, 0x0000, 0x0000, 0x0000, 0x0000, 0x0000, 0x0000, 0x0000, 0x0000, 0x0000, 0x0000, 0x0000, 0x0000, 0x0000, 0x0000, 0x0000, 0x0000,
    0x0000, 0x0000, 0x0000, 0x0000, 0x0000, 0x0000, 0x0000, 0x0000, 0x0000, 0x0000, 0x0000, 0x0000, 0x0000, 0x0000, 0x0000, 0x0000, 0x0000, 0x0000, 0x0000, 0x0000, 0x0000, 0x0000, 0x0000, 0x0000, 0x0000, 0x0000, 0x0000, 0x0000, 0x0000, 0x0000, 0x0000, 0x0000,
    0x0000, 0x0000, 0x0000, 0x0000, 0x0000, 0x0000, 0x0000, 0x0000, 0x0000, 0x0000, 0x0000, 0x0000, 0x0000, 0x0000, 0x0000, 0x0000, 0x0000, 0x0000, 0x0000, 0x0000, 0x0000, 0x0000, 0x0000, 0x0000, 0x0000, 0x0000, 0x0000, 0x0000, 0x0000, 0x0000, 0x0000, 0x0000,
    0x0000, 0x0000, 0x0000, 0x0000, 0x0000, 0x0000, 0x0000, 0x0000, 0x0000, 0x0000, 0x0000, 0x0000, 0x0000, 0x0000, 0x0000, 0x0000, 0x0000, 0x0000, 0x0000, 0x0000, 0x0000, 0x0000, 0x0000, 0x0000, 0x0000, 0x0000, 0x0000, 0x0000, 0x0000, 0x0000, 0x0000, 0x0000,
    0x0000, 0x0000, 0x0000, 0x0000, 0x0000, 0x0000, 0x0000, 0x0000, 0x0000, 0x0000, 0x0000, 0x0000, 0x0000, 0x0000, 0x0000, 0x0000, 0x8421, 0x0000, 0x0000, 0x0000, 0x0000, 0x0000, 0x0000, 0x0000, 0x0000, 0x0000, 0x0000, 0x0000, 0x0000, 0x0000, 0x0000, 0x0000,
    0x0000, 0x0000, 0x0000, 0x0000, 0x0000, 0x0000, 0x0000, 0x0000, 0x0000, 0x0000, 0x0000, 0x0000, 0x8421, 0x8421, 0x8421, 0x8421, 0x98DD, 0x8421, 0x8421, 0x8421, 0x8421, 0x0000, 0x0000, 0x0000, 0x0000, 0x0000, 0x0000, 0x0000, 0x0000, 0x0000, 0x0000, 0x0000,
    0x0000, 0x0000, 0x0000, 0x0000, 0x0000, 0x0000, 0x0000, 0x0000, 0x0000, 0x0000, 0x0000, 0x8421, 0x8421, 0x98DD, 0x8F5E, 0x98DD, 0x98DD, 0x8F5E, 0x98DD, 0x98DD, 0x8421, 0x8421, 0x0000, 0x0000, 0x0000, 0x0000, 0x0000, 0x0000, 0x0000, 0x0000, 0x0000, 0x0000,
    0x0000, 0x0000, 0x0000, 0x0000, 0x0000, 0x0000, 0x0000, 0x0000, 0x0000, 0x0000, 0x8421, 0x98DD, 0x98DD, 0x8F5E, 0x98DD, 0x98DD, 0xCA0F, 0x98DD, 0x98DD, 0x8F5E, 0x8C56, 0x8C56, 0x8421, 0x0000, 0x8421, 0x0000, 0x0000, 0x0000, 0x0000, 0x0000, 0x0000, 0x0000,
    0x0000, 0x0000, 0x0000, 0x0000, 0x0000, 0x0000, 0x0000, 0x0000, 0x0000, 0x8421, 0x98DD, 0x98DD, 0x98DD, 0xCA0F, 0xCA0F, 0xCA0F, 0xCA0F, 0xCA0F, 0xCA0F, 0xCA0F, 0x8C56, 0x8C56, 0x8C56, 0x8421, 0x8421, 0x0000, 0x0000, 0x0000, 0x0000, 0x0000, 0x0000, 0x0000,
    0x0000, 0x0000, 0x0000, 0x0000, 0x0000, 0x0000, 0x0000, 0x0000, 0x8421, 0x8421, 0x98DD, 0x98DD, 0xCA0F, 0xCA0F, 0x8421, 0x8421, 0x8421, 0x8421, 0x8421, 0x8421, 0x8421, 0x8421, 0x8421, 0x8421, 0x8421, 0x0000, 0x0000, 0x0000, 0x0000, 0x0000, 0x0000, 0x0000,
    0x0000, 0x0000, 0x0000, 0x0000, 0x0000, 0x0000, 0x0000, 0x0000, 0x8421, 0x8421, 0x8421, 0x8421, 0x8421, 0x8421, 0xF77A, 0xF77A, 0xF77A, 0xF77A, 0xF77A, 0xF77A, 0xF77A, 0xF77A, 0xF77A, 0xFFFD, 0x8421, 0x0000, 0x0000, 0x0000, 0x0000, 0x0000, 0x0000, 0x0000,
    0x0000, 0x0000, 0x0000, 0x0000, 0x0000, 0x0000, 0x0000, 0x0000, 0x8421, 0x8421, 0xA908, 0xA908, 0xA908, 0xA908, 0xA908, 0xA908, 0xA908, 0xA908, 0xA908, 0xA908, 0xA908, 0xA908, 0xA908, 0xFFFD, 0x8421, 0x0000, 0x0000, 0x0000, 0x0000, 0x0000, 0x0000, 0x0000,
    0x0000, 0x0000, 0x0000, 0x0000, 0x0000, 0x0000, 0x0000, 0x0000, 0x8421, 0x8421, 0xA908, 0xA908, 0xA908, 0xA908, 0x8421, 0x8421, 0x8421, 0x8421, 0x8421, 0x8421, 0x8421, 0x8421, 0x8421, 0x8421, 0xFF65, 0xFF65, 0xFF65, 0xFF65, 0xFF65, 0xFF65, 0xFF65, 0xFF65,
    0x0000, 0x0000, 0x0000, 0x0000, 0x0000, 0x0000, 0x0000, 0x8421, 0x98DD, 0x8421, 0xA908, 0xFFFD, 0xFFFD, 0xA908, 0xFFFD, 0xFFFD, 0xFFFD, 0xFFFD, 0xFFFD, 0xFFFD, 0xFFFD, 0xFFFD, 0xFFFD, 0xFFFD, 0xFFFD, 0xFFFD, 0xFFFD, 0xFFFD, 0xFFFD, 0xFFFD, 0xFFFD, 0xFFFD,
    0x0000, 0x0000, 0x0000, 0x0000, 0x0000, 0x0000, 0x0000, 0x0000, 0x8421, 0x8421, 0xA908, 0xA908, 0xA908, 0xA908, 0x8421, 0x8421, 0x8421, 0x8421, 0x8421, 0x8421, 0x8421, 0x8421, 0x8421, 0x8421, 0xFF65, 0xFF65, 0xFF65, 0xFF65, 0xFF65, 0xFF65, 0xFF65, 0xFF65,
    0x0000, 0x0000, 0x0000, 0x0000, 0x0000, 0x0000, 0x0000, 0x0000, 0x8421, 0x8421, 0xA908, 0xA908, 0xA908, 0xA908, 0xF77A, 0xF77A, 0xF77A, 0xF77A, 0xF77A, 0xF77A, 0xF77A, 0xF77A, 0xF77A, 0xFFFD, 0x8421, 0x0000, 0x0000, 0x0000, 0x0000, 0x0000, 0x0000, 0x0000,
    0x0000, 0x0000, 0x0000, 0x0000, 0x0000, 0x0000, 0x0000, 0x0000, 0x8421, 0x8421, 0x8421, 0x8421, 0x8421, 0x8421, 0xA908, 0xA908, 0xA908, 0xA908, 0xA908, 0xA908, 0xA908, 0xA908, 0xA908, 0xFFFD, 0x8421, 0x0000, 0x0000, 0x0000, 0x0000, 0x0000, 0x0000, 0x0000,
    0x0000, 0x0000, 0x0000, 0x0000, 0x0000, 0x0000, 0x0000, 0x0000, 0x8421, 0x8421, 0x8C56, 0x8C56, 0xA908, 0xA908, 0x8421, 0x8421, 0x8421, 0x8421, 0x8421, 0x8421, 0x8421, 0x8421, 0x8421, 0x8421, 0x8421, 0x0000, 0x0000, 0x0000, 0x0000, 0x0000, 0x0000, 0x0000,
    0x0000, 0x0000, 0x0000, 0x0000, 0x0000, 0x0000, 0x0000, 0x0000, 0x0000, 0x8421, 0x8C56, 0x8C56, 0x8C56, 0x9063, 0x9063, 0x9063, 0x9063, 0x9063, 0x9063, 0x9063, 0x882C, 0x882C, 0x882C, 0x8421, 0x8421, 0x0000, 0x0000, 0x0000, 0x0000, 0x0000, 0x0000, 0x0000,
    0x0000, 0x0000, 0x0000, 0x0000, 0x0000, 0x0000, 0x0000, 0x0000, 0x0000, 0x0000, 0x8421, 0x8C56, 0x8C56, 0x8F5E, 0x882C, 0x882C, 0x9063, 0x882C, 0x882C, 0x8F5E, 0x882C, 0x882C, 0x8421, 0x0000, 0x8421, 0x0000, 0x0000, 0x0000, 0x0000, 0x0000, 0x0000, 0x0000,
    0x0000, 0x0000, 0x0000, 0x0000, 0x0000, 0x0000, 0x0000, 0x0000, 0x0000, 0x0000, 0x0000, 0x8421, 0x8421, 0x882C, 0x882C, 0x8F5E, 0x882C, 0x882C, 0x8F5E, 0x882C, 0x8421, 0x8421, 0x0000, 0x0000, 0x0000, 0x0000, 0x0000, 0x0000, 0x0000, 0x0000, 0x0000, 0x0000,
    0x0000, 0x0000, 0x0000, 0x0000, 0x0000, 0x0000, 0x0000, 0x0000, 0x0000, 0x0000, 0x0000, 0x0000, 0x8421, 0x8421, 0x8421, 0x8421, 0x882C, 0x8421, 0x8421, 0x8421, 0x8421, 0x0000, 0x0000, 0x0000, 0x0000, 0x0000, 0x0000, 0x0000, 0x0000, 0x0000, 0x0000, 0x0000,
    0x0000, 0x0000, 0x0000, 0x0000, 0x0000, 0x0000, 0x0000, 0x0000, 0x0000, 0x0000, 0x0000, 0x0000, 0x0000, 0x0000, 0x0000, 0x0000, 0x8421, 0x0000, 0x0000, 0x0000, 0x0000, 0x0000, 0x0000, 0x0000, 0x0000, 0x0000, 0x0000, 0x0000, 0x0000, 0x0000, 0x0000, 0x0000,
    0x0000, 0x0000, 0x0000, 0x0000, 0x0000, 0x0000, 0x0000, 0x0000, 0x0000, 0x0000, 0x0000, 0x0000, 0x0000, 0x0000, 0x0000, 0x0000, 0x0000, 0x0000, 0x0000, 0x0000, 0x0000, 0x0000, 0x0000, 0x0000, 0x0000, 0x0000, 0x0000, 0x0000, 0x0000, 0x0000, 0x0000, 0x0000,
    0x0000, 0x0000, 0x0000, 0x0000, 0x0000, 0x0000, 0x0000, 0x0000, 0x0000, 0x0000, 0x0000, 0x0000, 0x0000, 0x0000, 0x0000, 0x0000, 0x0000, 0x0000, 0x0000, 0x0000, 0x0000, 0x0000, 0x0000, 0x0000, 0x0000, 0x0000, 0x0000, 0x0000, 0x0000, 0x0000, 0x0000, 0x0000,
    0x0000, 0x0000, 0x0000, 0x0000, 0x0000, 0x0000, 0x0000, 0x0000, 0x0000, 0x0000, 0x0000, 0x0000, 0x0000, 0x0000, 0x0000, 0x0000, 0x0000, 0x0000, 0x0000, 0x0000, 0x0000, 0x0000, 0x0000, 0x0000, 0x0000, 0x0000, 0x0000, 0x0000, 0x0000, 0x0000, 0x0000, 0x0000,
    0x0000, 0x0000, 0x0000, 0x0000, 0x0000, 0x0000, 0x0000, 0x0000, 0x0000, 0x0000, 0x0000, 0x0000, 0x0000, 0x0000, 0x0000, 0x0000, 0x0000, 0x0000, 0x0000, 0x0000, 0x0000, 0x0000, 0x0000, 0x0000, 0x0000, 0x0000, 0x0000, 0x0000, 0x0000, 0x0000, 0x0000, 0x0000,
    0x0000, 0x0000, 0x0000, 0x0000, 0x0000, 0x0000, 0x0000, 0x0000, 0x0000, 0x0000, 0x0000, 0x0000, 0x0000, 0x0000, 0x0000, 0x0000, 0x0000, 0x0000, 0x0000, 0x0000, 0x0000, 0x0000, 0x0000, 0x0000, 0x0000, 0x0000, 0x0000, 0x0000, 0x0000, 0x0000, 0x0000, 0x0000,
    0x0000, 0x0000, 0x0000, 0x0000, 0x0000, 0x0000, 0x0000, 0x0000, 0x0000, 0x0000, 0x0000, 0x0000, 0x0000, 0x0000, 0x0000, 0x0000, 0x0000, 0x0000, 0x0000, 0x0000, 0x0000, 0x0000, 0x0000, 0x0000, 0x0000, 0x0000, 0x0000, 0x0000, 0x0000, 0x0000, 0x0000, 0x0000
  },
  // Frame 3
  {
    0x0000, 0x0000, 0x0000, 0x0000, 0x0000, 0x0000, 0x0000, 0x0000, 0x0000, 0x0000, 0x0000, 0x0000, 0x0000, 0x0000, 0x0000, 0x0000, 0x0000, 0x0000, 0x0000, 0x0000, 0x0000, 0x0000, 0x0000, 0x0000, 0x0000, 0x0000, 0x0000, 0x0000, 0x0000, 0x0000, 0x0000, 0x0000,
    0x0000, 0x0000, 0x0000, 0x0000, 0x0000, 0x0000, 0x0000, 0x0000, 0x0000, 0x0000, 0x0000, 0x0000, 0x0000, 0x0000, 0x0000, 0x0000, 0x0000, 0x0000, 0x0000, 0x0000, 0x0000, 0x0000, 0x0000, 0x0000, 0x0000, 0x0000, 0x0000, 0x0000, 0x0000, 0x0000, 0x0000, 0x0000,
    0x0000, 0x0000, 0x0000, 0x0000, 0x0000, 0x0000, 0x0000, 0x0000, 0x0000, 0x0000, 0x0000, 0x0000, 0x0000, 0x0000, 0x0000, 0x0000, 0x0000, 0x0000, 0x0000, 0x0000, 0x0000, 0x0000, 0x0000, 0x0000, 0x0000, 0x0000, 0x0000, 0x0000, 0x0000, 0x0000, 0x0000, 0x0000,
    0x0000, 0x0000, 0x0000, 0x0000, 0x0000, 0x0000, 0x0000, 0x0000, 0x0000, 0x0000, 0x0000, 0x0000, 0x0000, 0x0000, 0x0000, 0x0000, 0x0000, 0x0000, 0x0000, 0x0000, 0x0000, 0x0000, 0x0000, 0x0000, 0x0000, 0x0000, 0x0000, 0x0000, 0x0000, 0x0000, 0x0000, 0x0000,
    0x0000, 0x0000, 0x0000, 0x0000, 0x0000, 0x0000, 0x0000, 0x0000, 0x0000, 0x0000, 0x0000, 0x0000, 0x0000, 0x0000, 0x0000, 0x0000, 0x0000, 0x0000, 0x0000, 0x0000, 0x0000, 0x0000, 0x0000, 0x0000, 0x0000, 0x0000, 0x0000, 0x0000, 0x0000, 0x0000, 0x0000, 0x0000,
    0x0000, 0x0000, 0x0000, 0x0000, 0x0000, 0x0000, 0x0000, 0x0000, 0x0000, 0x0000, 0x0000, 0x0000, 0x0000, 0x0000, 0x0000, 0x0000, 0x0000, 0x0000, 0x0000, 0x0000, 0x0000, 0x0000, 0x0000, 0x0000, 0x0000, 0x0000, 0x0000, 0x0000, 0x0000, 0x0000, 0x0000, 0x0000,
    0x0000, 0x0000, 0x0000, 0x0000, 0x0000, 0x0000, 0x0000, 0x0000, 0x0000, 0x0000, 0x0000, 0x0000, 0x0000, 0x0000, 0x0000, 0x0000, 0x0000, 0x0000, 0x0000, 0x0000, 0x0000, 0x0000, 0x0000, 0x0000, 0x0000, 0x0000, 0x0000, 0x0000, 0x0000, 0x0000, 0x0000, 0x0000,
    0x0000, 0x0000, 0x0000, 0x0000, 0x0000, 0x0000, 0x0000, 0x0000, 0x0000, 0x0000, 0x0000, 0x0000, 0x0000, 0x0000, 0x0000, 0x0000, 0x8421, 0x0000, 0x0000, 0x0000, 0x0000, 0x0000, 0x0000, 0x0000, 0x0000, 0x0000, 0x0000, 0x0000, 0x0000, 0x0000, 0x0000, 0x0000,
    0x0000, 0x0000, 0x0000, 0x0000, 0x0000, 0x0000, 0x0000, 0x0000, 0x0000, 0x0000, 0x0000, 0x0000, 0x8421, 0x8421, 0x8421, 0x8421, 0x98DD, 0x8421, 0x8421, 0x8421, 0x8421, 0x0000, 0x0000, 0x0000, 0x0000, 0x0000, 0x0000, 0x0000, 0x0000, 0x0000, 0x0000, 0x0000,
    0x0000, 0x0000, 0x0000, 0x0000, 0x0000, 0x0000, 0x0000, 0x0000, 0x0000, 0x0000, 0x0000, 0x8421, 0x8421, 0x98DD, 0x8F5E, 0x98DD, 0x98DD, 0x8F5E, 0x98DD, 0x98DD, 0x8421, 0x8421, 0x0000, 0x0000, 0x0000, 0x0000, 0x0000, 0x0000, 0x0000, 0x0000, 0x0000, 0x0000,
    0x0000, 0x0000, 0x0000, 0x0000, 0x0000, 0x0000, 0x0000, 0x0000, 0x0000, 0x0000, 0x8421, 0x98DD, 0x98DD, 0x8F5E, 0x98DD, 0x98DD, 0xCA0F, 0x98DD, 0x98DD, 0x8F5E, 0x8C56, 0x8C56, 0x8421, 0x0000, 0x8421, 0x0000, 0x0000, 0x0000, 0x0000, 0x0000, 0x0000, 0x0000,
    0x0000, 0x0000, 0x0000, 0x0000, 0x0000, 0x0000, 0x0000, 0xFFFD, 0x0000, 0x8421, 0x98DD, 0x98DD, 0x98DD, 0xCA0F, 0xCA0F, 0xCA0F, 0xCA0F, 0xCA0F, 0xCA0F, 0xCA0F, 0x8C56, 0x8C56, 0x8C56, 0x8421, 0x8421, 0x0000, 0x0000, 0x0000, 0x0000, 0x0000, 0x0000, 0x0000,
    0x0000, 0x0000, 0x0000, 0x0000, 0x0000, 0x0000, 0x0000, 0x0000, 0xFF65, 0x8421, 0x98DD, 0x98DD, 0xCA0F, 0xCA0F, 0x8421, 0x8421, 0x8421, 0x8421, 0x8421, 0x8421, 0x8421, 0x8421, 0x8421, 0x8421, 0x8421, 0x0000, 0x0000, 0x0000, 0x0000, 0x0000, 0x0000, 0x0000,
    0x0000, 0x0000, 0x0000, 0x0000, 0x0000, 0x0000, 0x0000, 0x0000, 0x8421, 0x8421, 0x8421, 0x8421, 0x8421, 0x8421, 0xF77A, 0xF77A, 0xF77A, 0xF77A, 0xF77A, 0xF77A, 0xF77A, 0xF77A, 0xF77A, 0xCA0F, 0x8421, 0x0000, 0x0000, 0x0000, 0x0000, 0x0000, 0x0000, 0x0000,
    0x0000, 0x0000, 0x0000, 0x0000, 0x0000, 0x0000, 0x0000, 0x0000, 0x8421, 0x8421, 0xA908, 0xA908, 0xA908, 0xA908, 0xA908, 0xA908, 0xA908, 0xA908, 0xA908, 0xA908, 0xA908, 0xA908, 0xA908, 0xCA0F, 0x8421, 0x0000, 0x0000, 0x0000, 0x0000, 0x0000, 0x0000, 0x0000,
    0x0000, 0x0000, 0x0000, 0x0000, 0x0000, 0x0000, 0x0000, 0x0000, 0x8421, 0x8421, 0xA908, 0xA908, 0xA908, 0xA908, 0x8421, 0x8421, 0x8421, 0x8421, 0x8421, 0x8421, 0x8421, 0x8421, 0x8421, 0x8421, 0x8421, 0x0000, 0x0000, 0x0000, 0x0000, 0x0000, 0x0000, 0x0000,
    0x0000, 0x0000, 0x0000, 0x0000, 0x0000, 0x0000, 0x0000, 0x8421, 0x98DD, 0x8421, 0xA908, 0xBD61, 0xBD61, 0xA908, 0x8421, 0x9F3E, 0x8DF5, 0x8DF5, 0x8DF5, 0x8DF5, 0x9063, 0x9063, 0x9063, 0x882C, 0x882C, 0x8421, 0x0000, 0x0000, 0x0000, 0x0000, 0x0000, 0x0000,
    0x0000, 0x0000, 0x0000, 0x0000, 0x0000, 0x0000, 0x0000, 0x0000, 0x8421, 0x8421, 0xA908, 0xA908, 0xA908, 0xA908, 0x8421, 0x8421, 0x8421, 0x8421, 0x8421, 0x8421, 0x8421, 0x8421, 0x8421, 0x8421, 0x8421, 0x0000, 0x0000, 0x0000, 0x0000, 0x0000, 0x0000, 0x0000,
    0x0000, 0x0000, 0x0000, 0x0000, 0x0000, 0x0000, 0x0000, 0x0000, 0x8421, 0x8421, 0xA908, 0xA908, 0xA908, 0xA908, 0xF77A, 0xF77A, 0xF77A, 0xF77A, 0xF77A, 0xF77A, 0xF77A, 0xF77A, 0xF77A, 0xCA0F, 0x8421, 0x0000, 0x0000, 0x0000, 0x0000, 0x0000, 0x0000, 0x0000,
    0x0000, 0x0000, 0x0000, 0x0000, 0x0000, 0x0000, 0x0000, 0x0000, 0x8421, 0x8421, 0x8421, 0x8421, 0x8421, 0x8421, 0xA908, 0xA908, 0xA908, 0xA908, 0xA908, 0xA908, 0xA908, 0xA908, 0xA908, 0xCA0F, 0x8421, 0x0000, 0x0000, 0x0000, 0x0000, 0x0000, 0x0000, 0x0000,
    0x0000, 0x0000, 0x0000, 0x0000, 0x0000, 0x0000, 0x0000, 0x0000, 0xFF65, 0x8421, 0x8C56, 0x8C56, 0xA908, 0xA908, 0x8421, 0x8421, 0x8421, 0x8421, 0x8421, 0x8421, 0x8421, 0x8421, 0x8421, 0x8421, 0x8421, 0x0000, 0x0000, 0x0000, 0x0000, 0x0000, 0x0000, 0x0000,
    0x0000, 0x0000, 0x0000, 0x0000, 0x0000, 0x0000, 0x0000, 0xFFFD, 0x0000, 0x8421, 0x8C56, 0x8C56, 0x8C56, 0x9063, 0x9063, 0x9063, 0x9063, 0x9063, 0x9063, 0x9063, 0x882C, 0x882C, 0x882C, 0x8421, 0x8421, 0x0000, 0x0000, 0x0000, 0x0000, 0x0000, 0x0000, 0x0000,
    0x0000, 0x0000, 0x0000, 0x0000, 0x0000, 0x0000, 0x0000, 0x0000, 0x0000, 0x0000, 0x8421, 0x8C56, 0x8C56, 0x8F5E, 0x882C, 0x882C, 0x9063, 0x882C, 0x882C, 0x8F5E, 0x882C, 0x882C, 0x8421, 0x0000, 0x8421, 0x0000, 0x0000, 0x0000, 0x0000, 0x0000, 0x0000, 0x0000,
    0x0000, 0x0000, 0x0000, 0x0000, 0x0000, 0x0000, 0x0000, 0x0000, 0x0000, 0x0000, 0x0000, 0x8421, 0x8421, 0x882C, 0x882C, 0x8F5E, 0x882C, 0x882C, 0x8F5E, 0x882C, 0x8421, 0x8421, 0x0000, 0x0000, 0x0000, 0x0000, 0x0000, 0x0000, 0x0000, 0x0000, 0x0000, 0x0000,
    0x0000, 0x0000, 0x0000, 0x0000, 0x0000, 0x0000, 0x0000, 0x0000, 0x0000, 0x0000, 0x0000, 0x0000, 0x8421, 0x8421, 0x8421, 0x8421, 0x882C, 0x8421, 0x8421, 0x8421, 0x8421, 0x0000, 0x0000, 0x0000, 0x0000, 0x0000, 0x0000, 0x0000, 0x0000, 0x0000, 0x0000, 0x0000,
    0x0000, 0x0000, 0x0000, 0x0000, 0x0000, 0x0000, 0x0000, 0x0000, 0x0000, 0x0000, 0x0000, 0x0000, 0x0000, 0x0000, 0x0000, 0x0000, 0x8421, 0x0000, 0x0000, 0x0000, 0x0000, 0x0000, 0x0000, 0x0000, 0x0000, 0x0000, 0x0000, 0x0000, 0x0000, 0x0000, 0x0000, 0x0000,
    0x0000, 0x0000, 0x0000, 0x0000, 0x0000, 0x0000, 0x0000, 0x0000, 0x0000, 0x0000, 0x0000, 0x0000, 0x0000, 0x0000, 0x0000, 0x0000, 0x0000, 0x0000, 0x0000, 0x0000, 0x0000, 0x0000, 0x0000, 0x0000, 0x0000, 0x0000, 0x0000, 0x0000, 0x0000, 0x0000, 0x0000, 0x0000,
    0x0000, 0x0000, 0x0000, 0x0000, 0x0000, 0x0000, 0x0000, 0x0000, 0x0000, 0x0000, 0x0000, 0x0000, 0x0000, 0x0000, 0x0000, 0x0000, 0x0000, 0x0000, 0x0000, 0x0000, 0x0000, 0x0000, 0x0000, 0x0000, 0x0000, 0x0000, 0x0000, 0x0000, 0x0000, 0x0000, 0x0000, 0x0000,
    0x0000, 0x0000, 0x0000, 0x0000, 0x0000, 0x0000, 0x0000, 0x0000, 0x0000, 0x0000, 0x0000, 0x0000, 0x0000, 0x0000, 0x0000, 0x0000, 0x0000, 0x0000, 0x0000, 0x0000, 0x0000, 0x0000, 0x0000, 0x0000, 0x0000, 0x0000, 0x0000, 0x0000, 0x0000, 0x0000, 0x0000, 0x0000,
    0x0000, 0x0000, 0x0000, 0x0000, 0x0000, 0x0000, 0x0000, 0x0000, 0x0000, 0x0000, 0x0000, 0x0000, 0x0000, 0x0000, 0x0000, 0x0000, 0x0000, 0x0000, 0x0000, 0x0000, 0x0000, 0x0000, 0x0000, 0x0000, 0x0000, 0x0000, 0x0000, 0x0000, 0x0000, 0x0000, 0x0000, 0x0000,
    0x0000, 0x0000, 0x0000, 0x0000, 0x0000, 0x0000, 0x0000, 0x0000, 0x0000, 0x0000, 0x0000, 0x0000, 0x0000, 0x0000, 0x0000, 0x0000, 0x0000, 0x0000, 0x0000, 0x0000, 0x0000, 0x0000, 0x0000, 0x0000, 0x0000, 0x0000, 0x0000, 0x0000, 0x0000, 0x0000, 0x0000, 0x0000,
    0x0000, 0x0000, 0x0000, 0x0000, 0x0000, 0x0000, 0x0000, 0x0000, 0x0000, 0x0000, 0x0000, 0x0000, 0x0000, 0x0000, 0x0000, 0x0000, 0x0000, 0x0000, 0x0000, 0x0000, 0x0000, 0x0000, 0x0000, 0x0000, 0x0000, 0x0000, 0x0000, 0x0000, 0x0000, 0x0000, 0x0000, 0x0000
  },
  // Frame 4
  {
    0x0000, 0x0000, 0x0000, 0x0000, 0x0000, 0x0000, 0x0000, 0x0000, 0x0000, 0x0000, 0x0000, 0x0000, 0x0000, 0x0000, 0x0000, 0x0000, 0x0000, 0x0000, 0x0000, 0x0000, 0x0000, 0x0000, 0x0000, 0x0000, 0x0000, 0x0000, 0x0000, 0x0000, 0x0000, 0x0000, 0x0000, 0x0000,
    0x0000, 0x0000, 0x0000, 0x0000, 0x0000, 0x0000, 0x0000, 0x0000, 0x0000, 0x0000, 0x0000, 0x0000, 0x0000, 0x0000, 0x0000, 0x0000, 0x0000, 0x0000, 0x0000, 0x0000, 0x0000, 0x0000, 0x0000, 0x0000, 0x0000, 0x0000, 0x0000, 0x0000, 0x0000, 0x0000, 0x0000, 0x0000,
    0x0000, 0x0000, 0x0000, 0x0000, 0x0000, 0x0000, 0x0000, 0x0000, 0x0000, 0x0000, 0x0000, 0x0000, 0x0000, 0x0000, 0x0000, 0x0000, 0x0000, 0x0000, 0x0000, 0x0000, 0x0000, 0x0000, 0x0000, 0x0000, 0x0000, 0x0000, 0x0000, 0x0000, 0x0000, 0x0000, 0x0000, 0x0000,
    0x0000, 0x0000, 0x0000, 0x0000, 0x0000, 0x0000, 0x0000, 0x0000, 0x0000, 0x0000, 0x0000, 0x0000, 0x0000, 0x0000, 0x0000, 0x0000, 0x0000, 0x0000, 0x0000, 0x0000, 0x0000, 0x0000, 0x0000, 0x0000, 0x0000, 0x0000, 0x0000, 0x0000, 0x0000, 0x0000, 0x0000, 0x0000,
    0x0000, 0x0000, 0x0000, 0x0000, 0x0000, 0x0000, 0x0000, 0x0000, 0x0000, 0x0000, 0x0000, 0x0000, 0x0000, 0x0000, 0x0000, 0x0000, 0x0000, 0x0000, 0x0000, 0x0000, 0x0000, 0x0000, 0x0000, 0x0000, 0x0000, 0x0000, 0x0000, 0x0000, 0x0000, 0x0000, 0x0000, 0x0000,
    0x0000, 0x0000, 0x0000, 0x0000, 0x0000, 0x0000, 0x0000, 0x0000, 0x0000, 0x0000, 0x0000, 0x0000, 0x0000, 0x0000, 0x0000, 0x0000, 0x0000, 0x0000, 0x0000, 0x0000, 0x0000, 0x0000, 0x0000, 0x0000, 0x0000, 0x0000, 0x0000, 0x0000, 0x0000, 0x0000, 0x0000, 0x0000,
    0x0000, 0x0000, 0x0000, 0x0000, 0x0000, 0x0000, 0x0000, 0x0000, 0x0000, 0x0000, 0x0000, 0x0000, 0x0000, 0x0000, 0x0000, 0x0000, 0x0000, 0x0000, 0x0000, 0x0000, 0x0000, 0x0000, 0x0000, 0x0000, 0x0000, 0x0000, 0x0000, 0x0000, 0x0000, 0x0000, 0x0000, 0x0000,
    0x0000, 0x0000, 0x0000, 0x0000, 0x0000, 0x0000, 0x0000, 0x0000, 0x0000, 0x0000, 0x0000, 0x0000, 0x0000, 0x0000, 0x0000, 0x0000, 0x8421, 0x0000, 0x0000, 0x0000, 0x0000, 0x0000, 0x0000, 0x0000, 0x0000, 0x0000, 0x0000, 0x0000, 0x0000, 0x0000, 0x0000, 0x0000,
    0x0000, 0x0000, 0x0000, 0x0000, 0x0000, 0x0000, 0x0000, 0x0000, 0x0000, 0x0000, 0x0000, 0x0000, 0x8421, 0x8421, 0x8421, 0x8421, 0x98DD, 0x8421, 0x8421, 0x8421, 0x8421, 0x0000, 0x0000, 0x0000, 0x0000, 0x0000, 0x0000, 0x0000, 0x0000, 0x0000, 0x0000, 0x0000,
    0x0000, 0x0000, 0x0000, 0x0000, 0x0000, 0x0000, 0x0000, 0x0000, 0x0000, 0x0000, 0x0000, 0x8421, 0x8421, 0x98DD, 0x8F5E, 0x98DD, 0x98DD, 0x8F5E, 0x98DD, 0x98DD, 0x8421, 0x8421, 0x0000, 0x0000, 0x0000, 0x0000, 0x0000, 0x0000, 0x0000, 0x0000, 0x0000, 0x0000,
    0x0000, 0x0000, 0x0000, 0x0000, 0x0000, 0x0000, 0x0000, 0x0000, 0x0000, 0x0000, 0x8421, 0x98DD, 0x98DD, 0x8F5E, 0x98DD, 0x98DD, 0xCA0F, 0x98DD, 0x98DD, 0x8F5E, 0x8C56, 0x8C56, 0x8421, 0x0000, 0x8421, 0x0000, 0x0000, 0x0000, 0x0000, 0x0000, 0x0000, 0x0000,
    0x0000, 0x0000, 0x0000, 0x0000, 0x0000, 0x0000, 0x0000, 0x0000, 0x0000, 0x8421, 0x98DD, 0x98DD, 0x98DD, 0xCA0F, 0xCA0F, 0xCA0F, 0xCA0F, 0xCA0F, 0xCA0F, 0xCA0F, 0x8C56, 0x8C56, 0x8C56, 0x8421, 0x8421, 0x0000, 0x0000, 0x0000, 0x0000, 0x0000, 0x0000, 0x0000,
    0x0000, 0x0000, 0x0000, 0x0000, 0x0000, 0x0000, 0x0000, 0x0000, 0x8421, 0x8421, 0x98DD, 0x98DD, 0xCA0F, 0xCA0F, 0xCA0F, 0xCA0F, 0x8421, 0x8421, 0x8421, 0x8421, 0x8421, 0x8421, 0x8421, 0x8421, 0x8421, 0x8421, 0x0000, 0x0000, 0x0000, 0x0000, 0x0000, 0x0000,
    0x0000, 0x0000, 0x0000, 0x0000, 0x0000, 0x0000, 0x0000, 0x0000, 0x8421, 0x98DD, 0x8F5E, 0x8421, 0x8421, 0x8421, 0x8421, 0x8421, 0xF77A, 0xF77A, 0xF77A, 0xF77A, 0xF77A, 0xF77A, 0xF77A, 0xF77A, 0xF77A, 0xCA0F, 0x0000, 0x0000, 0x0000, 0x0000, 0x0000, 0x0000,
    0x0000, 0x0000, 0x0000, 0x0000, 0x0000, 0x0000, 0x0000, 0x0000, 0x8421, 0x8F5E, 0x98DD, 0x8421, 0xA908, 0xA908, 0xA908, 0xA908, 0xA908, 0xA908, 0xA908, 0xA908, 0xA908, 0xA908, 0xA908, 0xA908, 0xA908, 0xCA0F, 0x0000, 0x0000, 0x0000, 0x0000, 0x0000, 0x0000,
    0x0000, 0x0000, 0x0000, 0x0000, 0x0000, 0x0000, 0x0000, 0x0000, 0x8421, 0x98DD, 0x98DD, 0x8421, 0xA908, 0xA908, 0xA908, 0xA908, 0x8421, 0x8421, 0x8421, 0x8421, 0x8421, 0x8421, 0x8421, 0x8421, 0x8421, 0x8421, 0x0000, 0x0000, 0x0000, 0x0000, 0x0000, 0x0000,
    0x0000, 0x0000, 0x0000, 0x0000, 0x0000, 0x0000, 0x0000, 0x8421, 0x98DD, 0x98DD, 0xCA0F, 0x8421, 0xA908, 0xBD61, 0xBD61, 0xA908, 0x8421, 0x8DF5, 0x8DF5, 0x8DF5, 0x9063, 0x9063, 0x9063, 0x882C, 0x882C, 0x8421, 0x0000, 0x0000, 0x0000, 0x0000, 0x0000, 0x0000,
    0x0000, 0x0000, 0x0000, 0x0000, 0x0000, 0x0000, 0x0000, 0x0000, 0x8421, 0x8F5E, 0x98DD, 0x8421, 0xA908, 0xA908, 0xA908, 0xA908, 0x8421, 0x8421, 0x8421, 0x8421, 0x8421, 0x8421, 0x8421, 0x8421, 0x8421, 0x8421, 0x0000, 0x0000, 0x0000, 0x0000, 0x0000, 0x0000,
    0x0000, 0x0000, 0x0000, 0x0000, 0x0000, 0x0000, 0x0000, 0x0000, 0x8421, 0x98DD, 0x98DD, 0x8421, 0xA908, 0xA908, 0xA908, 0xA908, 0xF77A, 0xF77A, 0xF77A, 0xF77A, 0xF77A, 0xF77A, 0xF77A, 0xF77A, 0xF77A, 0xCA0F, 0x0000, 0x0000, 0x0000, 0x0000, 0x0000, 0x0000,
    0x0000, 0x0000, 0x0000, 0x0000, 0x0000, 0x0000, 0x0000, 0x0000, 0x8421, 0x98DD, 0x8F5E, 0x8421, 0x8421, 0x8421, 0x8421, 0x8421, 0xA908, 0xA908, 0xA908, 0xA908, 0xA908, 0xA908, 0xA908, 0xA908, 0xA908, 0xCA0F, 0x0000, 0x0000, 0x0000, 0x0000, 0x0000, 0x0000,
    0x0000, 0x0000, 0x0000, 0x0000, 0x0000, 0x0000, 0x0000, 0x0000, 0x8421, 0x8421, 0x8C56, 0x8C56, 0xA908, 0xA908, 0x9063, 0x9063, 0x8421, 0x8421, 0x8421, 0x8421, 0x8421, 0x8421, 0x8421, 0x8421, 0x8421, 0x8421, 0x0000, 0x0000, 0x0000, 0x0000, 0x0000, 0x0000,
    0x0000, 0x0000, 0x0000, 0x0000, 0x0000, 0x0000, 0x0000, 0x0000, 0x0000, 0x8421, 0x8C56, 0x8C56, 0x8C56, 0x9063, 0x9063, 0x9063, 0x9063, 0x9063, 0x9063, 0x9063, 0x882C, 0x882C, 0x882C, 0x8421, 0x8421, 0x0000, 0x0000, 0x0000, 0x0000, 0x0000, 0x0000, 0x0000,
    0x0000, 0x0000, 0x0000, 0x0000, 0x0000, 0x0000, 0x0000, 0x0000, 0x0000, 0x0000, 0x8421, 0x8C56, 0x8C56, 0x8F5E, 0x882C, 0x882C, 0x9063, 0x882C, 0x882C, 0x8F5E, 0x882C, 0x882C, 0x8421, 0x0000, 0x8421, 0x0000, 0x0000, 0x0000, 0x0000, 0x0000, 0x0000, 0x0000,
    0x0000, 0x0000, 0x0000, 0x0000, 0x0000, 0x0000, 0x0000, 0x0000, 0x0000, 0x0000, 0x0000, 0x8421, 0x8421, 0x882C, 0x882C, 0x8F5E, 0x882C, 0x882C, 0x8F5E, 0x882C, 0x8421, 0x8421, 0x0000, 0x0000, 0x0000, 0x0000, 0x0000, 0x0000, 0x0000, 0x0000, 0x0000, 0x0000,
    0x0000, 0x0000, 0x0000, 0x0000, 0x0000, 0x0000, 0x0000, 0x0000, 0x0000, 0x0000, 0x0000, 0x0000, 0x8421, 0x8421, 0x8421, 0x8421, 0x882C, 0x8421, 0x8421, 0x8421, 0x8421, 0x0000, 0x0000, 0x0000, 0x0000, 0x0000, 0x0000, 0x0000, 0x0000, 0x0000, 0x0000, 0x0000,
    0x0000, 0x0000, 0x0000, 0x0000, 0x0000, 0x0000, 0x0000, 0x0000, 0x0000, 0x0000, 0x0000, 0x0000, 0x0000, 0x0000, 0x0000, 0x0000, 0x8421, 0x0000, 0x0000, 0x0000, 0x0000, 0x0000, 0x0000, 0x0000, 0x0000, 0x0000, 0x0000, 0x0000, 0x0000, 0x0000, 0x0000, 0x0000,
    0x0000, 0x0000, 0x0000, 0x0000, 0x0000, 0x0000, 0x0000, 0x0000, 0x0000, 0x0000, 0x0000, 0x0000, 0x0000, 0x0000, 0x0000, 0x0000, 0x0000, 0x0000, 0x0000, 0x0000, 0x0000, 0x0000, 0x0000, 0x0000, 0x0000, 0x0000, 0x0000, 0x0000, 0x0000, 0x0000, 0x0000, 0x0000,
    0x0000, 0x0000, 0x0000, 0x0000, 0x0000, 0x0000, 0x0000, 0x0000, 0x0000, 0x0000, 0x0000, 0x0000, 0x0000, 0x0000, 0x0000, 0x0000, 0x0000, 0x0000, 0x0000, 0x0000, 0x0000, 0x0000, 0x0000, 0x0000, 0x0000, 0x0000, 0x0000, 0x0000, 0x0000, 0x0000, 0x0000, 0x0000,
    0x0000, 0x0000, 0x0000, 0x0000, 0x0000, 0x0000, 0x0000, 0x0000, 0x0000, 0x0000, 0x0000, 0x0000, 0x0000, 0x0000, 0x0000, 0x0000, 0x0000, 0x0000, 0x0000, 0x0000, 0x0000, 0x0000, 0x0000, 0x0000, 0x0000, 0x0000, 0x0000, 0x0000, 0x0000, 0x0000, 0x0000, 0x0000,
    0x0000, 0x0000, 0x0000, 0x0000, 0x0000, 0x0000, 0x0000, 0x0000, 0x0000, 0x0000, 0x0000, 0x0000, 0x0000, 0x0000, 0x0000, 0x0000, 0x0000, 0x0000, 0x0000, 0x0000, 0x0000, 0x0000, 0x0000, 0x0000, 0x0000, 0x0000, 0x0000, 0x0000, 0x0000, 0x0000, 0x0000, 0x0000,
    0x0000, 0x0000, 0x0000, 0x0000, 0x0000, 0x0000, 0x0000, 0x0000, 0x0000, 0x0000, 0x0000, 0x0000, 0x0000, 0x0000, 0x0000, 0x0000, 0x0000, 0x0000, 0x0000, 0x0000, 0x0000, 0x0000, 0x0000, 0x0000, 0x0000, 0x0000, 0x0000, 0x0000, 0x0000, 0x0000, 0x0000, 0x0000,
    0x0000, 0x0000, 0x0000, 0x0000, 0x0000, 0x0000, 0x0000, 0x0000, 0x0000, 0x0000, 0x0000, 0x0000, 0x0000, 0x0000, 0x0000, 0x0000, 0x0000, 0x0000, 0x0000, 0x0000, 0x0000, 0x0000, 0x0000, 0x0000, 0x0000, 0x0000, 0x0000, 0x0000, 0x0000, 0x0000, 0x0000, 0x0000
  },
  // Frame 5
  {
    0x0000, 0x0000, 0x0000, 0x0000, 0x0000, 0x0000, 0x0000, 0x0000, 0x0000, 0x0000, 0x0000, 0x0000, 0x0000, 0x0000, 0x0000, 0x0000, 0x0000, 0x0000, 0x0000, 0x0000, 0x0000, 0x0000, 0x0000, 0x0000, 0x0000, 0x0000, 0x0000, 0x0000, 0x0000, 0x0000, 0x0000, 0x0000,
    0x0000, 0x0000, 0x0000, 0x0000, 0x0000, 0x0000, 0x0000, 0x0000, 0x0000, 0x0000, 0x0000, 0x0000, 0x0000, 0x0000, 0x0000, 0x0000, 0x0000, 0x0000, 0x0000, 0x0000, 0x0000, 0x0000, 0x0000, 0x0000, 0x0000, 0x0000, 0x0000, 0x0000, 0x0000, 0x0000, 0x0000, 0x0000,
    0x0000, 0x0000, 0x0000, 0x0000, 0x0000, 0x0000, 0x0000, 0x0000, 0x0000, 0x0000, 0x0000, 0x0000, 0x0000, 0x0000, 0x0000, 0x0000, 0x0000, 0x0000, 0x0000, 0x0000, 0x0000, 0x0000, 0x0000, 0x0000, 0x0000, 0x0000, 0x0000, 0x0000, 0x0000, 0x0000, 0x0000, 0x0000,
    0x0000, 0x0000, 0x0000, 0x0000, 0x0000, 0x0000, 0x0000, 0x0000, 0x0000, 0x0000, 0x0000, 0x0000, 0x0000, 0x0000, 0x0000, 0x0000, 0x0000, 0x0000, 0x0000, 0x0000, 0x0000, 0x0000, 0x0000, 0x0000, 0x0000, 0x0000, 0x0000, 0x0000, 0x0000, 0x0000, 0x0000, 0x0000,
    0x0000, 0x0000, 0x0000, 0x0000, 0x0000, 0x0000, 0x0000, 0x0000, 0x0000, 0x0000, 0x0000, 0x0000, 0x0000, 0x0000, 0x0000, 0x0000, 0x0000, 0x0000, 0x0000, 0x0000, 0x0000, 0x0000, 0x0000, 0x0000, 0x0000, 0x0000, 0x0000, 0x0000, 0x0000, 0x0000, 0x0000, 0x0000,
    0x0000, 0x0000, 0x0000, 0x0000, 0x0000, 0x0000, 0x0000, 0x0000, 0x0000, 0x0000, 0x0000, 0x0000, 0x0000, 0x0000, 0x0000, 0x0000, 0x0000, 0x0000, 0x0000, 0x0000, 0x0000, 0x0000, 0x0000, 0x0000, 0x0000, 0x0000, 0x0000, 0x0000, 0x0000, 0x0000, 0x0000, 0x0000,
    0x0000, 0x0000, 0x0000, 0x0000, 0x0000, 0x0000, 0x0000, 0x0000, 0x0000, 0x0000, 0x0000, 0x0000, 0x0000, 0x0000, 0x0000, 0x0000, 0x0000, 0x0000, 0x0000, 0x0000, 0x0000, 0x0000, 0x0000, 0x0000, 0x0000, 0x0000, 0x0000, 0x0000, 0x0000, 0x0000, 0x0000, 0x0000,
    0x0000, 0x0000, 0x0000, 0x0000, 0x0000, 0x0000, 0x0000, 0x0000, 0x0000, 0x0000, 0x0000, 0x0000, 0x0000, 0x0000, 0x0000, 0x0000, 0x8421, 0x0000, 0x0000, 0x0000, 0x0000, 0x0000, 0x0000, 0x0000, 0x0000, 0x0000, 0x0000, 0x0000, 0x0000, 0x0000, 0x0000, 0x0000,
    0x0000, 0x0000, 0x0000, 0x0000, 0x0000, 0x0000, 0x0000, 0x0000, 0x0000, 0x0000, 0x0000, 0x0000, 0x8421, 0x8421, 0x8421, 0x8421, 0x98DD, 0x8421, 0x8421, 0x8421, 0x8421, 0x0000, 0x0000, 0x0000, 0x0000, 0x0000, 0x0000, 0x0000, 0x0000, 0x0000, 0x0000, 0x0000,
    0x0000, 0x0000, 0x0000, 0x0000, 0x0000, 0x0000, 0x0000, 0x0000, 0x0000, 0x0000, 0x0000, 0x8421, 0x8421, 0x98DD, 0x8F5E, 0x98DD, 0x98DD, 0x8F5E, 0x98DD, 0x98DD, 0x8421, 0x8421, 0x0000, 0x0000, 0x0000, 0x0000, 0x0000, 0x0000, 0x0000, 0x0000, 0x0000, 0x0000,
    0x0000, 0x0000, 0x0000, 0x0000, 0x0000, 0x0000, 0x0000, 0x0000, 0x0000, 0x0000, 0x8421, 0x98DD, 0x98DD, 0x8F5E, 0x98DD, 0x98DD, 0xCA0F, 0x98DD, 0x98DD, 0x8F5E, 0x8C56, 0x8C56, 0x8421, 0x0000, 0x8421, 0x0000, 0x0000, 0x0000, 0x0000, 0x0000, 0x0000, 0x0000,
    0x0000, 0x0000, 0x0000, 0x0000, 0x0000, 0x0000, 0x0000, 0x0000, 0x0000, 0x8421, 0x98DD, 0x98DD, 0x98DD, 0xCA0F, 0xCA0F, 0xCA0F, 0xCA0F, 0xCA0F, 0xCA0F, 0xCA0F, 0x8C56, 0x8C56, 0x8C56, 0x8421, 0x8421, 0x0000, 0x0000, 0x0000, 0x0000, 0x0000, 0x0000, 0x0000,
    0x0000, 0x0000, 0x0000, 0x0000, 0x0000, 0x0000, 0x0000, 0x0000, 0x8421, 0x8421, 0x98DD, 0x98DD, 0xCA0F, 0xCA0F, 0xCA0F, 0xCA0F, 0xCA0F, 0x8421, 0x8421, 0x8421, 0x8421, 0x8421, 0x8421, 0x8421, 0x8421, 0x8421, 0x8421, 0x0000, 0x0000, 0x0000, 0x0000, 0x0000,
    0x0000, 0x0000, 0x0000, 0x0000, 0x0000, 0x0000, 0x0000, 0x0000, 0x8421, 0x98DD, 0x8F5E, 0xCA0F, 0x8421, 0x8421, 0x8421, 0x8421, 0x8421, 0xF77A, 0xF77A, 0xF77A, 0xF77A, 0xF77A, 0xF77A, 0xF77A, 0xF77A, 0xF77A, 0xCA0F, 0x0000, 0x0000, 0x0000, 0x0000, 0x0000,
    0x0000, 0x0000, 0x0000, 0x0000, 0x0000, 0x0000, 0x0000, 0x0000, 0x8421, 0x8F5E, 0x98DD, 0xCA0F, 0x8421, 0xA908, 0xA908, 0xA908, 0xA908, 0xA908, 0xA908, 0xA908, 0xA908, 0xA908, 0xA908, 0xA908, 0xA908, 0xA908, 0xCA0F, 0x0000, 0x0000, 0x0000, 0x0000, 0x0000,
    0x0000, 0x0000, 0x0000, 0x0000, 0x0000, 0x0000, 0x0000, 0x0000, 0x8421, 0x98DD, 0x98DD, 0xCA0F, 0x8421, 0xA908, 0xA908, 0xA908, 0xA908, 0x8421, 0x8421, 0x8421, 0x8421, 0x8421, 0x8421, 0x8421, 0x8421, 0x8421, 0x8421, 0x0000, 0x0000, 0x0000, 0x0000, 0x0000,
    0x0000, 0x0000, 0x0000, 0x0000, 0x0000, 0x0000, 0x0000, 0x8421, 0x98DD, 0x98DD, 0xCA0F, 0xCA0F, 0x8421, 0xA908, 0xBD61, 0xBD61, 0xA908, 0x8421, 0x8DF5, 0x8DF5, 0x9063, 0x9063, 0x9063, 0x882C, 0x882C, 0x8421, 0x0000, 0x0000, 0x0000, 0x0000, 0x0000, 0x0000,
    0x0000, 0x0000, 0x0000, 0x0000, 0x0000, 0x0000, 0x0000, 0x0000, 0x8421, 0x8F5E, 0x98DD, 0xCA0F, 0x8421, 0xA908, 0xA908, 0xA908, 0xA908, 0x8421, 0x8421, 0x8421, 0x8421, 0x8421, 0x8421, 0x8421, 0x8421, 0x8421, 0x8421, 0x0000, 0x0000, 0x0000, 0x0000, 0x0000,
    0x0000, 0x0000, 0x0000, 0x0000, 0x0000, 0x0000, 0x0000, 0x0000, 0x8421, 0x98DD, 0x98DD, 0xCA0F, 0x8421, 0xA908, 0xA908, 0xA908, 0xA908, 0xF77A, 0xF77A, 0xF77A, 0xF77A, 0xF77A, 0xF77A, 0xF77A, 0xF77A, 0xF77A, 0xCA0F, 0x0000, 0x0000, 0x0000, 0x0000, 0x0000,
    0x0000, 0x0000, 0x0000, 0x0000, 0x0000, 0x0000, 0x0000, 0x0000, 0x8421, 0x98DD, 0x8F5E, 0xCA0F, 0x8421, 0x8421, 0x8421, 0x8421, 0x8421, 0xA908, 0xA908, 0xA908, 0xA908, 0xA908, 0xA908, 0xA908, 0xA908, 0xA908, 0xCA0F, 0x0000, 0x0000, 0x0000, 0x0000, 0x0000,
    0x0000, 0x0000, 0x0000, 0x0000, 0x0000, 0x0000, 0x0000, 0x0000, 0x8421, 0x8421, 0x8C56, 0x8C56, 0xA908, 0xA908, 0x9063, 0x9063, 0x9063, 0x8421, 0x8421, 0x8421, 0x8421, 0x8421, 0x8421, 0x8421, 0x8421, 0x8421, 0x8421, 0x0000, 0x0000, 0x0000, 0x0000, 0x0000,
    0x0000, 0x0000, 0x0000, 0x0000, 0x0000, 0x0000, 0x0000, 0x0000, 0x0000, 0x8421, 0x8C56, 0x8C56, 0x8C56, 0x9063, 0x9063, 0x9063, 0x9063, 0x9063, 0x9063, 0x9063, 0x882C, 0x882C, 0x882C, 0x8421, 0x8421, 0x0000, 0x0000, 0x0000, 0x0000, 0x0000, 0x0000, 0x0000,
    0x0000, 0x0000, 0x0000, 0x0000, 0x0000, 0x0000, 0x0000, 0x0000, 0x0000, 0x0000, 0x8421, 0x8C56, 0x8C56, 0x8F5E, 0x882C, 0x882C, 0x9063, 0x882C, 0x882C, 0x8F5E, 0x882C, 0x882C, 0x8421, 0x0000, 0x8421, 0x0000, 0x0000, 0x0000, 0x0000, 0x0000, 0x0000, 0x0000,
    0x0000, 0x0000, 0x0000, 0x0000, 0x0000, 0x0000, 0x0000, 0x0000, 0x0000, 0x0000, 0x0000, 0x8421, 0x8421, 0x882C, 0x882C, 0x8F5E, 0x882C, 0x882C, 0x8F5E, 0x882C, 0x8421, 0x8421, 0x0000, 0x0000, 0x0000, 0x0000, 0x0000, 0x0000, 0x0000, 0x0000, 0x0000, 0x0000,
    0x0000, 0x0000, 0x0000, 0x0000, 0x0000, 0x0000, 0x0000, 0x0000, 0x0000, 0x0000, 0x0000, 0x0000, 0x8421, 0x8421, 0x8421, 0x8421, 0x882C, 0x8421, 0x8421, 0x8421, 0x8421, 0x0000, 0x0000, 0x0000, 0x0000, 0x0000, 0x0000, 0x0000, 0x0000, 0x0000, 0x0000, 0x0000,
    0x0000, 0x0000, 0x0000, 0x0000, 0x0000, 0x0000, 0x0000, 0x0000, 0x0000, 0x0000, 0x0000, 0x0000, 0x0000, 0x0000, 0x0000, 0x0000, 0x8421, 0x0000, 0x0000, 0x0000, 0x0000, 0x0000, 0x0000, 0x0000, 0x0000, 0x0000, 0x0000, 0x0000, 0x0000, 0x0000, 0x0000, 0x0000,
    0x0000, 0x0000, 0x0000, 0x0000, 0x0000, 0x0000, 0x0000, 0x0000, 0x0000, 0x0000, 0x0000, 0x0000, 0x0000, 0x0000, 0x0000, 0x0000, 0x0000, 0x0000, 0x0000, 0x0000, 0x0000, 0x0000, 0x0000, 0x0000, 0x0000, 0x0000, 0x0000, 0x0000, 0x0000, 0x0000, 0x0000, 0x0000,
    0x0000, 0x0000, 0x0000, 0x0000, 0x0000, 0x0000, 0x0000, 0x0000, 0x0000, 0x0000, 0x0000, 0x0000, 0x0000, 0x0000, 0x0000, 0x0000, 0x0000, 0x0000, 0x0000, 0x0000, 0x0000, 0x0000, 0x0000, 0x0000, 0x0000, 0x0000, 0x0000, 0x0000, 0x0000, 0x0000, 0x0000, 0x0000,
    0x0000, 0x0000, 0x0000, 0x0000, 0x0000, 0x0000, 0x0000, 0x0000, 0x0000, 0x0000, 0x0000, 0x0000, 0x0000, 0x0000, 0x0000, 0x0000, 0x0000, 0x0000, 0x0000, 0x0000, 0x0000, 0x0000, 0x0000, 0x0000, 0x0000, 0x0000, 0x0000, 0x0000, 0x0000, 0x0000, 0x0000, 0x0000,
    0x0000, 0x0000, 0x0000, 0x0000, 0x0000, 0x0000, 0x0000, 0x0000, 0x0000, 0x0000, 0x0000, 0x0000, 0x0000, 0x0000, 0x0000, 0x0000, 0x0000, 0x0000, 0x0000, 0x0000, 0x0000, 0x0000, 0x0000, 0x0000, 0x0000, 0x0000, 0x0000, 0x0000, 0x0000, 0x0000, 0x0000, 0x0000,
    0x0000, 0x0000, 0x0000, 0x0000, 0x0000, 0x0000, 0x0000, 0x0000, 0x0000, 0x0000, 0x0000, 0x0000, 0x0000, 0x0000, 0x0000, 0x0000, 0x0000, 0x0000, 0x0000, 0x0000, 0x0000, 0x0000, 0x0000, 0x0000, 0x0000, 0x0000, 0x0000, 0x0000, 0x0000, 0x0000, 0x0000, 0x0000,
    0x0000, 0x0000, 0x0000, 0x0000, 0x0000, 0x0000, 0x0000, 0x0000, 0x0000, 0x0000, 0x0000, 0x0000, 0x0000, 0x0000, 0x0000, 0x0000, 0x0000, 0x0000, 0x0000, 0x0000, 0x0000, 0x0000, 0x0000, 0x0000, 0x0000, 0x0000, 0x0000, 0x0000, 0x0000, 0x0000, 0x0000, 0x0000
  }
};

const uint8_t g_s1_map[12][16] = {
  { 11, 11, 14, 11, 11,  8,  8,  8,  8,  8,  8, 11, 11, 14, 11, 11 },
  { 11, 11, 11, 11, 11,  8,  8,  8,  8,  8,  8, 11, 11, 11, 11, 11 },
  { 13, 13, 13, 13, 13,  8,  8,  8,  8,  8,  8, 13, 13, 13, 13, 13 },
  {  8,  8,  8,  9,  8,  8,  8, 10,  8,  8,  8,  8,  8,  9,  8,  8 },
  {  4,  4,  5,  4,  4,  4,  6,  4,  4,  4,  5,  4,  4,  4,  7,  4 },
  {  0,  0,  0,  0,  2,  0,  0,  0,  3,  0,  0,  0,  0,  0,  0,  0 },
  {  1,  1,  1,  1,  1,  1,  1,  1,  1,  0,  1,  1,  1,  1,  1,  1 },
  {  8,  8, 16,  8,  8,  8,  8, 16,  8,  8,  8,  8,  8, 16,  8,  8 },
  {  8,  8,  8,  8,  8,  8,  8,  8,  9,  8,  8,  8,  8,  8,  8,  8 },
  {  8,  8,  8,  8, 15,  8,  8,  8,  8,  8,  8, 15,  8,  8,  8,  8 },
  {  8,  8,  8,  8,  8,  8,  8,  8,  8,  8,  8,  8,  8,  8, 10,  8 },
  {  8,  8,  8,  8,  8,  8,  8,  8,  8,  8,  8,  8,  8,  8,  8,  8 }
};