#include "wall_data.h"
#include "game.h"

const WallSocketDef c_wall_sockets[WALL_SOCKET_COUNT] = {
    { .x =  28, .y = 16, .default_angle = 0 }, // Socket 0: NW (-45 deg)
    { .x =  93, .y = 16, .default_angle = 1 }, // Socket 1: NNW (-22.5 deg)
    { .x = 162, .y = 16, .default_angle = 3 }, // Socket 2: NNE (+22.5 deg)
    { .x = 227, .y = 16, .default_angle = 4 }  // Socket 3: NE (+45 deg)
};

const TurretCalibratedPoints c_turret_points[WALL_TURRET_ANGLE_COUNT] = {
    /* F0: NW  (-45 deg)  */ { .ml_x =  0, .ml_y = 8, .mr_x =  4, .mr_y = 6, .dl_x = 11, .dl_y = 28, .dr_x = 34, .dr_y = 19 },
    /* F1: NNW (-22.5 deg)*/ { .ml_x =  4, .ml_y = 4, .mr_x =  8, .mr_y = 3, .dl_x = 12, .dl_y = 27, .dr_x = 35, .dr_y = 18 },
    /* F2: N   (0 deg)    */ { .ml_x = 19, .ml_y = 0, .mr_x = 24, .mr_y = 0, .dl_x =  9, .dl_y = 20, .dr_x = 34, .dr_y = 20 },
    /* F3: NNE (+22.5 deg)*/ { .ml_x = 35, .ml_y = 3, .mr_x = 39, .mr_y = 4, .dl_x =  8, .dl_y = 18, .dr_x = 31, .dr_y = 27 },
    /* F4: NE  (+45 deg)  */ { .ml_x = 39, .ml_y = 6, .mr_x = 43, .mr_y = 8, .dl_x =  9, .dl_y = 19, .dr_x = 32, .dr_y = 28 }
};

const uint16_t c_wall_bitmap[WALL_WIDTH * WALL_HEIGHT] __attribute__((aligned(4))) = {
    0x8820, 0x8820, 0x8820, 0x8820, 0x8820, 0x8820, 0x8820, 0x8820, 0x8820, 0x8820, 0x8820, 0x8820, 0x8820, 0x8820, 0x8820, 0x8820,
    0x8000, 0x8000, 0x8000, 0x98e7, 0xaa35, 0x8400, 0x8841, 0x8c63, 0x8c62, 0x8c62, 0x8421, 0x8c62, 0x8842, 0x8c62, 0x8842, 0x8400,
    0x8842, 0x8c62, 0x8c62, 0x8841, 0x8841, 0x8841, 0x8842, 0x8842, 0x8c62, 0x8400, 0x8c62, 0xa5d0, 0x8400, 0x8000, 0x8000, 0x8800,
    0x8820, 0x8820, 0x8820, 0x8820, 0x8820, 0x8820, 0x8820, 0x8820, 0x8820, 0x8820, 0x8820, 0x8820, 0x8820, 0x8820, 0x8820, 0x8820,
    0x8820, 0x8820, 0x8820, 0x8820, 0x8820, 0x8820, 0x8820, 0x8820, 0x8820, 0x8820, 0x8820, 0x8820, 0x8820, 0x8820, 0x8820, 0x8820,
    0x8800, 0x8000, 0x8000, 0x98c6, 0xa5d0, 0x8400, 0x8820, 0x8c63, 0x8c62, 0x8c62, 0x8841, 0x8842, 0x8842, 0x8c62, 0x8841, 0x8000,
    0x8841, 0x8842, 0x8841, 0x8841, 0x8841, 0x8841, 0x8c62, 0x8841, 0x8c62, 0x8841, 0x8842, 0xa5d0, 0x8842, 0x8000, 0x8000, 0x8800,
    0x8820, 0x8820, 0x8820, 0x8820, 0x8820, 0x8820, 0x8820, 0x8820, 0x8820, 0x8820, 0x8820, 0x8820, 0x8820, 0x8820, 0x8820, 0x8820,
    0x8820, 0x8820, 0x8820, 0x8820, 0x8820, 0x8820, 0x8820, 0x8820, 0x8820, 0x8820, 0x8820, 0x8820, 0x8820, 0x8820, 0x8820, 0x8820,
    0x8800, 0x8000, 0x8000, 0x8842, 0xa5d0, 0x8842, 0x8841, 0x8c62, 0x8841, 0x8c62, 0x8841, 0x8841, 0x8841, 0x8841, 0x8842, 0x8841,
    0x8000, 0x8841, 0x8c62, 0x8842, 0x8842, 0x8841, 0x8c62, 0x8c62, 0x8c63, 0x8820, 0x8400, 0xa5d0, 0x98c6, 0x8000, 0x8000, 0x8800,
    0x8820, 0x8820, 0x8820, 0x8820, 0x8820, 0x8820, 0x8820, 0x8820, 0x8820, 0x8820, 0x8820, 0x8820, 0x8820, 0x8820, 0x8820, 0x8820,
    0x8820, 0x8820, 0x8820, 0x8820, 0x8820, 0x8820, 0x8820, 0x8820, 0x8820, 0x8820, 0x8820, 0x8820, 0x8820, 0x8820, 0x8820, 0x8820,
    0x8800, 0x8000, 0x8000, 0x8400, 0xa5d0, 0x8c62, 0x8400, 0x8c62, 0x8842, 0x8842, 0x8841, 0x8841, 0x8841, 0x8c62, 0x8c62, 0x8842,
    0x8400, 0x8842, 0x8c62, 0x8842, 0x8c62, 0x8421, 0x8c62, 0x8c62, 0x8c63, 0x8841, 0x8400, 0xaa35, 0x98e7, 0x8000, 0x8000, 0x8000,
    0x8820, 0x8820, 0x8820, 0x8820, 0x8820, 0x8820, 0x8820, 0x8820, 0x8820, 0x8820, 0x8820, 0x8820, 0x8820, 0x8820, 0x8820, 0x8820,
    0x8820, 0x8820, 0x8820, 0x8820, 0x8820, 0x8820, 0x8820, 0x8820, 0x8820, 0x8820, 0x8820, 0x8820, 0x8820, 0x8820, 0x8000, 0x8000,
    0x8000, 0x98e7, 0xa5d0, 0xa5d0, 0xa129, 0x90a5, 0xa129, 0xa5d0, 0xa5d0, 0xa5d0, 0xa96b, 0xa96b, 0xa96b, 0xa5d0, 0xa5d0, 0xa5d0,
    0xa96b, 0xa96b, 0xa54a, 0xa5d0, 0xaa35, 0xa96b, 0xa96b, 0xa5d0, 0xaa35, 0xa5d0, 0xa54a, 0xa54a, 0xa5d0, 0xa96b, 0x8842, 0x8000,
    0x8000, 0x8800, 0x8820, 0x8820, 0x8820, 0x8820, 0x8820, 0x8820, 0x8820, 0x8820, 0x8820, 0x8820, 0x8820, 0x8820, 0x8820, 0x8820,
    0x8820, 0x8820, 0x8820, 0x8820, 0x8820, 0x8820, 0x8820, 0x8820, 0x8820, 0x8820, 0x8820, 0x8820, 0x8820, 0x8820, 0x8000, 0x8000,
    0x8000, 0x98c6, 0xa5d0, 0xa5d0, 0xa129, 0x90a5, 0xa129, 0xa5d0, 0xa5d0, 0xa96b, 0xa96b, 0xa96b, 0xa96b, 0xa5d0, 0xa5d0, 0xa5d0,
    0xa5d0, 0xa96b, 0xa54a, 0xa5d0, 0xaa35, 0xa96b, 0xa96b, 0xa96b, 0xa5d0, 0xa5d0, 0xa96b, 0xa129, 0xa5d0, 0xa5d0, 0x8c84, 0x8000,
    0x8000, 0x8000, 0x8820, 0x8820, 0x8820, 0x8820, 0x8820, 0x8820, 0x8820, 0x8820, 0x8820, 0x8820, 0x8820, 0x8820, 0x8820, 0x8820,
    0x8820, 0x8820, 0x8820, 0x8820, 0x8820, 0x8820, 0x8820, 0x8820, 0x8820, 0x8820, 0x8820, 0x8820, 0x8820, 0x8820, 0x8000, 0x8000,
    0x8000, 0x8c84, 0xa5d0, 0xa5d0, 0xa129, 0xa96b, 0xa5d0, 0xa5d0, 0xa96b, 0xa96b, 0xa96b, 0xaa35, 0xa5d0, 0xa54a, 0xa96b, 0xa5d0,
    0xa5d0, 0xa5d0, 0xa5d0, 0xa96b, 0xa96b, 0xa96b, 0xa96b, 0xa5d0, 0xa5d0, 0xa129, 0x90a5, 0xa129, 0xa5d0, 0xa5d0, 0x98c6, 0x8000,
    0x8000, 0x8000, 0x8820, 0x8820, 0x8820, 0x8820, 0x8820, 0x8820, 0x8820, 0x8820, 0x8820, 0x8820, 0x8820, 0x8820, 0x8820, 0x8820,
    0x8820, 0x8820, 0x8820, 0x8820, 0x8820, 0x8820, 0x8820, 0x8820, 0x8820, 0x8820, 0x8820, 0x8820, 0x8820, 0x8820, 0x8800, 0x8000,
    0x8000, 0x8842, 0xa96b, 0xa5d0, 0xa54a, 0xa54a, 0xa5d0, 0xaa35, 0xa5d0, 0xa96b, 0xa96b, 0xaa35, 0xa5d0, 0xa54a, 0xa96b, 0xa96b,
    0xa5d0, 0xa5d0, 0xa5d0, 0xa96b, 0xa96b, 0xa96b, 0xa5d0, 0xa5d0, 0xa5d0, 0xa129, 0x90a5, 0xa129, 0xa5d0, 0xa5d0, 0x98e7, 0x8000,
    0x8000, 0x8000, 0x8820, 0x8820, 0x8820, 0x8820, 0x8820, 0x8820, 0x8820, 0x8820, 0x8820, 0x8820, 0x8820, 0x8820, 0x8820, 0x8820,
    0x8820, 0x8820, 0x8820, 0x8820, 0x8820, 0x8820, 0x8820, 0x8820, 0x8820, 0x8820, 0x8820, 0x8820, 0x8000, 0x8000, 0x8820, 0xa96b,
    0xaa35, 0xaa35, 0x9d08, 0x8400, 0x8000, 0x8800, 0x8865, 0x8865, 0x8000, 0x8800, 0x8000, 0x8d0b, 0x914d, 0x8843, 0x8800, 0x8000,
    0x8d0b, 0x914d, 0x8865, 0x8800, 0x8000, 0x8865, 0x914d, 0x8d0b, 0x8000, 0x8000, 0x98c6, 0x8c62, 0x9d08, 0xa5d0, 0xaa35, 0xa5d0,
    0x94a5, 0x8000, 0x8000, 0x8000, 0x8820, 0x8820, 0x8820, 0x8820, 0x8820, 0x8820, 0x8820, 0x8820, 0x8820, 0x8820, 0x8820, 0x8820,
    0x8820, 0x8820, 0x8820, 0x8820, 0x8820, 0x8820, 0x8820, 0x8820, 0x8820, 0x8820, 0x8820, 0x8820, 0x8000, 0x8000, 0x8400, 0xa96b,
    0xaa35, 0xaa35, 0x9d08, 0x8422, 0x8000, 0x8800, 0x8865, 0x8ca7, 0x8800, 0x8800, 0x8000, 0x8d0b, 0x914d, 0x8842, 0x8800, 0x8000,
    0x8d0b, 0x998f, 0x8ca7, 0x8800, 0x8000, 0x8865, 0x914d, 0x8d0b, 0x8000, 0x8000, 0x9084, 0x8c63, 0x9d08, 0xa5d0, 0xaa35, 0xa5d0,
    0x98c6, 0x8000, 0x8000, 0x8000, 0x8820, 0x8820, 0x8820, 0x8820, 0x8820, 0x8820, 0x8820, 0x8820, 0x8820, 0x8820, 0x8820, 0x8820,
    0x8820, 0x8820, 0x8820, 0x8820, 0x8820, 0x8820, 0x8820, 0x8820, 0x8820, 0x8820, 0x8820, 0x8820, 0x8000, 0x8000, 0x8000, 0x98c6,
    0xa5d0, 0xaa35, 0xa5d0, 0x9d08, 0x8c63, 0x9084, 0x8000, 0x8000, 0x8d0b, 0x914d, 0x8865, 0x8000, 0x8800, 0x8ca7, 0x998f, 0x8d0b,
    0x8000, 0x8800, 0x8842, 0x914d, 0x8d0b, 0x8000, 0x8800, 0x8800, 0x8ca7, 0x8865, 0x8800, 0x8000, 0x8422, 0x9d08, 0xaa35, 0xaa35,
    0xa96b, 0x8400, 0x8000, 0x8000, 0x8820, 0x8820, 0x8820, 0x8820, 0x8820, 0x8820, 0x8820, 0x8820, 0x8820, 0x8820, 0x8820, 0x8820,
    0x8820, 0x8820, 0x8820, 0x8820, 0x8820, 0x8820, 0x8820, 0x8820, 0x8820, 0x8820, 0x8820, 0x8820, 0x8000, 0x8000, 0x8000, 0x94a5,
    0xa5d0, 0xaa35, 0xa5d0, 0x9d08, 0x8c62, 0x98c6, 0x8000, 0x8000, 0x8d0b, 0x914d, 0x8865, 0x8000, 0x8800, 0x8865, 0x914d, 0x8d0b,
    0x8000, 0x8800, 0x8843, 0x914d, 0x8d0b, 0x8000, 0x8800, 0x8000, 0x8865, 0x8865, 0x8800, 0x8000, 0x8400, 0x9d08, 0xaa35, 0xaa35,
    0xa96b, 0x8820, 0x8000, 0x8000, 0x8820, 0x8820, 0x8820, 0x8820, 0x8820, 0x8820, 0x8820, 0x8820, 0x8820, 0x8820, 0x8820, 0x8820,
    0x8820, 0x8820, 0x8820, 0x8820, 0x8820, 0x8820, 0x8820, 0x8820, 0x8000, 0x8000, 0x8000, 0x8000, 0x8841, 0xa5d0, 0xaa35, 0xa96b,
    0x8400, 0x8000, 0x8865, 0x8400, 0x90a5, 0x8c62, 0x8c64, 0x8820, 0x8843, 0x998f, 0x998f, 0x8d0b, 0x8820, 0x8820, 0x998f, 0x914d,
    0x998f, 0x9083, 0x8820, 0x8d0b, 0x998f, 0x998f, 0x8c64, 0x8800, 0x8ca7, 0x8ca7, 0x9d08, 0x98e7, 0x8841, 0x8820, 0x98e8, 0xa5d0,
    0xa5d0, 0xaa35, 0x9d08, 0x8000, 0x8000, 0x8000, 0x8000, 0x8000, 0x8820, 0x8820, 0x8820, 0x8820, 0x8820, 0x8820, 0x8820, 0x8820,
    0x8820, 0x8820, 0x8820, 0x8820, 0x8820, 0x8820, 0x8820, 0x8820, 0x8000, 0x8000, 0x8000, 0x8000, 0x8841, 0xa96b, 0xaa35, 0xa96b,
    0x8820, 0x8000, 0x8865, 0x8421, 0x9083, 0x8c62, 0x8c64, 0x8841, 0x8863, 0x998f, 0x998f, 0x8d0b, 0x8820, 0x8841, 0x998f, 0x8d0b,
    0x914d, 0x8863, 0x8800, 0x8d0b, 0x914d, 0x998f, 0x8ca7, 0x8800, 0x8ca7, 0x8d0b, 0x94a5, 0x98c6, 0x8c62, 0x8000, 0x8d0b, 0xa5d0,
    0xaa35, 0xaa35, 0xa129, 0x8000, 0x8000, 0x8000, 0x8000, 0x8000, 0x8820, 0x8820, 0x8820, 0x8820, 0x8820, 0x8820, 0x8820, 0x8820,
    0x8820, 0x8820, 0x8820, 0x8820, 0x8820, 0x8820, 0x8820, 0x8820, 0x8000, 0x8000, 0x8000, 0x8000, 0x8000, 0xa129, 0xaa35, 0xaa35,
    0xa5d0, 0x8d0b, 0x8000, 0x8c62, 0x98c6, 0x94a5, 0x8d0b, 0x8ca7, 0x8800, 0x8ca7, 0x998f, 0x914d, 0x8d0b, 0x8800, 0x8863, 0x914d,
    0x8d0b, 0x998f, 0x8841, 0x8820, 0x8d0b, 0x998f, 0x998f, 0x8863, 0x8841, 0x8c64, 0x8c62, 0x9083, 0x8421, 0x8865, 0x8000, 0x8820,
    0xa96b, 0xaa35, 0xa96b, 0x8841, 0x8000, 0x8000, 0x8000, 0x8000, 0x8820, 0x8820, 0x8820, 0x8820, 0x8820, 0x8820, 0x8820, 0x8820,
    0x8820, 0x8820, 0x8820, 0x8820, 0x8820, 0x8820, 0x8820, 0x8820, 0x8000, 0x8000, 0x8000, 0x8000, 0x8000, 0x9d08, 0xaa35, 0xa5d0,
    0xa5d0, 0x98e8, 0x8820, 0x8841, 0x98e7, 0x9d08, 0x8ca7, 0x8ca7, 0x8800, 0x8c64, 0x998f, 0x998f, 0x8d0b, 0x8820, 0x9083, 0x998f,
    0x914d, 0x998f, 0x8820, 0x8820, 0x8d0b, 0x998f, 0x998f, 0x8843, 0x8820, 0x8c64, 0x8c62, 0x90a5, 0x8400, 0x8865, 0x8000, 0x8400,
    0xa96b, 0xaa35, 0xa5d0, 0x8841, 0x8000, 0x8000, 0x8000, 0x8000, 0x8820, 0x8820, 0x8820, 0x8820, 0x8820, 0x8820, 0x8820, 0x8820,
    0x8820, 0x8820, 0x8820, 0x8820, 0x8820, 0x8820, 0x8820, 0x8000, 0x98e7, 0xa5d0, 0x8842, 0xa5d0, 0xaa35, 0xa129, 0x8843, 0x8000,
    0x8000, 0x914d, 0x8865, 0x8800, 0x8c64, 0x8820, 0x8422, 0x914d, 0x914d, 0x8d0b, 0x8800, 0x8820, 0x914d, 0xaa35, 0x914d, 0x8800,
    0x8800, 0x8d0b, 0xaa35, 0x998f, 0x8c64, 0x8800, 0x8ca7, 0x998f, 0x998f, 0x8843, 0x9083, 0x9083, 0x8d0b, 0xaa35, 0xaa35, 0x914d,
    0x9083, 0xa129, 0xa5d0, 0xaa35, 0xa54a, 0x8842, 0xa5d0, 0x9083, 0x8000, 0x8820, 0x8820, 0x8820, 0x8820, 0x8820, 0x8820, 0x8820,
    0x8820, 0x8820, 0x8820, 0x8820, 0x8820, 0x8820, 0x8820, 0x8000, 0x98e7, 0xa5d0, 0x8842, 0xa5d0, 0xaa35, 0xa129, 0x8422, 0x8000,
    0x8000, 0x914d, 0x8865, 0x8000, 0x8c84, 0x8820, 0x8422, 0x914d, 0x914d, 0x8d0b, 0x8820, 0x8800, 0x914d, 0xaa35, 0x914d, 0x8800,
    0x8800, 0x8d0b, 0xaa35, 0x998f, 0x8c64, 0x8800, 0x8865, 0x998f, 0x998f, 0x8c64, 0x8c63, 0x9083, 0x914d, 0xaa35, 0xaa35, 0x914d,
    0x8841, 0x98e7, 0xa96b, 0xaa35, 0xa96b, 0x8842, 0xa5d0, 0x9084, 0x8000, 0x8820, 0x8820, 0x8820, 0x8820, 0x8820, 0x8820, 0x8820,
    0x8820, 0x8820, 0x8820, 0x8820, 0x8820, 0x8820, 0x8820, 0x8000, 0x9084, 0xa5d0, 0x8842, 0xa96b, 0xaa35, 0xa96b, 0x98e7, 0x8841,
    0x914d, 0xaa35, 0xaa35, 0x914d, 0x9083, 0x8c63, 0x8c64, 0x998f, 0x998f, 0x8865, 0x8800, 0x8c64, 0x998f, 0xaa35, 0x8d0b, 0x8800,
    0x8800, 0x914d, 0xaa35, 0x914d, 0x8800, 0x8820, 0x8d0b, 0x914d, 0x914d, 0x8422, 0x8820, 0x8c84, 0x8000, 0x8865, 0x914d, 0x8000,
    0x8000, 0x8422, 0xa129, 0xaa35, 0xa5d0, 0x8842, 0xa5d0, 0x98e7, 0x8000, 0x8820, 0x8820, 0x8820, 0x8820, 0x8820, 0x8820, 0x8820,
    0x8820, 0x8820, 0x8820, 0x8820, 0x8820, 0x8820, 0x8820, 0x8000, 0x9083, 0xa5d0, 0x8842, 0xa54a, 0xaa35, 0xa5d0, 0xa129, 0x9083,
    0x914d, 0xaa35, 0xaa35, 0x8d0b, 0x9083, 0x9083, 0x8843, 0x998f, 0x998f, 0x8ca7, 0x8800, 0x8c64, 0x998f, 0xaa35, 0x8d0b, 0x8800,
    0x8800, 0x914d, 0xaa35, 0x914d, 0x8820, 0x8800, 0x8d0b, 0x914d, 0x914d, 0x8422, 0x8820, 0x8c64, 0x8800, 0x8865, 0x914d, 0x8000,
    0x8000, 0x8843, 0xa129, 0xaa35, 0xa5d0, 0x8842, 0xa5d0, 0x98e7, 0x8000, 0x8820, 0x8820, 0x8820, 0x8820, 0x8820, 0x8820, 0x8820,
    0x8000, 0x8000, 0x8000, 0x8000, 0x8000, 0x8000, 0x8000, 0x8000, 0x98e7, 0xaa35, 0x98e8, 0x98c6, 0x8000, 0x8865, 0x8d0b, 0x8800,
    0x914d, 0x8d0b, 0x8800, 0x8843, 0x8c63, 0x8400, 0x8865, 0x8d0b, 0x8800, 0x8841, 0x914d, 0x998f, 0x8d0b, 0x8800, 0x8800, 0x8d0b,
    0xaa35, 0x914d, 0x8820, 0x8800, 0x8865, 0x998f, 0x998f, 0x8865, 0x8800, 0x8421, 0x90a5, 0x98e7, 0x90a6, 0x9083, 0x8800, 0x98e7,
    0x914d, 0xaa35, 0x998f, 0xa129, 0xa5d0, 0xa96b, 0xaa35, 0x90a5, 0x8000, 0x8000, 0x8000, 0x8000, 0x8000, 0x8000, 0x8000, 0x8000,
    0x8000, 0x8000, 0x8000, 0x8000, 0x8000, 0x8000, 0x8000, 0x8000, 0x98c6, 0xaa35, 0x98e7, 0x98e7, 0x8000, 0x8865, 0x914d, 0x8800,
    0x8d0b, 0x8d0b, 0x8800, 0x8842, 0x8c63, 0x8800, 0x8865, 0x8d0b, 0x8800, 0x8820, 0x998f, 0x998f, 0x8d0b, 0x8800, 0x8800, 0x8d0b,
    0xaa35, 0x914d, 0x8c62, 0x8800, 0x8843, 0x998f, 0x998f, 0x8865, 0x8800, 0x8800, 0x90a5, 0x98c6, 0x90a5, 0x8c62, 0x8820, 0x98e7,
    0x914d, 0xaa35, 0x998f, 0x9909, 0xa5d0, 0xa96b, 0xaa35, 0x98e7, 0x8000, 0x8000, 0x8000, 0x8000, 0x8000, 0x8000, 0x8000, 0x8000,
    0x8000, 0x8000, 0x8000, 0x8000, 0x8000, 0x8000, 0x8000, 0x8000, 0x98e7, 0xaa35, 0xa96b, 0xa5d0, 0x9909, 0x998f, 0xaa35, 0x914d,
    0x98e7, 0x8820, 0x8c62, 0x90a5, 0x98c6, 0x90a5, 0x8800, 0x8800, 0x8865, 0x998f, 0x998f, 0x8843, 0x8800, 0x8c62, 0x914d, 0xaa35,
    0x8d0b, 0x8800, 0x8800, 0x8d0b, 0x998f, 0x998f, 0x8820, 0x8800, 0x8d0b, 0x8865, 0x8800, 0x8c63, 0x8842, 0x8800, 0x8d0b, 0x8d0b,
    0x8800, 0x914d, 0x8865, 0x8000, 0x98e7, 0x98e7, 0xaa35, 0x98c6, 0x8000, 0x8000, 0x8000, 0x8000, 0x8000, 0x8000, 0x8000, 0x8000,
    0x8000, 0x8000, 0x8000, 0x8000, 0x8000, 0x8000, 0x8000, 0x8000, 0x90a5, 0xaa35, 0xa96b, 0xa5d0, 0xa129, 0x998f, 0xaa35, 0x914d,
    0x98e7, 0x8800, 0x9083, 0x90a6, 0x98e7, 0x90a5, 0x8421, 0x8800, 0x8865, 0x998f, 0x998f, 0x8865, 0x8800, 0x8820, 0x914d, 0xaa35,
    0x8d0b, 0x8800, 0x8800, 0x8d0b, 0x998f, 0x914d, 0x8841, 0x8800, 0x8d0b, 0x8865, 0x8400, 0x8c63, 0x8843, 0x8800, 0x8d0b, 0x914d,
    0x8800, 0x8d0b, 0x8865, 0x8000, 0x98c6, 0x98e8, 0xaa35, 0x98e7, 0x8000, 0x8000, 0x8000, 0x8000, 0x8000, 0x8000, 0x8000, 0x8000,
    0xa129, 0xa129, 0xa129, 0xa129, 0xa129, 0x9085, 0xa96b, 0xa96b, 0xa54a, 0xaa35, 0x8400, 0x8000, 0x8865, 0x998f, 0x8800, 0x8d0b,
    0x914d, 0x8800, 0x8d0b, 0x8865, 0x8842, 0x8842, 0x8800, 0x8800, 0x8865, 0x914d, 0x8d0b, 0x8820, 0x8800, 0x8ca7, 0x914d, 0x914d,
    0x8c62, 0x8800, 0x8d0b, 0x914d, 0x8d0b, 0x8865, 0x8800, 0x8841, 0x8d0b, 0x8865, 0x9083, 0x98e7, 0x8ca7, 0xaa35, 0x998f, 0xaa35,
    0x998f, 0x8d0b, 0x94a5, 0x8800, 0x8800, 0x98c6, 0xaa35, 0xa96b, 0xa5d0, 0xa96b, 0x90a5, 0xa129, 0x98e7, 0x9d08, 0x9d08, 0xa129,
    0xa129, 0xa129, 0xa129, 0xa129, 0xa96b, 0x94c6, 0xa96b, 0xa5d0, 0xa54a, 0xaa35, 0x8400, 0x8000, 0x8865, 0x998f, 0x8800, 0x8865,
    0x914d, 0x8800, 0x8d0b, 0x8865, 0x8c62, 0x8842, 0x8800, 0x8820, 0x8865, 0x914d, 0x8d0b, 0x8800, 0x8800, 0x8ca7, 0x8d0b, 0x914d,
    0x8842, 0x8800, 0x8ca7, 0x914d, 0x8d0b, 0x8ca7, 0x8800, 0x8c64, 0x914d, 0x8d0b, 0x8c62, 0x94a5, 0x90a5, 0xaa35, 0x998f, 0xaa35,
    0x998f, 0x914d, 0x98e7, 0x8800, 0x8000, 0x98e7, 0xaa35, 0x9d08, 0xa5d0, 0xa96b, 0x9085, 0xa54a, 0x9d08, 0xa129, 0xa129, 0xa129,
    0xa129, 0xa129, 0xa129, 0x9d08, 0xa54a, 0x9085, 0xa96b, 0xa5d0, 0x9d08, 0xaa35, 0x98e7, 0x8000, 0x8800, 0x98e7, 0x914d, 0x998f,
    0xaa35, 0x998f, 0xaa35, 0x90a5, 0x94a5, 0x8c62, 0x8d0b, 0x914d, 0x8c64, 0x8800, 0x8ca7, 0x8d0b, 0x914d, 0x8ca7, 0x8800, 0x8842,
    0x914d, 0x8d0b, 0x8ca7, 0x8800, 0x8800, 0x8d0b, 0x914d, 0x8865, 0x8820, 0x8800, 0x8842, 0x8c62, 0x8865, 0x8d0b, 0x8800, 0x914d,
    0x8865, 0x8800, 0x998f, 0x8865, 0x8000, 0x8400, 0xaa35, 0xa54a, 0xa5d0, 0xa96b, 0x94c6, 0xa96b, 0xa129, 0xa129, 0xa129, 0xa129,
    0xa129, 0x9d08, 0x9d08, 0x98e7, 0xa129, 0x90a5, 0xa96b, 0xa5d0, 0xa96b, 0xaa35, 0x98c6, 0x8800, 0x8800, 0x94a5, 0x8d0b, 0x998f,
    0xaa35, 0x998f, 0xaa35, 0x8ca7, 0x98e7, 0x9083, 0x8865, 0x8d0b, 0x8841, 0x8800, 0x8865, 0x8d0b, 0x914d, 0x8d0b, 0x8800, 0x8c62,
    0x914d, 0x914d, 0x8ca7, 0x8800, 0x8820, 0x8d0b, 0x914d, 0x8865, 0x8800, 0x8800, 0x8842, 0x8842, 0x8865, 0x8d0b, 0x8800, 0x914d,
    0x8d0b, 0x8800, 0x998f, 0x8865, 0x8000, 0x8400, 0xaa35, 0xa54a, 0xa96b, 0xa96b, 0x9085, 0xa129, 0xa129, 0xa129, 0xa129, 0xa129,
    0xa129, 0xa129, 0xa96b, 0xa5d0, 0xa5d0, 0xa129, 0xa129, 0xa96b, 0x8000, 0x98c6, 0x8800, 0x8865, 0x998f, 0x8800, 0x8843, 0x998f,
    0x8800, 0x8865, 0x8d0b, 0x8820, 0x8842, 0x8400, 0x8422, 0x8865, 0x8c84, 0x8841, 0x8820, 0x9083, 0x90a6, 0x8c64, 0x9083, 0x8841,
    0x8c62, 0x9085, 0x9085, 0x8842, 0x9083, 0x9083, 0x8842, 0x8ca7, 0x94c6, 0x8c64, 0x8c84, 0x94a5, 0x98e8, 0x8865, 0x8841, 0x9083,
    0x98e7, 0x8ca7, 0x914d, 0xaa35, 0x914d, 0x94a5, 0x9d08, 0x8842, 0xa96b, 0x94c6, 0x98c6, 0xa129, 0xa129, 0xa5d0, 0xa5d0, 0xa96b,
    0x98e7, 0xa129, 0xa96b, 0xa5d0, 0xa5d0, 0xa129, 0xa54a, 0xa5d0, 0x8842, 0x98c6, 0x8820, 0x8865, 0x998f, 0x8800, 0x8843, 0x998f,
    0x8800, 0x8865, 0x8d0b, 0x8400, 0x8842, 0x8421, 0x8842, 0x9085, 0x8c84, 0x8c62, 0x8820, 0x9083, 0x9085, 0x8c64, 0x9083, 0x8c62,
    0x8c62, 0x9085, 0x90a5, 0x8842, 0x9083, 0x9083, 0x8842, 0x8865, 0x98c6, 0x8c64, 0x8c64, 0x94a5, 0x9d08, 0x8ca7, 0x8c62, 0x9083,
    0x9083, 0x90a6, 0x8d0b, 0xaa35, 0x914d, 0x9083, 0xa129, 0x8842, 0xa5d0, 0x9d08, 0x9083, 0x98e7, 0xa129, 0xa5d0, 0xa5d0, 0xa96b,
    0xa96b, 0xa5d0, 0xa5d0, 0xa129, 0x98e7, 0x9083, 0x9d08, 0xa5d0, 0x8842, 0xa129, 0x9083, 0x914d, 0xaa35, 0x8d0b, 0x90a6, 0x9083,
    0x9083, 0x8c62, 0x8ca7, 0x9d08, 0x94a5, 0x8c64, 0x8c64, 0x98c6, 0x8865, 0x8842, 0x9083, 0x9083, 0x8842, 0x90a5, 0x9085, 0x8c62,
    0x8c62, 0x9083, 0x8c64, 0x9085, 0x9083, 0x8820, 0x8c62, 0x8c84, 0x9085, 0x8842, 0x8421, 0x8842, 0x8400, 0x8d0b, 0x8865, 0x8800,
    0x998f, 0x8843, 0x8800, 0x998f, 0x8865, 0x8820, 0x98c6, 0x8842, 0xa5d0, 0xa54a, 0xa129, 0xa5d0, 0xa5d0, 0xa96b, 0xa129, 0x98e7,
    0xa96b, 0xa5d0, 0xa5d0, 0xa129, 0xa129, 0x98c6, 0x94c6, 0xa96b, 0x8842, 0x9d08, 0x94a5, 0x914d, 0xaa35, 0x914d, 0x8ca7, 0x98e7,
    0x9083, 0x8841, 0x8865, 0x98e8, 0x94a5, 0x8c84, 0x8c64, 0x94c6, 0x8ca7, 0x8842, 0x9083, 0x9083, 0x8842, 0x9085, 0x9085, 0x8c62,
    0x8841, 0x9083, 0x8c64, 0x90a6, 0x9083, 0x8820, 0x8841, 0x8c84, 0x8865, 0x8422, 0x8400, 0x8842, 0x8820, 0x8d0b, 0x8865, 0x8800,
    0x998f, 0x8843, 0x8800, 0x998f, 0x8865, 0x8800, 0x98c6, 0x8000, 0xa96b, 0xa129, 0xa129, 0xa5d0, 0xa5d0, 0xa96b, 0xa129, 0xa129,
    0x8865, 0x998f, 0xaa35, 0x8d0b, 0x8000, 0x8000, 0x9084, 0x90a5, 0x8000, 0x9085, 0x8820, 0x8d0b, 0x8843, 0x8400, 0x8d0b, 0x8400,
    0x8820, 0x8ca7, 0x8841, 0x8400, 0x8000, 0x8000, 0x8000, 0x8000, 0x8400, 0x8400, 0x8422, 0x8422, 0x8842, 0x8841, 0x9084, 0x8863,
    0x8c62, 0x8c63, 0x8400, 0x8400, 0x8842, 0x8842, 0x8421, 0x8c62, 0x8c62, 0x8000, 0x8400, 0x8000, 0x9d08, 0xa129, 0x98e7, 0x998f,
    0xaa35, 0x998f, 0x8d0b, 0x98e8, 0x9083, 0xa129, 0x98e7, 0x8000, 0x90a5, 0x8000, 0x8000, 0x8d0b, 0xaa35, 0x914d, 0x8800, 0x8800,
    0x8865, 0x998f, 0x998f, 0x8d0b, 0x8800, 0x8000, 0x9083, 0x8c84, 0x8000, 0x8c84, 0x8841, 0x8d0b, 0x8865, 0x8800, 0x914d, 0x8422,
    0x8800, 0x90a5, 0x8841, 0x8421, 0x8000, 0x8000, 0x8000, 0x8000, 0x8421, 0x8400, 0x8842, 0x8421, 0x8421, 0x8841, 0x8c63, 0x8842,
    0x8843, 0x8842, 0x8000, 0x8000, 0x8422, 0x8422, 0x8421, 0x8841, 0x8842, 0x8000, 0x8000, 0x8400, 0xa129, 0xa129, 0x98e7, 0x998f,
    0xaa35, 0x998f, 0x8d0b, 0x94c6, 0x8c62, 0xa129, 0x98e7, 0x8421, 0x90a5, 0x8800, 0x8000, 0x8d0b, 0xaa35, 0x914d, 0x8800, 0x8800,
    0x8800, 0x8800, 0x914d, 0xaa35, 0x8d0b, 0x8000, 0x8800, 0x90a5, 0x8421, 0x98e7, 0xa129, 0x8c62, 0x94c6, 0x8d0b, 0x998f, 0xaa35,
    0x998f, 0x98e7, 0xa129, 0xa129, 0x8400, 0x8000, 0x8000, 0x8842, 0x8841, 0x8421, 0x8422, 0x8422, 0x8000, 0x8000, 0x8842, 0x8843,
    0x8842, 0x8c63, 0x8841, 0x8421, 0x8421, 0x8842, 0x8400, 0x8421, 0x8000, 0x8000, 0x8000, 0x8000, 0x8421, 0x8841, 0x90a5, 0x8800,
    0x8422, 0x914d, 0x8800, 0x8865, 0x8d0b, 0x8841, 0x8c84, 0x8000, 0x8c84, 0x9083, 0x8000, 0x8800, 0x8d0b, 0x998f, 0x998f, 0x8865,
    0x8800, 0x8800, 0x914d, 0xaa35, 0x8d0b, 0x8000, 0x8000, 0x90a5, 0x8000, 0x98e7, 0xa129, 0x9083, 0x98e8, 0x8d0b, 0x998f, 0xaa35,
    0x998f, 0x98e7, 0xa129, 0x9d08, 0x8000, 0x8400, 0x8000, 0x8c62, 0x8c62, 0x8421, 0x8842, 0x8842, 0x8400, 0x8400, 0x8c63, 0x8c62,
    0x8863, 0x9084, 0x8841, 0x8842, 0x8422, 0x8422, 0x8400, 0x8400, 0x8000, 0x8000, 0x8000, 0x8000, 0x8400, 0x8841, 0x8ca7, 0x8820,
    0x8400, 0x8d0b, 0x8400, 0x8843, 0x8d0b, 0x8820, 0x9085, 0x8000, 0x90a5, 0x9084, 0x8000, 0x8000, 0x8d0b, 0xaa35, 0x998f, 0x8865,
    0xaa35, 0x8d0b, 0x8800, 0x8800, 0x914d, 0x8d0b, 0x9083, 0x98e8, 0x8421, 0x94c6, 0x8c64, 0x8400, 0x8820, 0x8d0b, 0x8843, 0x8841,
    0x9085, 0x8000, 0x8400, 0x8842, 0x8863, 0x8c64, 0x90a5, 0x8c84, 0x9083, 0x90a5, 0x90a6, 0xa129, 0xa129, 0xa96b, 0xa96b, 0xa54a,
    0xa54a, 0xa129, 0xa54a, 0xa129, 0x98c6, 0x90a5, 0x8c64, 0x9083, 0x90a6, 0x9d08, 0x98c6, 0x9085, 0x8843, 0x8865, 0x98e8, 0xa96b,
    0x9d08, 0x8841, 0x8c63, 0x8d0b, 0x8ca7, 0x98e7, 0x98e7, 0x8842, 0x98c6, 0x8c64, 0x998f, 0x914d, 0x8c62, 0x8800, 0x8d0b, 0xaa35,
    0xaa35, 0x8d0b, 0x8800, 0x8800, 0x8d0b, 0x8d0b, 0x94a5, 0x98c6, 0x8842, 0x9083, 0x8863, 0x8820, 0x8400, 0x8d0b, 0x8865, 0x8841,
    0x8c84, 0x8400, 0x8000, 0x8842, 0x8842, 0x8863, 0x8c84, 0x8842, 0x9083, 0x90a5, 0x98e7, 0xa129, 0xa96b, 0xa96b, 0xa96b, 0xa96b,
    0xa54a, 0xa129, 0xa54a, 0xa129, 0x98e8, 0x90a5, 0x9085, 0x8c64, 0x90a6, 0x9d08, 0x90a6, 0x90a5, 0x8c64, 0x8c64, 0x98c6, 0xa96b,
    0x98e7, 0x8c62, 0x8c63, 0x8d0b, 0x8d0b, 0x98e7, 0x9d08, 0x8842, 0x90a5, 0x8c62, 0x998f, 0x914d, 0x8841, 0x8800, 0x8d0b, 0xaa35,
    0xaa35, 0x8d0b, 0x8800, 0x8841, 0x914d, 0x998f, 0x8c62, 0x90a5, 0x8842, 0x9d08, 0x98e7, 0x8d0b, 0x8d0b, 0x8c63, 0x8c62, 0x98e7,
    0xa96b, 0x98c6, 0x8c64, 0x8c64, 0x90a5, 0x90a6, 0x9d08, 0x90a6, 0x8c64, 0x9085, 0x90a5, 0x98e8, 0xa129, 0xa54a, 0xa129, 0xa54a,
    0xa96b, 0xa96b, 0xa96b, 0xa96b, 0xa129, 0x98e7, 0x90a5, 0x9083, 0x8842, 0x8c84, 0x8863, 0x8842, 0x8842, 0x8000, 0x8400, 0x8c84,
    0x8841, 0x8865, 0x8d0b, 0x8400, 0x8820, 0x8863, 0x9083, 0x8842, 0x98c6, 0x94a5, 0x8d0b, 0x8d0b, 0x8800, 0x8800, 0x8d0b, 0xaa35,
    0xaa35, 0x8d0b, 0x8800, 0x8c62, 0x914d, 0x998f, 0x8c64, 0x98c6, 0x8842, 0x98e7, 0x98e7, 0x8ca7, 0x8d0b, 0x8c63, 0x8841, 0x9d08,
    0xa96b, 0x98e8, 0x8865, 0x8843, 0x9085, 0x98c6, 0x9d08, 0x90a6, 0x9083, 0x8c64, 0x90a5, 0x98c6, 0xa129, 0xa54a, 0xa129, 0xa54a,
    0xa54a, 0xa96b, 0xa96b, 0xa129, 0xa129, 0x90a6, 0x90a5, 0x9083, 0x8c84, 0x90a5, 0x8c64, 0x8863, 0x8842, 0x8400, 0x8000, 0x9085,
    0x8841, 0x8843, 0x8d0b, 0x8820, 0x8400, 0x8c64, 0x94c6, 0x8421, 0x98e8, 0x9083, 0x8d0b, 0x914d, 0x8800, 0x8800, 0x8d0b, 0xaa35,
    0x8800, 0x8841, 0x8865, 0xaa35, 0xaa35, 0x8865, 0x8c62, 0x90a6, 0x8421, 0x98c6, 0x8842, 0x8400, 0x8865, 0x8c84, 0x8c62, 0x8842,
    0x8422, 0x8820, 0x8842, 0x8842, 0x98c6, 0x8ca7, 0x94a5, 0x98e8, 0xa54a, 0xa96b, 0xa54a, 0x98e7, 0x90a5, 0x8c64, 0x8842, 0x8865,
    0x8865, 0x8842, 0x9085, 0x90a5, 0x9d08, 0x9909, 0xa96b, 0x9909, 0x90a6, 0x9084, 0x90a6, 0x9d08, 0x8c62, 0x90a5, 0x8421, 0x8843,
    0x98e8, 0xa96b, 0xa5d0, 0x998f, 0x8d0b, 0x9083, 0x98e7, 0x8421, 0x90a5, 0x8842, 0x8800, 0x8800, 0x8ca7, 0x914d, 0xaa35, 0x8d0b,
    0x8800, 0x8820, 0x8865, 0xaa35, 0xaa35, 0x8865, 0x9083, 0x90a6, 0x8422, 0x94a5, 0x8842, 0x8000, 0x8865, 0x8c84, 0x9083, 0x8842,
    0x8000, 0x8421, 0x8842, 0x8c63, 0x9d08, 0x98e8, 0x98c6, 0x9d08, 0xa96b, 0xa96b, 0xa129, 0x98e7, 0x90a5, 0x9085, 0x8842, 0x8865,
    0x8865, 0x8841, 0x90a5, 0x94a5, 0x9d08, 0xa129, 0xa54a, 0x9d08, 0x90a6, 0x90a5, 0x8ca7, 0x9909, 0x8c63, 0x8c84, 0x8842, 0x8843,
    0x98c6, 0xa96b, 0xa96b, 0x914d, 0x8d0b, 0x9083, 0x9d08, 0x8863, 0x94c6, 0x8863, 0x8000, 0x8800, 0x8865, 0x914d, 0xaa35, 0x8d0b,
    0x8d0b, 0xaa35, 0x914d, 0x8865, 0x8800, 0x8000, 0x8863, 0x94c6, 0x8863, 0x9d08, 0x9083, 0x8d0b, 0x914d, 0xa96b, 0xa96b, 0x98c6,
    0x8843, 0x8842, 0x8c84, 0x8c63, 0x9909, 0x8ca7, 0x90a5, 0x90a6, 0x9d08, 0xa54a, 0xa129, 0x9d08, 0x94a5, 0x90a5, 0x8841, 0x8865,
    0x8865, 0x8842, 0x9085, 0x90a5, 0x98e7, 0xa129, 0xa96b, 0xa96b, 0x9d08, 0x98c6, 0x98e8, 0x9d08, 0x8c63, 0x8842, 0x8421, 0x8000,
    0x8842, 0x9083, 0x8c84, 0x8865, 0x8000, 0x8842, 0x94a5, 0x8422, 0x90a6, 0x9083, 0x8865, 0xaa35, 0xaa35, 0x8865, 0x8820, 0x8800,
    0x8d0b, 0xaa35, 0x914d, 0x8ca7, 0x8800, 0x8800, 0x8842, 0x90a5, 0x8421, 0x98e7, 0x9083, 0x8d0b, 0x998f, 0xa5d0, 0xa96b, 0x98e8,
    0x8843, 0x8421, 0x90a5, 0x8c62, 0x9d08, 0x90a6, 0x9084, 0x90a6, 0x9909, 0xa96b, 0x9909, 0x9d08, 0x90a5, 0x9085, 0x8842, 0x8865,
    0x8865, 0x8842, 0x8c64, 0x90a5, 0x98e7, 0xa54a, 0xa96b, 0xa54a, 0x98e8, 0x94a5, 0x8ca7, 0x98c6, 0x8842, 0x8842, 0x8820, 0x8422,
    0x8842, 0x8c62, 0x8c84, 0x8865, 0x8400, 0x8842, 0x98c6, 0x8421, 0x90a6, 0x8c62, 0x8865, 0xaa35, 0xaa35, 0x8865, 0x8841, 0x8800,
    0x8ca7, 0x914d, 0x8d0b, 0x8ca7, 0x8841, 0x8820, 0x9085, 0x98c6, 0x8422, 0x98e8, 0x8863, 0x8842, 0x8843, 0x8841, 0x8400, 0x8842,
    0x8865, 0x8842, 0x8422, 0x8c64, 0x8842, 0x8c84, 0xa96b, 0x998f, 0x8ca7, 0x8841, 0x8000, 0x8400, 0x8841, 0x8c62, 0x9084, 0x8c62,
    0x8c62, 0x9085, 0x8c63, 0x9085, 0x8842, 0x8842, 0x9083, 0x90a6, 0x914d, 0xa54a, 0x8421, 0x8842, 0x8c84, 0x9085, 0x90a6, 0xa129,
    0x8842, 0x8843, 0x8841, 0x9083, 0xa54a, 0x94c6, 0x9d08, 0x8842, 0x98e8, 0x8863, 0x8000, 0x8d0b, 0x914d, 0x8865, 0x8820, 0x8841,
    0x8ca7, 0x914d, 0x8d0b, 0x8ca7, 0x8820, 0x8820, 0x90a5, 0x98e8, 0x8422, 0x98e7, 0x8842, 0x8842, 0x8843, 0x8842, 0x8400, 0x8820,
    0x8c64, 0x8842, 0x8000, 0x8c64, 0x8843, 0x9085, 0xa5d0, 0xa5d0, 0x8ca7, 0x8c62, 0x8400, 0x8000, 0x8820, 0x8c62, 0x9084, 0x8c62,
    0x8c62, 0x9084, 0x8c84, 0x9084, 0x8841, 0x8c64, 0x9083, 0x8ca7, 0x914d, 0xa129, 0x8842, 0x8c84, 0x8c63, 0x8c64, 0x9085, 0x98e7,
    0x8841, 0x8843, 0x8842, 0x98e7, 0xa96b, 0x98e7, 0xa54a, 0x9085, 0x98c6, 0x8863, 0x8000, 0x8d0b, 0x8d0b, 0x8422, 0x8800, 0x8800,
    0x8800, 0x8800, 0x8422, 0x8d0b, 0x8d0b, 0x8000, 0x8863, 0x98c6, 0x9085, 0xa54a, 0x98e7, 0xa96b, 0x98e7, 0x8842, 0x8843, 0x8841,
    0x98e7, 0x9085, 0x8c64, 0x8c63, 0x8c84, 0x8842, 0xa129, 0x914d, 0x8ca7, 0x9083, 0x8c64, 0x8841, 0x9084, 0x8c84, 0x9084, 0x8c62,
    0x8c62, 0x9084, 0x8c62, 0x8820, 0x8000, 0x8400, 0x8c62, 0x8ca7, 0xa5d0, 0xa5d0, 0x9085, 0x8843, 0x8c64, 0x8000, 0x8842, 0x8c64,
    0x8820, 0x8400, 0x8842, 0x8843, 0x8842, 0x8842, 0x98e7, 0x8422, 0x98e8, 0x90a5, 0x8820, 0x8820, 0x8ca7, 0x8d0b, 0x914d, 0x8ca7,
    0x8841, 0x8820, 0x8865, 0x914d, 0x8d0b, 0x8000, 0x8863, 0x98e8, 0x8842, 0x9d08, 0x94c6, 0xa54a, 0x9083, 0x8841, 0x8843, 0x8842,
    0xa129, 0x90a6, 0x9085, 0x8c84, 0x8842, 0x8421, 0xa54a, 0x914d, 0x90a6, 0x9083, 0x8842, 0x8842, 0x9085, 0x8c63, 0x9085, 0x8c62,
    0x8c62, 0x9084, 0x8c62, 0x8841, 0x8400, 0x8000, 0x8841, 0x8ca7, 0x998f, 0xa96b, 0x8c84, 0x8842, 0x8c64, 0x8422, 0x8842, 0x8865,
    0x8842, 0x8400, 0x8841, 0x8843, 0x8842, 0x8863, 0x98e8, 0x8422, 0x98c6, 0x9085, 0x8820, 0x8841, 0x8ca7, 0x8d0b, 0x914d, 0x8ca7,
    0x8c62, 0x9083, 0x8c84, 0x9083, 0x94c6, 0x8c64, 0x8c84, 0x8c84, 0x8000, 0x90a5, 0x8000, 0x8000, 0x8843, 0x8863, 0x8000, 0x8c84,
    0x90a5, 0x8000, 0x90a6, 0x8422, 0x94a5, 0xaa35, 0x94c6, 0x8000, 0x8000, 0x8422, 0x8865, 0x9d08, 0x94c6, 0x9084, 0x94a5, 0x9909,
    0x98e8, 0x9084, 0x8c64, 0x9d08, 0x90a5, 0x8865, 0x8c84, 0x8c63, 0x8842, 0x9d08, 0xa5d0, 0x9083, 0x8c64, 0x8c84, 0x8400, 0xa129,
    0x90a6, 0x8843, 0xa54a, 0x8c64, 0x8843, 0x8c64, 0x90a5, 0x8421, 0x90a6, 0x8863, 0x8841, 0x94a5, 0x9083, 0x8c63, 0x8c63, 0x90a5,
    0x94a5, 0x9083, 0x9083, 0x9083, 0x9084, 0x8c64, 0x94c6, 0x8c84, 0x8421, 0x8c63, 0x8000, 0x8000, 0x8843, 0x9085, 0x8400, 0x8843,
    0x8c64, 0x8000, 0x9083, 0x8842, 0x90a5, 0xa5d0, 0x94c6, 0x8000, 0x8800, 0x8865, 0x8865, 0x9d08, 0x90a5, 0x9083, 0x90a5, 0x90a6,
    0x90a5, 0x8c64, 0x9085, 0xa129, 0x90a5, 0x8865, 0x9085, 0x8c62, 0x8841, 0x9d08, 0xa96b, 0x8863, 0x8c62, 0x8c84, 0x8422, 0xa54a,
    0x98c6, 0x9084, 0xa54a, 0x8842, 0x8843, 0x9084, 0x94c6, 0x8422, 0x8c84, 0x8843, 0x8000, 0x9083, 0x8841, 0x8842, 0x9084, 0x8c84,
    0x8c84, 0x9084, 0x8842, 0x8841, 0x9083, 0x8000, 0x8843, 0x8c84, 0x8422, 0x94c6, 0x9084, 0x8843, 0x8842, 0xa54a, 0x9084, 0x98c6,
    0xa54a, 0x8422, 0x8c84, 0x8c62, 0x8863, 0xa96b, 0x9d08, 0x8841, 0x8c62, 0x9085, 0x8865, 0x90a5, 0xa129, 0x9085, 0x8c64, 0x90a5,
    0x90a6, 0x90a5, 0x9083, 0x90a5, 0x9d08, 0x8865, 0x8865, 0x8800, 0x8000, 0x94c6, 0xa5d0, 0x90a5, 0x8842, 0x9083, 0x8000, 0x8c64,
    0x8843, 0x8400, 0x9085, 0x8843, 0x8000, 0x8000, 0x8c63, 0x8421, 0x8c84, 0x94c6, 0x8c64, 0x9084, 0x9083, 0x9083, 0x9083, 0x94a5,
    0x90a5, 0x8c63, 0x8c63, 0x9083, 0x94a5, 0x8841, 0x8863, 0x90a6, 0x8421, 0x90a5, 0x8c64, 0x8843, 0x8c64, 0xa54a, 0x8843, 0x90a6,
    0xa129, 0x8400, 0x8c84, 0x8c64, 0x9083, 0xa5d0, 0x9d08, 0x8842, 0x8c63, 0x8c84, 0x8865, 0x90a5, 0x9d08, 0x8c64, 0x9084, 0x98e8,
    0x9909, 0x94a5, 0x9084, 0x94c6, 0x9d08, 0x8865, 0x8422, 0x8000, 0x8000, 0x94c6, 0xaa35, 0x94a5, 0x8422, 0x90a6, 0x8000, 0x90a5,
    0x8c84, 0x8000, 0x8863, 0x8843, 0x8000, 0x8000, 0x90a5, 0x8000, 0x8c84, 0x8c84, 0x8c64, 0x94c6, 0x9083, 0x8c84, 0x9083, 0x8c62,
    0x8842, 0x8421, 0x8400, 0x8400, 0x8000, 0x8000, 0x8c63, 0x8842, 0x8421, 0x8c62, 0x8842, 0x94a5, 0x8ca7, 0x98e8, 0x8000, 0x8842,
    0x8c64, 0x8c62, 0x90a5, 0x8842, 0xaa35, 0x8863, 0x8000, 0x8842, 0x90a5, 0x94c6, 0x90a5, 0x8422, 0xa5d0, 0x90a5, 0x9084, 0xa96b,
    0xa54a, 0x8842, 0xa129, 0xa54a, 0x8421, 0x90a5, 0x98c6, 0x90a5, 0x9083, 0x8842, 0x90a5, 0xa54a, 0x8000, 0x94c6, 0x8421, 0x9d08,
    0x8842, 0x98e7, 0xaa35, 0xa96b, 0xa96b, 0x98e7, 0x98c6, 0x8422, 0x8421, 0x8000, 0x8000, 0x8000, 0x8422, 0x8422, 0x8000, 0x8000,
    0x8400, 0x8843, 0x8000, 0x8422, 0x8422, 0x8000, 0x8421, 0x8842, 0x8421, 0x8842, 0x8842, 0x94c6, 0x90a6, 0x98e8, 0x8000, 0x8842,
    0x8c64, 0x8863, 0x98e7, 0x8c63, 0xaa35, 0x8c63, 0x8000, 0x8842, 0x9084, 0x94a5, 0x90a5, 0x8842, 0xa5d0, 0x98c6, 0x90a5, 0xa96b,
    0xa54a, 0x8841, 0x98c6, 0xa129, 0x8000, 0x90a5, 0x98c6, 0x90a5, 0x9083, 0x8842, 0x90a5, 0xa96b, 0x8000, 0x94c6, 0x8842, 0xa129,
    0x8863, 0x98e8, 0xaa35, 0xa129, 0xa96b, 0x94c6, 0x90a5, 0x8843, 0x8421, 0x8421, 0x8421, 0x8000, 0x8421, 0x8842, 0x8421, 0x8842,
    0x8842, 0x8421, 0x8842, 0x8421, 0x8000, 0x8421, 0x8421, 0x8421, 0x8843, 0x90a5, 0x94c6, 0xa96b, 0xa129, 0xaa35, 0x98e8, 0x8863,
    0xa129, 0x8842, 0x94c6, 0x8000, 0xa96b, 0x90a5, 0x8842, 0x9083, 0x90a5, 0x98c6, 0x90a5, 0x8000, 0xa129, 0x98c6, 0x8841, 0xa54a,
    0xa96b, 0x90a5, 0x98c6, 0xa5d0, 0x8842, 0x90a5, 0x94a5, 0x9084, 0x8842, 0x8000, 0x8c63, 0xaa35, 0x8c63, 0x98e7, 0x8863, 0x8c64,
    0x8842, 0x8000, 0x98e8, 0x90a6, 0x94c6, 0x8842, 0x8842, 0x8421, 0x8842, 0x8421, 0x8000, 0x8422, 0x8422, 0x8000, 0x8843, 0x8400,
    0x8000, 0x8000, 0x8422, 0x8422, 0x8000, 0x8000, 0x8000, 0x8421, 0x8422, 0x98c6, 0x98e7, 0xa96b, 0xa96b, 0xaa35, 0x98e7, 0x8842,
    0x9d08, 0x8421, 0x94c6, 0x8000, 0xa54a, 0x90a5, 0x8842, 0x9083, 0x90a5, 0x98c6, 0x90a5, 0x8421, 0xa54a, 0xa129, 0x8842, 0xa54a,
    0xa96b, 0x9084, 0x90a5, 0xa5d0, 0x8422, 0x90a5, 0x94c6, 0x90a5, 0x8842, 0x8000, 0x8863, 0xaa35, 0x8842, 0x90a5, 0x8c62, 0x8c64,
    0x8842, 0x8000, 0x98e8, 0x8ca7, 0x94a5, 0x8842, 0x8c62, 0x8421, 0x8842, 0x8c63, 0x8000, 0x8000, 0x8400, 0x8400, 0x8421, 0x8842,
    0xa129, 0x8c64, 0x8000, 0x9085, 0x98e8, 0x98e8, 0x8c64, 0x90a6, 0x98c6, 0x98c6, 0x9909, 0x8c64, 0x90a5, 0x94c6, 0x8000, 0x8863,
    0x8c64, 0x98e7, 0x8c64, 0xa96b, 0xa129, 0x8000, 0xa96b, 0xa96b, 0xa96b, 0xa129, 0x98e7, 0x98c6, 0xa96b, 0x8c63, 0xa54a, 0x9083,
    0x90a5, 0xa129, 0x90a5, 0x9909, 0x9085, 0x9084, 0x8865, 0x8ca7, 0x90a6, 0x9085, 0x8000, 0x98e8, 0x94a5, 0x8842, 0x9085, 0xa129,
    0x8c64, 0x9d08, 0xaa35, 0x98e7, 0xa96b, 0xa96b, 0xa96b, 0xa96b, 0x98e8, 0x90a6, 0x8865, 0x8422, 0x8c64, 0x8c64, 0x9909, 0xa96b,
    0x9085, 0x98e8, 0x90a6, 0x8c64, 0x9085, 0x9085, 0x8842, 0x8422, 0x98e8, 0x90a6, 0x90a6, 0x8c64, 0x90a6, 0x9085, 0x8000, 0x8842,
    0x90a5, 0x94a5, 0x8c62, 0xa96b, 0xa129, 0x8000, 0xa54a, 0xa96b, 0xa96b, 0x9909, 0x98c6, 0x94c6, 0xa96b, 0x8c84, 0xa54a, 0x9083,
    0x94c6, 0xa129, 0x8c63, 0xa129, 0x8863, 0x90a5, 0x8422, 0x8865, 0x90a6, 0x90a5, 0x8000, 0xa129, 0x98c6, 0x8842, 0x9085, 0xa129,
    0x8c63, 0x90a5, 0xaa35, 0x8c64, 0xa129, 0xa96b, 0xa96b, 0xa96b, 0xa96b, 0x98c6, 0x90a6, 0x90a6, 0x90a6, 0x98c6, 0x9909, 0xa96b,
    0xa96b, 0x9909, 0x98c6, 0x90a6, 0x90a6, 0x90a6, 0x98c6, 0xa96b, 0xa96b, 0xa96b, 0xa96b, 0xa129, 0x8c64, 0xaa35, 0x90a5, 0x8c63,
    0xa129, 0x9085, 0x8842, 0x98c6, 0xa129, 0x8000, 0x90a5, 0x90a6, 0x8865, 0x8422, 0x90a5, 0x8863, 0xa129, 0x8c63, 0xa129, 0x94c6,
    0x9083, 0xa54a, 0x8c84, 0xa96b, 0x94c6, 0x98c6, 0x9909, 0xa96b, 0xa96b, 0xa54a, 0x8000, 0xa129, 0xa96b, 0x8c62, 0x94a5, 0x90a5,
    0x8842, 0x8000, 0x9085, 0x90a6, 0x8c64, 0x90a6, 0x90a6, 0x98e8, 0x8422, 0x8842, 0x9085, 0x9085, 0x8c64, 0x90a6, 0x98e8, 0x9085,
    0xa96b, 0x9909, 0x8c64, 0x8c64, 0x8422, 0x8865, 0x90a6, 0x98e8, 0xa96b, 0xa96b, 0xa96b, 0xa96b, 0x98e7, 0xaa35, 0x9d08, 0x8c64,
    0xa129, 0x9085, 0x8842, 0x94a5, 0x98e8, 0x8000, 0x9085, 0x90a6, 0x8ca7, 0x8865, 0x9084, 0x9085, 0x9909, 0x90a5, 0xa129, 0x90a5,
    0x9083, 0xa54a, 0x8c63, 0xa96b, 0x98c6, 0x98e7, 0xa129, 0xa96b, 0xa96b, 0xa96b, 0x8000, 0xa129, 0xa96b, 0x8c64, 0x98e7, 0x8c64,
    0x8863, 0x8000, 0x94c6, 0x90a5, 0x8c64, 0x9909, 0x98c6, 0x98c6, 0x90a6, 0x8c64, 0x98e8, 0x98e8, 0x9085, 0x8000, 0x8c64, 0xa129,
    0xa96b, 0xa129, 0x8843, 0x98e8, 0x9d08, 0xa96b, 0x98e8, 0x9d08, 0xa54a, 0xa96b, 0xa54a, 0x8843, 0xa54a, 0x98c6, 0x8000, 0x8c64,
    0x8422, 0x90a5, 0x8c63, 0xa5d0, 0x9909, 0x8000, 0xa5d0, 0xa54a, 0xa96b, 0xa54a, 0x8c63, 0x9083, 0xa54a, 0x8820, 0x8841, 0x8c62,
    0x9085, 0x8842, 0x8400, 0x90a6, 0x8842, 0x8842, 0x9085, 0x8ca7, 0x8d0b, 0x9d08, 0x8000, 0xa5d0, 0x98c6, 0x8c63, 0x8c84, 0x90a6,
    0x8c64, 0x94c6, 0xa5d0, 0xa96b, 0xa54a, 0xa54a, 0xa96b, 0xa54a, 0xa96b, 0xa5d0, 0xa54a, 0x90a6, 0x8865, 0x98c6, 0xa5d0, 0x9d08,
    0xa129, 0xa96b, 0xa96b, 0x98e7, 0xa129, 0x90a6, 0x9085, 0x9d08, 0xa96b, 0x9909, 0x98e8, 0x98e8, 0xa129, 0x9909, 0x8000, 0x8843,
    0x8843, 0x8c84, 0x8842, 0xa54a, 0x98c6, 0x8000, 0xa96b, 0xa54a, 0xa96b, 0xa129, 0x8842, 0x8c63, 0xa129, 0x8421, 0x8841, 0x8c63,
    0x90a5, 0x8841, 0x8842, 0x9d08, 0x8422, 0x8421, 0x8c64, 0x90a5, 0xa129, 0x90a5, 0x8000, 0xa96b, 0x98e7, 0x8842, 0x8843, 0x90a5,
    0x8843, 0x8865, 0xa5d0, 0xa96b, 0x90a6, 0xa54a, 0xa54a, 0xa54a, 0xa96b, 0xa96b, 0x9909, 0xa54a, 0xa54a, 0xa96b, 0xa129, 0xa129,
    0xa129, 0xa129, 0xa96b, 0xa54a, 0xa54a, 0x9909, 0xa96b, 0xa96b, 0xa54a, 0xa54a, 0xa54a, 0x90a6, 0xa96b, 0xa5d0, 0x8865, 0x8843,
    0x90a5, 0x8843, 0x8842, 0x98e7, 0xa96b, 0x8000, 0x90a5, 0xa129, 0x90a5, 0x8c64, 0x8421, 0x8422, 0x9d08, 0x8842, 0x8841, 0x90a5,
    0x8c63, 0x8841, 0x8421, 0xa129, 0x8c63, 0x8842, 0xa129, 0xa96b, 0xa54a, 0xa96b, 0x8000, 0x98c6, 0xa54a, 0x8842, 0x8c84, 0x8843,
    0x8843, 0x8000, 0x9909, 0xa129, 0x98e8, 0x98e8, 0x9909, 0xa96b, 0x9d08, 0x9085, 0x90a6, 0xa129, 0x98e7, 0xa96b, 0xa96b, 0xa129,
    0x9d08, 0xa5d0, 0x98c6, 0x8865, 0x90a6, 0xa54a, 0xa5d0, 0xa96b, 0xa54a, 0xa96b, 0xa54a, 0xa54a, 0xa96b, 0xa5d0, 0x94c6, 0x8c64,
    0x90a6, 0x8c84, 0x8c63, 0x98c6, 0xa5d0, 0x8000, 0x9d08, 0x8d0b, 0x8ca7, 0x9085, 0x8842, 0x8842, 0x90a6, 0x8400, 0x8842, 0x9085,
    0x8c62, 0x8841, 0x8820, 0xa54a, 0x9083, 0x8c63, 0xa54a, 0xa96b, 0xa54a, 0xa5d0, 0x8000, 0x9909, 0xa5d0, 0x8c63, 0x90a5, 0x8422,
    0x8c64, 0x8000, 0x98c6, 0xa54a, 0x8843, 0xa54a, 0xa96b, 0xa54a, 0x9d08, 0x98e8, 0xa96b, 0x9d08, 0x98e8, 0x8843, 0xa129, 0xa96b,
    0xa96b, 0xa54a, 0x9d08, 0x9909, 0xa54a, 0xa96b, 0xa129, 0xa129, 0xa54a, 0xa129, 0xa96b, 0x9d08, 0x8c64, 0xa129, 0x8000, 0x9085,
    0x9085, 0x90a5, 0x90a6, 0x8400, 0xa5d0, 0x8421, 0x8c84, 0x8c62, 0x94c6, 0x9084, 0x90a5, 0xa96b, 0x8000, 0x8842, 0xa96b, 0xa54a,
    0xa54a, 0xa129, 0x8000, 0x8000, 0xa54a, 0x8c63, 0x8c62, 0x9085, 0x9085, 0x9083, 0x8c64, 0xa5d0, 0x8000, 0x90a6, 0x8842, 0x98e8,
    0x8842, 0x98c6, 0xa5d0, 0x98e7, 0xa54a, 0xa54a, 0xa54a, 0xa96b, 0xa54a, 0xa129, 0xa96b, 0xa129, 0x9085, 0x8c64, 0xa96b, 0x90a6,
    0xa129, 0xa129, 0xa129, 0xa129, 0xa96b, 0x90a6, 0x9909, 0xa54a, 0xa129, 0xa54a, 0xa96b, 0x9909, 0x8843, 0xa54a, 0x8000, 0x8422,
    0x8863, 0x90a5, 0x98c6, 0x8842, 0xa5d0, 0x8842, 0x9083, 0x8842, 0x8c84, 0x9083, 0x90a5, 0xa96b, 0x8400, 0x8842, 0xa54a, 0xa54a,
    0xa129, 0x8ca7, 0x8421, 0x8000, 0x9909, 0x8c64, 0x8c62, 0x9085, 0x90a5, 0x9083, 0x9084, 0xa5d0, 0x8000, 0x90a5, 0x8842, 0xa129,
    0x8c62, 0x90a5, 0xa5d0, 0x8843, 0xa129, 0xa96b, 0xa96b, 0xa54a, 0xa129, 0xa129, 0xa54a, 0xa54a, 0xa54a, 0xa54a, 0xa54a, 0xa54a,
    0xa54a, 0xa54a, 0xa54a, 0xa54a, 0xa54a, 0xa54a, 0xa129, 0xa129, 0xa54a, 0xa96b, 0xa96b, 0xa129, 0x8843, 0xa5d0, 0x90a5, 0x8c62,
    0xa129, 0x8842, 0x90a5, 0x8000, 0xa5d0, 0x9084, 0x9083, 0x90a5, 0x9085, 0x8c62, 0x8c64, 0x9909, 0x8000, 0x8421, 0x8ca7, 0xa129,
    0xa54a, 0xa54a, 0x8842, 0x8400, 0xa96b, 0x90a5, 0x9083, 0x8c84, 0x8842, 0x9083, 0x8842, 0xa5d0, 0x8842, 0x98c6, 0x90a5, 0x8863,
    0x8422, 0x8000, 0xa54a, 0x8843, 0x9909, 0xa96b, 0xa54a, 0xa129, 0xa54a, 0x9909, 0x90a6, 0xa96b, 0xa129, 0xa129, 0xa129, 0xa129,
    0x90a6, 0xa96b, 0x8c64, 0x9085, 0xa129, 0xa96b, 0xa129, 0xa54a, 0xa96b, 0xa54a, 0xa54a, 0xa54a, 0x98e7, 0xa5d0, 0x98c6, 0x8842,
    0x98e8, 0x8842, 0x90a6, 0x8000, 0xa5d0, 0x8c64, 0x9083, 0x9085, 0x9085, 0x8c62, 0x8c63, 0xa54a, 0x8000, 0x8000, 0xa129, 0xa54a,
    0xa54a, 0xa96b, 0x8842, 0x8000, 0xa96b, 0x90a5, 0x9084, 0x94c6, 0x8c62, 0x8c84, 0x8421, 0xa5d0, 0x8400, 0x90a6, 0x90a5, 0x9085,
    0x9085, 0x8000, 0xa129, 0x8c64, 0x9d08, 0xa96b, 0xa129, 0xa54a, 0xa129, 0xa129, 0xa96b, 0xa54a, 0x9909, 0x9d08, 0xa54a, 0xa96b,
    0xa129, 0xa129, 0xa54a, 0x9909, 0x98e7, 0x98e8, 0xa129, 0xa96b, 0xa129, 0x98e8, 0xa96b, 0xa96b, 0x98e8, 0x90a5, 0x8000, 0x8842,
    0x90a5, 0x8000, 0xa129, 0x8400, 0x94c6, 0xa96b, 0x8863, 0x8841, 0x8842, 0x90a5, 0x9083, 0xa54a, 0x8841, 0x9084, 0x94c6, 0x94a5,
    0x94a5, 0x9085, 0x8c63, 0x8c63, 0xa96b, 0x8000, 0x8422, 0x8865, 0x90a5, 0x90a5, 0x998f, 0x9085, 0x8000, 0x98c6, 0x8000, 0xa129,
    0x8843, 0x98e7, 0xa5d0, 0xa54a, 0xa54a, 0xa54a, 0x98e8, 0xa129, 0xa54a, 0xa129, 0xa129, 0xa129, 0x9d08, 0x90a6, 0xa96b, 0x9d08,
    0x9d08, 0xa129, 0xa96b, 0xa129, 0x9d08, 0x9d08, 0xa96b, 0xa54a, 0xa129, 0x9d08, 0xa129, 0xa96b, 0xa129, 0x98e8, 0x8000, 0x8842,
    0x90a5, 0x8400, 0xa129, 0x8400, 0x98e7, 0xa96b, 0x8400, 0x8842, 0x8422, 0x9085, 0x9085, 0xa129, 0x8c62, 0x9084, 0x90a6, 0x9083,
    0x9085, 0x9085, 0x8842, 0x8c62, 0xa129, 0x8000, 0x8000, 0x8865, 0x90a5, 0x90a5, 0xa96b, 0x9085, 0x8000, 0x98e8, 0x8000, 0xa54a,
    0x8863, 0x9d08, 0xa5d0, 0xa54a, 0xa96b, 0xa129, 0x98c6, 0x90a6, 0x9909, 0x9909, 0x9d08, 0xa129, 0xa96b, 0xa96b, 0xa129, 0xa129,
    0xa129, 0xa129, 0xa96b, 0xa96b, 0xa129, 0x9d08, 0x9909, 0x9909, 0x90a6, 0x98c6, 0xa129, 0xa96b, 0xa54a, 0xa5d0, 0x9d08, 0x8863,
    0xa54a, 0x8000, 0x98e8, 0x8000, 0x9085, 0xa96b, 0x90a5, 0x90a5, 0x8865, 0x8000, 0x8000, 0xa129, 0x8c62, 0x8842, 0x9085, 0x9085,
    0x9083, 0x90a6, 0x9084, 0x8c62, 0xa129, 0x9085, 0x9085, 0x8422, 0x8842, 0x8400, 0xa96b, 0x98e7, 0x8400, 0xa129, 0x8400, 0x90a5,
    0x8842, 0x8000, 0x98e8, 0xa129, 0xa96b, 0xa129, 0x9d08, 0xa129, 0xa54a, 0xa96b, 0x9d08, 0x9d08, 0xa129, 0xa96b, 0xa129, 0x9d08,
    0x9d08, 0xa96b, 0x90a6, 0x9d08, 0xa129, 0xa129, 0xa129, 0xa54a, 0xa129, 0x98e8, 0xa54a, 0xa54a, 0xa54a, 0xa5d0, 0x98e7, 0x8843,
    0xa129, 0x8000, 0x98c6, 0x8000, 0x9085, 0x998f, 0x90a5, 0x90a5, 0x8865, 0x8422, 0x8000, 0xa96b, 0x8c63, 0x8c63, 0x9085, 0x94a5,
    0x94a5, 0x94c6, 0x9084, 0x8841, 0xa54a, 0x9083, 0x90a5, 0x8842, 0x8841, 0x8863, 0xa96b, 0x94c6, 0x8400, 0xa129, 0x8000, 0x90a5,
    0x8842, 0x8000, 0x90a5, 0x98e8, 0xa96b, 0xa96b, 0x98e8, 0xa129, 0xa96b, 0xa129, 0x98e8, 0x98e7, 0x9909, 0xa54a, 0xa129, 0xa129,
    0xa96b, 0xa96b, 0xa96b, 0xa96b, 0xa129, 0x98e8, 0x9909, 0xa96b, 0xa96b, 0x9d08, 0xa96b, 0xa54a, 0xa5d0, 0x98e8, 0x8000, 0x8843,
    0x8ca7, 0x8422, 0x8820, 0x9d08, 0x8000, 0x9909, 0xa96b, 0x90a6, 0x90a6, 0x90a6, 0x8c62, 0x90a5, 0x8000, 0x8c84, 0x9085, 0x9085,
    0x90a5, 0x8863, 0x8c63, 0x8000, 0x90a5, 0x8000, 0x90a5, 0x9d08, 0x98c6, 0x8ca7, 0x9085, 0x8000, 0x9084, 0x8000, 0x8000, 0xa54a,
    0x8c64, 0x90a5, 0xa5d0, 0xa5d0, 0xa5d0, 0xa5d0, 0xa129, 0xa96b, 0xa96b, 0x9d08, 0x9909, 0x9d08, 0xa96b, 0xa96b, 0xa5d0, 0xa96b,
    0xa96b, 0xa96b, 0xa5d0, 0xa96b, 0xa129, 0x9909, 0x9909, 0xa129, 0xa96b, 0x9d08, 0xa96b, 0xa96b, 0x998f, 0x9909, 0x8000, 0x8422,
    0x9085, 0x8000, 0x8000, 0x90a5, 0x8000, 0x98e7, 0xa96b, 0x98e8, 0x98e8, 0x90a6, 0x8c62, 0x9083, 0x8000, 0x8c63, 0x8c84, 0x8c84,
    0x90a5, 0x8c84, 0x9084, 0x8000, 0x94a5, 0x8000, 0x9085, 0x9d08, 0x98c6, 0x90a6, 0x8c64, 0x8000, 0x9085, 0x8000, 0x8000, 0xa54a,
    0x8842, 0x90a5, 0xaa35, 0xa54a, 0xa96b, 0xa5d0, 0xa129, 0xa129, 0xa5d0, 0xa129, 0x98e8, 0x98e8, 0xa54a, 0xa96b, 0xa96b, 0xa96b,
    0xa96b, 0xa96b, 0xa96b, 0xa54a, 0x98e8, 0x98e8, 0xa129, 0xa5d0, 0xa129, 0xa129, 0xa5d0, 0xa96b, 0xa54a, 0xaa35, 0x90a5, 0x8842,
    0xa54a, 0x8000, 0x8000, 0x9085, 0x8000, 0x8c64, 0x90a6, 0x98c6, 0x9d08, 0x9085, 0x8000, 0x94a5, 0x8000, 0x9084, 0x8c84, 0x90a5,
    0x8c84, 0x8c84, 0x8c63, 0x8000, 0x9083, 0x8c62, 0x90a6, 0x98e8, 0x98e8, 0xa96b, 0x98e7, 0x8000, 0x90a5, 0x8000, 0x8000, 0x9085,
    0x8422, 0x8000, 0x9909, 0x998f, 0xa96b, 0xa96b, 0x9d08, 0xa96b, 0xa129, 0x9909, 0x9909, 0xa129, 0xa96b, 0xa5d0, 0xa96b, 0xa96b,
    0xa96b, 0xa5d0, 0xa96b, 0xa96b, 0x9d08, 0x9909, 0x9d08, 0xa96b, 0xa96b, 0xa129, 0xa5d0, 0xa5d0, 0xa5d0, 0xa5d0, 0x90a5, 0x8c64,
    0xa54a, 0x8000, 0x8000, 0x9084, 0x8000, 0x9085, 0x8ca7, 0x98c6, 0x9d08, 0x90a5, 0x8000, 0x90a5, 0x8000, 0x8c63, 0x8863, 0x90a5,
    0x9085, 0x9085, 0x8c84, 0x8000, 0x90a5, 0x8c62, 0x90a6, 0x90a6, 0x90a6, 0xa96b, 0x9909, 0x8000, 0x9d08, 0x8820, 0x8422, 0x8ca7,
    0x8843, 0x8000, 0x98e8, 0xa5d0, 0xa54a, 0xa96b, 0x9d08, 0xa96b, 0xa96b, 0x9909, 0x98e8, 0xa129, 0xa96b, 0xa96b, 0xa96b, 0xa96b,
    0x8842, 0x8842, 0x8842, 0x8841, 0x9085, 0x8421, 0x8842, 0x98e8, 0x8400, 0x8863, 0x8c84, 0x8c63, 0x94a5, 0x94a5, 0x8000, 0x8400,
    0x8865, 0x8863, 0x8422, 0x8422, 0xa129, 0x8842, 0x90a5, 0xa129, 0x90a5, 0x94a5, 0x98e8, 0x90a5, 0x8c64, 0x8842, 0x8c63, 0x9085,
    0x9085, 0x8c63, 0x8842, 0x8c84, 0x90a6, 0x98e8, 0xa54a, 0x90a6, 0x8c62, 0x8c64, 0x8000, 0x8843, 0x8000, 0x8865, 0x8421, 0xa96b,
    0x8842, 0xa129, 0x9085, 0x8421, 0x8842, 0x8c63, 0x8842, 0x8c64, 0xa54a, 0x8842, 0x8842, 0x8c84, 0x8c63, 0x8c63, 0x8842, 0x8422,
    0x8842, 0x8842, 0x8842, 0x8842, 0x9084, 0x8842, 0x8842, 0x9909, 0x8842, 0x8c63, 0x9083, 0x8c64, 0x8421, 0x90a5, 0x8820, 0x8000,
    0x8c64, 0x8c64, 0x8c64, 0x8c64, 0xa129, 0x8c64, 0x90a5, 0x98e7, 0x90a6, 0x98e7, 0x98e7, 0x90a5, 0x8c84, 0x8842, 0x8c62, 0x9085,
    0x90a5, 0x8c62, 0x8c62, 0x8c84, 0x90a5, 0xa54a, 0xa54a, 0x9085, 0x8c64, 0x8000, 0x8000, 0x9084, 0x8000, 0x8865, 0x8842, 0xa96b,
    0x8c84, 0x9909, 0x9909, 0x8400, 0x8842, 0x9083, 0x9085, 0x8863, 0xa129, 0x8422, 0x8c63, 0x8842, 0x8842, 0x8842, 0x8842, 0x8842,
    0x8842, 0x8842, 0x8842, 0x8842, 0x8842, 0x8c63, 0x8422, 0xa129, 0x8863, 0x9085, 0x9083, 0x8842, 0x8400, 0x9909, 0x9909, 0x8c84,
    0xa96b, 0x8842, 0x8865, 0x8000, 0x9084, 0x8000, 0x8000, 0x8c64, 0x9085, 0xa54a, 0xa54a, 0x90a5, 0x8c84, 0x8c62, 0x8c62, 0x90a5,
    0x9085, 0x8c62, 0x8842, 0x8c84, 0x90a5, 0x98e7, 0x98e7, 0x90a6, 0x98e7, 0x90a5, 0x8c64, 0xa129, 0x8c64, 0x8c64, 0x8c64, 0x8c64,
    0x8000, 0x8820, 0x90a5, 0x8421, 0x8c64, 0x9083, 0x8c63, 0x8842, 0x9909, 0x8842, 0x8842, 0x9084, 0x8842, 0x8842, 0x8842, 0x8842,
    0x8422, 0x8842, 0x8c63, 0x8c63, 0x8c84, 0x8842, 0x8842, 0xa54a, 0x8c64, 0x8842, 0x8c63, 0x8842, 0x8421, 0x9085, 0xa129, 0x8842,
    0xa96b, 0x8421, 0x8865, 0x8000, 0x8843, 0x8000, 0x8c64, 0x8c62, 0x90a6, 0xa54a, 0x98e8, 0x90a6, 0x8c84, 0x8842, 0x8c63, 0x9085,
    0x9085, 0x8c63, 0x8842, 0x8c64, 0x90a5, 0x98e8, 0x94a5, 0x90a5, 0xa129, 0x90a5, 0x8842, 0xa129, 0x8422, 0x8422, 0x8863, 0x8865,
    0x8400, 0x8000, 0x94a5, 0x94a5, 0x8c63, 0x8c84, 0x8863, 0x8400, 0x98e8, 0x8842, 0x8421, 0x9085, 0x8841, 0x8842, 0x8842, 0x8842,
    0x8c84, 0x9085, 0x9085, 0x90a5, 0x9085, 0x8421, 0x8842, 0x94c6, 0x8000, 0x8863, 0x94c6, 0x9085, 0x9085, 0x98e7, 0x8422, 0x8400,
    0x8843, 0x8c64, 0x90a6, 0x8820, 0x98e8, 0x90a6, 0x8c84, 0x8842, 0x9083, 0x9084, 0x90a6, 0x98e8, 0x98c6, 0x90a6, 0x98c6, 0x98e8,
    0x9909, 0x90a5, 0x98e8, 0x98e8, 0x98e8, 0x8ca7, 0x8842, 0x8000, 0x8422, 0x8865, 0x9085, 0x8c63, 0x8000, 0x8422, 0x9083, 0xa129,
    0x8c64, 0x98e7, 0x8843, 0x8c84, 0x8c64, 0x8c64, 0x8842, 0x9083, 0x98e7, 0x8842, 0x8000, 0x8400, 0x8820, 0x8800, 0x8800, 0x8841,
    0x8c62, 0x8400, 0x8820, 0x8c62, 0x8841, 0x8400, 0x8c64, 0x98c6, 0x8000, 0x8863, 0x8c84, 0x8c84, 0x8c84, 0x90a6, 0x8842, 0x8421,
    0x8863, 0x8ca7, 0x90a6, 0x8820, 0x98c6, 0x90a5, 0x8c64, 0x8422, 0x8421, 0x9085, 0x90a5, 0x98e8, 0x9909, 0x98e8, 0x98e8, 0xa129,
    0x98e8, 0x90a5, 0x98e8, 0x90a6, 0x90a5, 0x9085, 0x8422, 0x8421, 0x8843, 0x90a6, 0x90a5, 0x8843, 0x8000, 0x8865, 0x8863, 0x9909,
    0x8863, 0x9d08, 0x8863, 0x8c64, 0x8c63, 0x8863, 0x8000, 0x8000, 0x90a5, 0x8000, 0x8000, 0x98c6, 0x90a5, 0x90a5, 0x9084, 0x8421,
    0x8421, 0x9084, 0x90a5, 0x90a5, 0x98c6, 0x8000, 0x8000, 0x90a5, 0x8000, 0x8000, 0x8863, 0x8c63, 0x8c64, 0x8863, 0x9d08, 0x8863,
    0x9909, 0x8863, 0x8865, 0x8000, 0x8843, 0x90a5, 0x90a6, 0x8843, 0x8421, 0x8422, 0x9085, 0x90a5, 0x90a6, 0x98e8, 0x90a5, 0x98e8,
    0xa129, 0x98e8, 0x98e8, 0x9909, 0x98e8, 0x90a5, 0x9085, 0x8421, 0x8422, 0x8c64, 0x90a5, 0x98c6, 0x8820, 0x90a6, 0x8ca7, 0x8863,
    0x8421, 0x8842, 0x90a6, 0x8c84, 0x8c84, 0x8c84, 0x8863, 0x8000, 0x98c6, 0x8c64, 0x8400, 0x8841, 0x8c62, 0x8820, 0x8400, 0x8c62,
    0x8841, 0x8800, 0x8800, 0x8820, 0x8400, 0x8000, 0x8842, 0x98e7, 0x9083, 0x8842, 0x8c64, 0x8c64, 0x8c84, 0x8843, 0x98e7, 0x8c64,
    0xa129, 0x9083, 0x8422, 0x8000, 0x8c63, 0x9085, 0x8865, 0x8422, 0x8000, 0x8842, 0x8ca7, 0x98e8, 0x98e8, 0x98e8, 0x90a5, 0x9909,
    0x98e8, 0x98c6, 0x90a6, 0x98c6, 0x98e8, 0x90a6, 0x9084, 0x9083, 0x8842, 0x8c84, 0x90a6, 0x98e8, 0x8820, 0x90a6, 0x8c64, 0x8843,
    0x8400, 0x8422, 0x98e7, 0x9085, 0x9085, 0x94c6, 0x8863, 0x8000, 0x94c6, 0x8842, 0x8421, 0x9085, 0x90a5, 0x9085, 0x9085, 0x8c84,
    0x8c64, 0x8c84, 0x8c63, 0x8c63, 0x8863, 0x8820, 0x8c84, 0x98c6, 0x8000, 0x8000, 0x8863, 0x8c64, 0x8c64, 0x90a5, 0x9085, 0x8000,
    0x90a6, 0x8ca7, 0x98e7, 0x90a5, 0x8842, 0x8c84, 0x8c62, 0x8843, 0x8865, 0x8c64, 0x8c63, 0x9084, 0x8c63, 0x8c84, 0x9085, 0x8843,
    0x8865, 0x8c84, 0x8842, 0x8841, 0x8820, 0x8c63, 0x8842, 0x8422, 0x8422, 0x8422, 0x8400, 0x8000, 0x8422, 0x9083, 0x98e8, 0xa129,
    0x8c62, 0x8422, 0x8c64, 0x8c64, 0x8c64, 0x8c64, 0x8c64, 0x8c84, 0x9d08, 0x8863, 0x8820, 0x8843, 0x8c64, 0x914d, 0x914d, 0x8d0b,
    0x8841, 0x8d0b, 0x998f, 0x8ca7, 0x8ca7, 0x8000, 0x8c84, 0x98c6, 0x8000, 0x8841, 0x8c64, 0x8c64, 0x8863, 0x8c64, 0x98c6, 0x8000,
    0x8c64, 0x9085, 0x98e7, 0x90a5, 0x8422, 0x8843, 0x8c62, 0x8843, 0x8865, 0x9085, 0x9085, 0x8c62, 0x8c63, 0x9083, 0x9085, 0x8c64,
    0x8865, 0x8c84, 0x8c62, 0x8842, 0x8820, 0x8c62, 0x8841, 0x8000, 0x8422, 0x8421, 0x8820, 0x8000, 0x8865, 0x90a5, 0x9909, 0x9d08,
    0x8842, 0x8c62, 0x8842, 0x8842, 0x8842, 0x8842, 0x8422, 0x8842, 0x98e7, 0x8842, 0x8000, 0x8c62, 0x8863, 0x8842, 0x8c84, 0x8c63,
    0x8c63, 0x8c84, 0x8842, 0x8863, 0x8c62, 0x8000, 0x8842, 0x98e7, 0x8842, 0x8422, 0x8842, 0x8842, 0x8842, 0x8842, 0x8c62, 0x8842,
    0x9d08, 0x9909, 0x90a5, 0x8865, 0x8000, 0x8820, 0x8421, 0x8422, 0x8000, 0x8841, 0x8c62, 0x8820, 0x8842, 0x8c62, 0x8c84, 0x8865,
    0x8c64, 0x9085, 0x9083, 0x8c63, 0x8c62, 0x9085, 0x9085, 0x8865, 0x8843, 0x8c62, 0x8843, 0x8422, 0x90a5, 0x98e7, 0x9085, 0x8c64,
    0x8000, 0x98c6, 0x8c64, 0x8863, 0x8c64, 0x8c64, 0x8841, 0x8000, 0x98c6, 0x8c84, 0x8000, 0x8ca7, 0x8ca7, 0x998f, 0x8d0b, 0x8841,
    0x8d0b, 0x914d, 0x914d, 0x8c64, 0x8843, 0x8820, 0x8863, 0x9d08, 0x8c84, 0x8c64, 0x8c64, 0x8c64, 0x8c64, 0x8c64, 0x8422, 0x8c62,
    0xa129, 0x98e8, 0x9083, 0x8422, 0x8000, 0x8400, 0x8422, 0x8422, 0x8422, 0x8842, 0x8c63, 0x8820, 0x8841, 0x8842, 0x8c84, 0x8865,
    0x8843, 0x9085, 0x8c84, 0x8c63, 0x9084, 0x8c63, 0x8c64, 0x8865, 0x8843, 0x8c62, 0x8c84, 0x8842, 0x90a5, 0x98e7, 0x8ca7, 0x90a6,
    0x8000, 0x9085, 0x90a5, 0x8c64, 0x8c64, 0x8863, 0x8000, 0x8000, 0x98c6, 0x8c84, 0x8820, 0x8863, 0x8c63, 0x8c63, 0x8c84, 0x8c64,
    0x8863, 0x8842, 0x8842, 0x8842, 0x8841, 0x8842, 0x90a5, 0x90a6, 0x8820, 0x8421, 0x8842, 0x8841, 0x8842, 0x8843, 0x8c84, 0x9d08,
    0x9085, 0x8c64, 0x98c6, 0x98c6, 0xa129, 0x9d08, 0x98e7, 0x98c6, 0x9085, 0x9085, 0x9084, 0x8c84, 0x9084, 0x8c84, 0x8c84, 0x8c84,
    0x8c84, 0x8c84, 0x8c84, 0x8c84, 0x8c84, 0x90a5, 0x8843, 0x9085, 0x94c6, 0x94c6, 0x94c6, 0x98c6, 0x9d08, 0x98e8, 0x8865, 0x90a6,
    0xa54a, 0x9084, 0x8c64, 0x8422, 0x8c64, 0x8c84, 0x8863, 0x8c64, 0x90a5, 0x8842, 0x8842, 0x8842, 0x8843, 0x8c64, 0x8c64, 0x8c64,
    0x8841, 0x8c64, 0x8865, 0x8863, 0x8843, 0x8843, 0x8c64, 0x90a6, 0x8842, 0x8421, 0x8842, 0x8843, 0x8421, 0x8422, 0x8863, 0x8863,
    0x8843, 0x8865, 0x98e7, 0x9d08, 0xa54a, 0xa129, 0x9d08, 0x9d08, 0x9084, 0x9085, 0x98e8, 0x9085, 0x90a6, 0x8c84, 0x8c84, 0x8c84,
    0x8c84, 0x8c64, 0x8c84, 0x8c84, 0x8c84, 0x8ca7, 0x8c64, 0x90a5, 0x98e7, 0x90a5, 0x90a6, 0x94c6, 0x90a5, 0x8ca7, 0x8422, 0x94c6,
    0xa96b, 0x8c63, 0x8c64, 0x8841, 0x8841, 0x8842, 0x8842, 0x8842, 0x90a5, 0x8842, 0x8842, 0x8841, 0x8c64, 0x8c62, 0x8842, 0x8842,
    0x8842, 0x8842, 0x8c62, 0x8c64, 0x8841, 0x8842, 0x8842, 0x90a5, 0x8842, 0x8842, 0x8842, 0x8841, 0x8841, 0x8c64, 0x8c63, 0xa96b,
    0x94c6, 0x8422, 0x8ca7, 0x90a5, 0x94c6, 0x90a6, 0x90a5, 0x98e7, 0x90a5, 0x8c64, 0x8ca7, 0x8c84, 0x8c84, 0x8c84, 0x8c64, 0x8c84,
    0x8c84, 0x8c84, 0x8c84, 0x90a6, 0x9085, 0x98e8, 0x9085, 0x9084, 0x9d08, 0x9d08, 0xa129, 0xa54a, 0x9d08, 0x98e7, 0x8865, 0x8843,
    0x8863, 0x8863, 0x8422, 0x8421, 0x8843, 0x8842, 0x8421, 0x8842, 0x90a6, 0x8c64, 0x8843, 0x8843, 0x8863, 0x8865, 0x8c64, 0x8841,
    0x8c64, 0x8c64, 0x8c64, 0x8843, 0x8842, 0x8842, 0x8842, 0x90a5, 0x8c64, 0x8863, 0x8c84, 0x8c64, 0x8422, 0x8c64, 0x9084, 0xa54a,
    0x90a6, 0x8865, 0x98e8, 0x9d08, 0x98c6, 0x94c6, 0x94c6, 0x94c6, 0x9085, 0x8843, 0x90a5, 0x8c84, 0x8c84, 0x8c84, 0x8c84, 0x8c84,
    0x8c84, 0x8c84, 0x8c84, 0x9084, 0x8c84, 0x9084, 0x9085, 0x9085, 0x98c6, 0x98e7, 0x9d08, 0xa129, 0x98c6, 0x98c6, 0x8c64, 0x9085,
    0x9d08, 0x8c84, 0x8843, 0x8842, 0x8841, 0x8842, 0x8421, 0x8820, 0x90a6, 0x90a5, 0x8842, 0x8841, 0x8842, 0x8842, 0x8842, 0x8863,
    0x8863, 0x8842, 0x8422, 0x8842, 0x8421, 0x8842, 0x8421, 0x8422, 0x8820, 0x8c64, 0x8842, 0x8842, 0x8841, 0x8842, 0x8863, 0x8c64,
    0x8842, 0x8c64, 0x8c64, 0x8c63, 0x9084, 0x9083, 0x8842, 0x8843, 0x8c64, 0x8c64, 0x8c64, 0x8842, 0x8842, 0x8843, 0x8c84, 0x9084,
    0x9085, 0x8c63, 0x8843, 0x8c84, 0x8c62, 0x8842, 0x8842, 0x90a5, 0x8843, 0x8c84, 0x9085, 0x8863, 0x8c64, 0x90a5, 0x8c62, 0x90a5,
    0x9085, 0x9085, 0x8c84, 0x9084, 0x8c64, 0x8842, 0x8863, 0x8421, 0x8842, 0x8841, 0x8842, 0x8421, 0x8842, 0x8841, 0x8842, 0x8843,
    0x8843, 0x8842, 0x8841, 0x8842, 0x8842, 0x8842, 0x8421, 0x8842, 0x8421, 0x8863, 0x8421, 0x8842, 0x8421, 0x8842, 0x8841, 0x8863,
    0x8842, 0x8c62, 0x9085, 0x9083, 0x9083, 0x9084, 0x9085, 0x8863, 0x8c84, 0x8c63, 0x8c63, 0x8c63, 0x8c63, 0x8c62, 0x9085, 0x9085,
    0x9084, 0x8c84, 0x8c84, 0x8c84, 0x8c84, 0x8c63, 0x8c64, 0x9085, 0x8c84, 0x8c84, 0x8c84, 0x8c84, 0x8c63, 0x8821, 0x8821, 0x8821,
    0x8821, 0x8821, 0x8821, 0x8821, 0x8821, 0x8821, 0x8821, 0x8821, 0x8821, 0x8821, 0x8821, 0x8821, 0x8821, 0x8821, 0x8821, 0x8821,
    0x8821, 0x8821, 0x8821, 0x8821, 0x8821, 0x8821, 0x8821, 0x8821, 0x8821, 0x8821, 0x8821, 0x8821, 0x8821, 0x8821, 0x8821, 0x8821,
    0x8821, 0x8821, 0x8821, 0x8c63, 0x8c84, 0x8c84, 0x8c84, 0x8c84, 0x9085, 0x8c64, 0x8c63, 0x8c84, 0x8c84, 0x8c84, 0x8c84, 0x9084,
    0x9085, 0x9085, 0x8c62, 0x8c63, 0x8c63, 0x8c63, 0x8c63, 0x8c84, 0x8863, 0x9085, 0x9084, 0x9083, 0x9083, 0x9085, 0x8c62, 0x8842,
    0x8863, 0x8841, 0x8842, 0x8421, 0x8842, 0x8421, 0x8863, 0x8421, 0x8842, 0x8421, 0x8842, 0x8842, 0x8842, 0x8841, 0x8842, 0x8843,
    0x8843, 0x8842, 0x8841, 0x8842, 0x8421, 0x8842, 0x8841, 0x8842, 0x8421, 0x8863, 0x8842, 0x8c64, 0x9084, 0x8c84, 0x9085, 0x9085,
    0x90a5, 0x8c62, 0x90a5, 0x8c64, 0x8863, 0x9085, 0x8c84, 0x8843, 0x90a5, 0x8842, 0x8842, 0x8c62, 0x8c84, 0x8843, 0x8c63, 0x9085,
    0x9084, 0x8c84, 0x8843, 0x8842, 0x8842, 0x8c64, 0x8c64, 0x8c64, 0x8843, 0x8842, 0x9083, 0x9084, 0x8c63, 0x8c64, 0x8c64, 0x8842,
    0x8c64, 0x8863, 0x8842, 0x8841, 0x8842, 0x8842, 0x8c64, 0x8820, 0x8422, 0x8421, 0x8842, 0x8421, 0x8842, 0x8422, 0x8842, 0x8863,
    0x8c64, 0x8422, 0x8842, 0x8c64, 0x8c63, 0x8842, 0x8c63, 0x8c63, 0x8c62, 0x8c63, 0x8863, 0x8863, 0x8c63, 0x8863, 0x8863, 0x8842,
    0x8c64, 0x90a6, 0x8422, 0x8422, 0x8842, 0x8843, 0x8843, 0x8843, 0x9084, 0x8c84, 0x8863, 0x9085, 0x9084, 0x94a5, 0x90a5, 0x90a5,
    0x90a5, 0x9083, 0x9085, 0x9085, 0x90a5, 0x90a5, 0x9085, 0x9085, 0x90a5, 0x8c64, 0x8c62, 0x90a5, 0x94a5, 0x94a5, 0x94c6, 0x94a5,
    0x8422, 0x8c64, 0x8c64, 0x9085, 0x8c64, 0x9085, 0x8c84, 0x8421, 0x8422, 0x8842, 0x8843, 0x8863, 0x8843, 0x8422, 0x8842, 0x8c64,
    0x8863, 0x8842, 0x8843, 0x8422, 0x8842, 0x8842, 0x8842, 0x8422, 0x8863, 0x8c63, 0x8863, 0x8c84, 0x8c64, 0x8c64, 0x8c64, 0x8842,
    0x9084, 0x90a6, 0x8842, 0x9084, 0x9085, 0x8842, 0x8842, 0x8842, 0x8c84, 0x9085, 0x9084, 0x9085, 0x8c84, 0x9085, 0x9085, 0x94a5,
    0x90a5, 0x9084, 0x98e7, 0x90a5, 0x9085, 0x9084, 0x8c84, 0x8422, 0x8843, 0x8842, 0x8842, 0x8c64, 0x9085, 0x8821, 0xb16a, 0xb16a,
    0xb16a, 0xb16a, 0xb16a, 0xb16a, 0xb16a, 0xb16a, 0xb16a, 0xb16a, 0xb16a, 0xb16a, 0xb16a, 0xb16a, 0xb16a, 0xb16a, 0xb16a, 0xb16a,
    0xb16a, 0xb16a, 0xb16a, 0xb16a, 0xb16a, 0xb16a, 0xb16a, 0xb16a, 0xb16a, 0xb16a, 0xb16a, 0xb16a, 0xb16a, 0xb16a, 0xb16a, 0xb16a,
    0xb16a, 0x8421, 0x8821, 0x9085, 0x8c64, 0x8842, 0x8842, 0x8843, 0x8422, 0x8c84, 0x9084, 0x9085, 0x90a5, 0x98e7, 0x9084, 0x90a5,
    0x94a5, 0x9085, 0x9085, 0x8c84, 0x9085, 0x9084, 0x9085, 0x8c84, 0x8842, 0x8842, 0x8842, 0x9085, 0x9084, 0x8842, 0x90a6, 0x9084,
    0x8842, 0x8c64, 0x8c64, 0x8c64, 0x8c84, 0x8863, 0x8c63, 0x8863, 0x8422, 0x8842, 0x8842, 0x8842, 0x8422, 0x8843, 0x8842, 0x8863,
    0x8c64, 0x8842, 0x8422, 0x8843, 0x8863, 0x8843, 0x8842, 0x8422, 0x8421, 0x8c84, 0x9085, 0x8c64, 0x9085, 0x8c64, 0x8c64, 0x8422,
    0x94a5, 0x94c6, 0x94a5, 0x94a5, 0x90a5, 0x8c62, 0x8c64, 0x90a5, 0x9085, 0x9085, 0x90a5, 0x90a5, 0x9085, 0x9085, 0x9083, 0x90a5,
    0x90a5, 0x90a5, 0x94a5, 0x9084, 0x9085, 0x8863, 0x8c84, 0x9084, 0x8843, 0x8843, 0x8843, 0x8842, 0x8422, 0x8422, 0x90a6, 0x8c64,
    0x8842, 0x8863, 0x8863, 0x8c63, 0x8863, 0x8863, 0x8c63, 0x8c62, 0x8c63, 0x8c63, 0x8842, 0x8c63, 0x8c64, 0x8842, 0x8422, 0x8c64,
    0x94c6, 0x8842, 0x9084, 0x9084, 0x8c84, 0x8c84, 0x8c84, 0x90a5, 0x9085, 0x90a5, 0x9085, 0x9085, 0x90a5, 0x9085, 0x9085, 0x9085,
    0x9084, 0x9085, 0x9085, 0x98c6, 0x94a5, 0x94a5, 0x94c6, 0x98e7, 0x9d08, 0x94c6, 0x94c6, 0x98e7, 0x98c6, 0x9d08, 0x94a5, 0x94a5,
    0x98c6, 0x90a5, 0x9d08, 0x94c6, 0x94c6, 0x98c6, 0x98c6, 0x98c6, 0x94a5, 0x98c6, 0x9d08, 0x9d08, 0x9d08, 0x90a5, 0x98c6, 0x9d08,
    0x8c84, 0x94a5, 0x90a5, 0x9085, 0x94a5, 0x98e7, 0x98e7, 0x98e7, 0x9085, 0x8c64, 0x8c64, 0x8c84, 0x8c84, 0x8c84, 0x8c84, 0x9084,
    0x8c84, 0x8842, 0x9084, 0x8c84, 0x8c84, 0x8c84, 0x8c84, 0x8c84, 0x9084, 0x9085, 0x9085, 0x9085, 0x94a5, 0x90a5, 0x98e7, 0x9085,
    0x90a5, 0x90a6, 0x8c84, 0x9d08, 0x9d08, 0x90a6, 0x90a5, 0x90a5, 0x94c6, 0x90a6, 0x90a6, 0x90a6, 0x98c6, 0x98e7, 0x90a5, 0x90a5,
    0x98c6, 0x8c63, 0x98c6, 0x94c6, 0x98c6, 0x9d08, 0x98e7, 0x98c6, 0x98e7, 0x98c6, 0x98c6, 0x94a5, 0x94a5, 0x8821, 0xb16a, 0x9484,
    0x9484, 0x9484, 0x9484, 0x9484, 0x9484, 0x9484, 0x9484, 0x9484, 0x9484, 0x9484, 0x9484, 0x9484, 0x9484, 0x9484, 0x9484, 0x9484,
    0x9484, 0x9484, 0x9484, 0x9484, 0x9484, 0x9484, 0x9484, 0x9484, 0x9484, 0x9484, 0x9484, 0x9484, 0x9484, 0x9484, 0x9484, 0x9484,
    0x9484, 0x8421, 0x8821, 0x94a5, 0x94a5, 0x98c6, 0x98c6, 0x98e7, 0x98c6, 0x98e7, 0x9d08, 0x98c6, 0x94c6, 0x98c6, 0x8c63, 0x98c6,
    0x90a5, 0x90a5, 0x98e7, 0x98c6, 0x90a6, 0x90a6, 0x90a6, 0x94c6, 0x90a5, 0x90a5, 0x90a6, 0x9d08, 0x9d08, 0x8c84, 0x90a6, 0x90a5,
    0x9085, 0x98e7, 0x90a5, 0x94a5, 0x9085, 0x9085, 0x9085, 0x9084, 0x8c84, 0x8c84, 0x8c84, 0x8c84, 0x8c84, 0x9084, 0x8842, 0x8c84,
    0x9084, 0x8c84, 0x8c84, 0x8c84, 0x8c84, 0x8c64, 0x8c64, 0x9085, 0x98e7, 0x98e7, 0x98e7, 0x94a5, 0x9085, 0x90a5, 0x94a5, 0x8c84,
    0x9d08, 0x98c6, 0x90a5, 0x9d08, 0x9d08, 0x9d08, 0x98c6, 0x94a5, 0x98c6, 0x98c6, 0x98c6, 0x94c6, 0x94c6, 0x9d08, 0x90a5, 0x98c6,
    0x94a5, 0x94a5, 0x9d08, 0x98c6, 0x98e7, 0x94c6, 0x94c6, 0x9d08, 0x98e7, 0x94c6, 0x94a5, 0x94a5, 0x98c6, 0x9085, 0x9085, 0x9084,
    0x9085, 0x9085, 0x9085, 0x90a5, 0x9085, 0x9085, 0x90a5, 0x9085, 0x90a5, 0x8c84, 0x8c84, 0x8c84, 0x9084, 0x9084, 0x8842, 0x94c6,
    0x98e7, 0x8843, 0x90a5, 0x9085, 0x9084, 0x8c84, 0x9084, 0x90a5, 0x9085, 0x9085, 0x90a5, 0x90a5, 0x90a6, 0x94a5, 0x98e7, 0x90a5,
    0x90a5, 0x90a5, 0x9084, 0x98c6, 0x94a5, 0x94c6, 0x98c6, 0x98c6, 0x98c6, 0x98e7, 0x98c6, 0x98c6, 0x94c6, 0x98c6, 0x94a5, 0x94c6,
    0x94c6, 0x90a5, 0x94c6, 0x90a5, 0x90a5, 0x94a5, 0x98c6, 0x98c6, 0x94c6, 0x94c6, 0x94c6, 0x94a5, 0x94a5, 0x94a5, 0x98c6, 0x98e7,
    0x90a5, 0x98c6, 0x94c6, 0x98e7, 0x90a5, 0x94c6, 0x94a5, 0x90a5, 0x90a5, 0x90a5, 0x90a5, 0x90a5, 0x9085, 0x98c6, 0x90a5, 0x98e7,
    0x98e7, 0x90a5, 0x9d08, 0x94a5, 0x94c6, 0x98e7, 0x98e7, 0x90a5, 0x90a6, 0x90a6, 0x94c6, 0x94a5, 0x90a5, 0x90a5, 0x94a5, 0x8c84,
    0x90a5, 0x98e8, 0x8c84, 0x9d08, 0x94c6, 0x98c6, 0x98e8, 0x94c6, 0x94a5, 0x94c6, 0x90a5, 0x90a5, 0x9085, 0x90a5, 0x9083, 0x90a5,
    0x98e8, 0x8c63, 0x98e7, 0x98c6, 0x98c6, 0x98e7, 0x98c6, 0x98c6, 0x98c6, 0x98c6, 0x98c6, 0x94c6, 0x94c6, 0x8821, 0xb16a, 0x9484,
    0xd672, 0x9484, 0x9484, 0x9484, 0x9484, 0x9484, 0x9484, 0x9484, 0x9484, 0x9484, 0x9484, 0x9484, 0x9484, 0xb696, 0xb696, 0xb696,
    0xb696, 0xb696, 0xb696, 0x9484, 0x9484, 0x9484, 0x9484, 0x9484, 0x9484, 0x9484, 0x9484, 0x9484, 0x9484, 0x9484, 0x9484, 0xd672,
    0x9484, 0x8421, 0x8821, 0x94c6, 0x94c6, 0x98c6, 0x98c6, 0x98c6, 0x98c6, 0x98c6, 0x98e7, 0x98c6, 0x98c6, 0x98e7, 0x8c63, 0x98e8,
    0x90a5, 0x9083, 0x90a5, 0x9085, 0x90a5, 0x90a5, 0x94c6, 0x94a5, 0x94c6, 0x98e8, 0x98c6, 0x94c6, 0x9d08, 0x8c84, 0x98e8, 0x90a5,
    0x8c84, 0x94a5, 0x90a5, 0x90a5, 0x94a5, 0x94c6, 0x90a6, 0x90a6, 0x90a5, 0x98e7, 0x98e7, 0x94c6, 0x94a5, 0x9d08, 0x90a5, 0x98e7,
    0x98e7, 0x90a5, 0x98c6, 0x9085, 0x90a5, 0x90a5, 0x90a5, 0x90a5, 0x90a5, 0x94a5, 0x94c6, 0x90a5, 0x98e7, 0x94c6, 0x98c6, 0x90a5,
    0x98e7, 0x98c6, 0x94a5, 0x94a5, 0x94a5, 0x94c6, 0x94c6, 0x94c6, 0x98c6, 0x98c6, 0x94a5, 0x90a5, 0x90a5, 0x94c6, 0x90a5, 0x94c6,
    0x94c6, 0x94a5, 0x98c6, 0x94c6, 0x98c6, 0x98c6, 0x98e7, 0x98c6, 0x98c6, 0x98c6, 0x94c6, 0x94a5, 0x98c6, 0x9084, 0x90a5, 0x90a5,
    0x90a5, 0x98e7, 0x94a5, 0x90a6, 0x90a5, 0x90a5, 0x9085, 0x9085, 0x90a5, 0x9084, 0x8c84, 0x9084, 0x9085, 0x90a5, 0x8843, 0x98e7,
    0x98e8, 0x9085, 0x94a5, 0x90a5, 0x9085, 0x9085, 0x90a6, 0x90a5, 0x98e7, 0x90a5, 0x90a5, 0x90a5, 0x94c6, 0x90a5, 0x94a5, 0x90a5,
    0x90a5, 0x90a5, 0x90a5, 0x98e7, 0x94c6, 0x98c6, 0x98c6, 0x98c6, 0x94c6, 0x94c6, 0x94c6, 0x98c6, 0x94c6, 0x98c6, 0x94a5, 0x90a5,
    0x94a5, 0x9085, 0x94c6, 0x94a5, 0x94a5, 0x94c6, 0x94a5, 0x94c6, 0x94a5, 0x90a5, 0x94c6, 0x94c6, 0x98c6, 0x94a5, 0x94a5, 0x94c6,
    0x90a5, 0x98c6, 0x94c6, 0x94c6, 0x94c6, 0x98e7, 0x94c6, 0x98e7, 0x90a6, 0x94c6, 0x94a5, 0x98c6, 0x90a5, 0x90a5, 0x9084, 0x98c6,
    0x98c6, 0x90a5, 0x98e7, 0x94c6, 0x98c6, 0x94c6, 0x94c6, 0x94c6, 0x98c6, 0x94c6, 0x94c6, 0x94c6, 0x94a5, 0x94c6, 0x94c6, 0x9083,
    0x90a5, 0x98c6, 0x90a5, 0x9d08, 0x98c6, 0x94c6, 0x98c6, 0x94c6, 0x94a5, 0x94a5, 0x9085, 0x90a5, 0x9085, 0x90a5, 0x9084, 0x90a5,
    0x90a6, 0x8c84, 0x98e7, 0x98c6, 0x98e7, 0x98c6, 0x9d08, 0x98c6, 0x98c6, 0x94c6, 0x98c6, 0x94c6, 0x94c6, 0x8821, 0xb16a, 0x9484,
    0x9484, 0x8c42, 0x9484, 0x9484, 0x9484, 0x9484, 0x9484, 0x9484, 0x9484, 0x9484, 0x9484, 0x9484, 0xb696, 0xb696, 0x8c42, 0xf37b,
    0xf37b, 0x8c42, 0xb696, 0xb696, 0x9484, 0x9484, 0x9484, 0x9484, 0x9484, 0x9484, 0x9484, 0x9484, 0x9484, 0x9484, 0x9484, 0x9484,
    0x8c42, 0x8421, 0x8821, 0x94c6, 0x94c6, 0x98c6, 0x94c6, 0x98c6, 0x98c6, 0x9d08, 0x98c6, 0x98e7, 0x98c6, 0x98e7, 0x8c84, 0x90a6,
    0x90a5, 0x9084, 0x90a5, 0x9085, 0x90a5, 0x9085, 0x94a5, 0x94a5, 0x94c6, 0x98c6, 0x94c6, 0x98c6, 0x9d08, 0x90a5, 0x98c6, 0x90a5,
    0x9083, 0x94c6, 0x94c6, 0x94a5, 0x94c6, 0x94c6, 0x94c6, 0x98c6, 0x94c6, 0x94c6, 0x94c6, 0x98c6, 0x94c6, 0x98e7, 0x90a5, 0x98c6,
    0x98c6, 0x9084, 0x90a5, 0x90a5, 0x98c6, 0x94a5, 0x94c6, 0x90a6, 0x98e7, 0x94c6, 0x98e7, 0x94c6, 0x94c6, 0x94c6, 0x98c6, 0x90a5,
    0x94c6, 0x94a5, 0x94a5, 0x98c6, 0x94c6, 0x94c6, 0x90a5, 0x94a5, 0x94c6, 0x94a5, 0x94c6, 0x94a5, 0x94a5, 0x94c6, 0x9085, 0x94a5,
    0x90a5, 0x94a5, 0x98c6, 0x94c6, 0x98c6, 0x94c6, 0x94c6, 0x94c6, 0x98c6, 0x98c6, 0x98c6, 0x94c6, 0x98e7, 0x90a5, 0x90a5, 0x90a5,
    0x90a5, 0x94a5, 0x90a5, 0x94c6, 0x90a5, 0x90a5, 0x90a5, 0x98e7, 0x90a5, 0x90a6, 0x9085, 0x9085, 0x90a5, 0x94a5, 0x9085, 0x98e8,
    0x98c6, 0x8843, 0x9085, 0x98c6, 0x90a6, 0x9085, 0x90a5, 0x90a5, 0x94a5, 0x94c6, 0x94c6, 0x94c6, 0x94c6, 0x90a5, 0x94a5, 0x9085,
    0x90a5, 0x90a5, 0x9085, 0x94a5, 0x94a5, 0x98c6, 0x98c6, 0x98e7, 0x94c6, 0x98e7, 0x98c6, 0x98c6, 0x98c6, 0x98c6, 0x90a5, 0x94a5,
    0x94a5, 0x8c84, 0x94c6, 0x94c6, 0x98e8, 0x94c6, 0x90a5, 0x94c6, 0x90a5, 0x94a5, 0x94a5, 0x94c6, 0x98c6, 0x94a5, 0x98c6, 0x94a5,
    0x9085, 0x90a6, 0x94c6, 0x94c6, 0x90a6, 0x98c6, 0x98c6, 0x98c6, 0x98c6, 0x9d08, 0x94c6, 0x98e7, 0x90a6, 0x90a6, 0x90a5, 0x94c6,
    0x94a5, 0x8c64, 0x94a5, 0x94a5, 0x90a6, 0x94c6, 0x98e8, 0x98c6, 0x98e8, 0x98c6, 0x98c6, 0x98e8, 0x98e7, 0x98e8, 0x98c6, 0x9085,
    0x9085, 0x98c6, 0x9083, 0x94a5, 0x94c6, 0x98c6, 0x94c6, 0x90a5, 0x90a5, 0x90a6, 0x90a5, 0x90a5, 0x90a6, 0x90a6, 0x90a5, 0x90a5,
    0x98c6, 0x8863, 0x94c6, 0x94c6, 0x94c6, 0x98c6, 0x98c6, 0x98c6, 0x94c6, 0x94c6, 0x90a5, 0x90a5, 0x90a5, 0x8821, 0xb16a, 0x9484,
    0x9484, 0x9484, 0x9484, 0x9484, 0x9484, 0x9484, 0x9484, 0x9484, 0x9484, 0x9484, 0x9484, 0x9484, 0xb696, 0xb696, 0x8c42, 0x8c42,
    0x8c42, 0x8c42, 0xb696, 0xb696, 0x9484, 0x9484, 0x9484, 0x9484, 0x9484, 0x9484, 0x9484, 0x9484, 0x9484, 0x9484, 0x9484, 0x9484,
    0x9484, 0x8421, 0x8821, 0x90a5, 0x90a5, 0x90a5, 0x94c6, 0x94c6, 0x98c6, 0x98c6, 0x98c6, 0x94c6, 0x94c6, 0x94c6, 0x8863, 0x98c6,
    0x90a5, 0x90a5, 0x90a6, 0x90a6, 0x90a5, 0x90a5, 0x90a6, 0x90a5, 0x90a5, 0x94c6, 0x98c6, 0x94c6, 0x94a5, 0x9083, 0x98c6, 0x9085,
    0x9085, 0x98c6, 0x98e8, 0x98e7, 0x98e8, 0x98c6, 0x98c6, 0x98e8, 0x98c6, 0x98e8, 0x94c6, 0x90a6, 0x94a5, 0x94a5, 0x8c64, 0x94a5,
    0x94c6, 0x90a5, 0x90a6, 0x90a6, 0x98e7, 0x94c6, 0x9d08, 0x98c6, 0x98c6, 0x98c6, 0x98c6, 0x90a6, 0x94c6, 0x94c6, 0x90a6, 0x9085,
    0x94a5, 0x98c6, 0x94a5, 0x98c6, 0x94c6, 0x94a5, 0x94a5, 0x90a5, 0x94c6, 0x90a5, 0x94c6, 0x98e8, 0x94c6, 0x94c6, 0x8c84, 0x94a5,
    0x94a5, 0x90a5, 0x98c6, 0x98c6, 0x98c6, 0x98c6, 0x98e7, 0x94c6, 0x98e7, 0x98c6, 0x98c6, 0x94a5, 0x94a5, 0x9085, 0x90a5, 0x90a5,
    0x9085, 0x94a5, 0x90a5, 0x94c6, 0x94c6, 0x94c6, 0x94c6, 0x94a5, 0x90a5, 0x90a5, 0x9085, 0x90a6, 0x98c6, 0x9085, 0x8843, 0x98c6,
    0x90a5, 0x8421, 0x8c84, 0x9085, 0x9084, 0x8843, 0x8c84, 0x9085, 0x9085, 0x9085, 0x98c6, 0x94a5, 0x98c6, 0x90a5, 0x94a5, 0x9083,
    0x90a5, 0x90a5, 0x8842, 0x94a5, 0x90a5, 0x90a5, 0x90a6, 0x90a5, 0x9084, 0x98c6, 0x94c6, 0x98e8, 0x94a5, 0x98e8, 0x90a5, 0x98c6,
    0x94a5, 0x8c84, 0x98e8, 0x90a5, 0x90a5, 0x90a5, 0x90a5, 0x94c6, 0x98c6, 0x94a5, 0x94a5, 0x94c6, 0x94a5, 0x90a5, 0x98c6, 0x94a5,
    0x8c84, 0x94c6, 0x90a6, 0x94a5, 0x9085, 0x90a5, 0x9085, 0x90a5, 0x8c64, 0x90a6, 0x8863, 0x90a5, 0x9085, 0x9085, 0x9085, 0x90a6,
    0x90a6, 0x8843, 0x9085, 0x8c63, 0x9085, 0x9085, 0x94c6, 0x90a6, 0x94c6, 0x9085, 0x94a5, 0x9085, 0x98e7, 0x90a6, 0x98e8, 0x8863,
    0x90a5, 0x98e7, 0x8422, 0x90a5, 0x94a5, 0x9085, 0x9085, 0x9085, 0x9085, 0x90a5, 0x90a5, 0x90a6, 0x94a5, 0x94a5, 0x8c84, 0x94a5,
    0x98e8, 0x8c63, 0x94c6, 0x90a5, 0x90a5, 0x94a5, 0x90a5, 0x90a5, 0x9085, 0x90a5, 0x94a5, 0x94a5, 0x90a6, 0x8821, 0xb16a, 0x9484,
    0x9484, 0x9484, 0x9484, 0x9484, 0x9484, 0x9484, 0x9484, 0x9484, 0x9484, 0x9484, 0x9484, 0x9484, 0x9484, 0xb696, 0xb696, 0xb696,
    0xb696, 0xb696, 0xb696, 0x9484, 0x9484, 0x9484, 0x9484, 0x9484, 0x9484, 0x9484, 0x9484, 0x9484, 0x9484, 0x9484, 0x9484, 0x9484,
    0x9484, 0x8421, 0x8821, 0x90a6, 0x94a5, 0x94a5, 0x90a5, 0x9085, 0x90a5, 0x90a5, 0x94a5, 0x90a5, 0x90a5, 0x94c6, 0x8c63, 0x98e8,
    0x94a5, 0x8c84, 0x94a5, 0x94a5, 0x90a6, 0x90a5, 0x90a5, 0x9085, 0x9085, 0x9085, 0x9085, 0x94a5, 0x90a5, 0x8422, 0x98e7, 0x90a5,
    0x8863, 0x98e8, 0x90a6, 0x98e7, 0x9085, 0x94a5, 0x9085, 0x94c6, 0x90a6, 0x94c6, 0x9085, 0x9085, 0x8c63, 0x9085, 0x8843, 0x90a6,
    0x90a6, 0x9085, 0x9085, 0x9085, 0x90a5, 0x8863, 0x90a6, 0x8c64, 0x90a5, 0x9085, 0x90a5, 0x9085, 0x94a5, 0x90a6, 0x94c6, 0x8c84,
    0x94a5, 0x98c6, 0x90a5, 0x94a5, 0x94c6, 0x94a5, 0x94a5, 0x98c6, 0x94c6, 0x90a5, 0x90a5, 0x90a5, 0x90a5, 0x98e8, 0x8c84, 0x94a5,
    0x98c6, 0x90a5, 0x98e8, 0x94a5, 0x98e8, 0x94c6, 0x98c6, 0x9084, 0x90a5, 0x90a6, 0x90a5, 0x90a5, 0x94a5, 0x8842, 0x90a5, 0x90a5,
    0x9083, 0x94a5, 0x90a5, 0x98c6, 0x94a5, 0x98c6, 0x9085, 0x9085, 0x9085, 0x8c84, 0x8843, 0x9084, 0x9085, 0x8c84, 0x8421, 0x90a5,
    0x8843, 0x8842, 0x8422, 0x8842, 0x8842, 0x8863, 0x8842, 0x8c64, 0x8843, 0x9083, 0x8863, 0x8c62, 0x8842, 0x8c64, 0x8c64, 0x9083,
    0x9084, 0x8865, 0x9083, 0x8842, 0x8843, 0x9085, 0x94a5, 0x9085, 0x9085, 0x9085, 0x9085, 0x90a5, 0x9085, 0x9085, 0x9085, 0x9085,
    0x9085, 0x9084, 0x90a5, 0x94c6, 0x9084, 0x90a6, 0x90a5, 0x90a5, 0x90a5, 0x90a5, 0x9085, 0x8c64, 0x8c63, 0x90a5, 0x8c84, 0x8c64,
    0x9083, 0x8c64, 0x8c64, 0x8863, 0x8863, 0x8863, 0x8c64, 0x8863, 0x8863, 0x8c63, 0x8843, 0x8842, 0x8843, 0x8c62, 0x8842, 0x8843,
    0x8865, 0x8c62, 0x8842, 0x8842, 0x8842, 0x8842, 0x8c63, 0x8c84, 0x8c64, 0x9084, 0x9085, 0x8865, 0x8842, 0x8842, 0x9083, 0x9085,
    0x8863, 0x9085, 0x8c64, 0x9083, 0x90a5, 0x9084, 0x90a5, 0x9085, 0x9085, 0x90a5, 0x90a5, 0x90a5, 0x90a5, 0x90a5, 0x9085, 0x9085,
    0x90a6, 0x9085, 0x9085, 0x90a5, 0x9083, 0x98c6, 0x90a5, 0x94a5, 0x90a5, 0x90a5, 0x9083, 0x8843, 0x8c63, 0x8821, 0xb16a, 0x9484,
    0x9484, 0x9484, 0x9484, 0x9484, 0x9484, 0x9484, 0x9484, 0x9484, 0x9484, 0x9484, 0x9484, 0x9484, 0x9484, 0x9484, 0x9484, 0x9484,
    0x9484, 0x9484, 0x9484, 0x9484, 0x9484, 0x9484, 0x9484, 0x9484, 0x9484, 0x9484, 0x9484, 0x9484, 0x9484, 0x9484, 0x9484, 0x9484,
    0x9484, 0x8421, 0x8821, 0x8c63, 0x8843, 0x9083, 0x90a5, 0x90a5, 0x94a5, 0x90a5, 0x98c6, 0x9083, 0x90a5, 0x9085, 0x9085, 0x90a6,
    0x9085, 0x9085, 0x90a5, 0x90a5, 0x90a5, 0x90a5, 0x90a5, 0x9085, 0x9085, 0x90a5, 0x9084, 0x90a5, 0x9083, 0x8c64, 0x9085, 0x8863,
    0x9085, 0x9083, 0x8842, 0x8842, 0x8865, 0x9085, 0x9084, 0x8c64, 0x8c84, 0x8c63, 0x8842, 0x8842, 0x8842, 0x8842, 0x8c62, 0x8865,
    0x8843, 0x8842, 0x8c62, 0x8843, 0x8842, 0x8843, 0x8c63, 0x8863, 0x8863, 0x8c64, 0x8863, 0x8863, 0x8863, 0x8c64, 0x8c64, 0x9083,
    0x8c64, 0x8c84, 0x90a5, 0x8c63, 0x8c64, 0x9085, 0x90a5, 0x90a5, 0x90a5, 0x90a5, 0x90a6, 0x9084, 0x94c6, 0x90a5, 0x9084, 0x9085,
    0x9085, 0x9085, 0x9085, 0x9085, 0x90a5, 0x9085, 0x9085, 0x9085, 0x9085, 0x94a5, 0x9085, 0x8843, 0x8842, 0x9083, 0x8865, 0x9084,
    0x9083, 0x8c64, 0x8c64, 0x8842, 0x8c62, 0x8863, 0x9083, 0x8843, 0x8c64, 0x8842, 0x8863, 0x8842, 0x8842, 0x8422, 0x8842, 0x8843,
    0x9909, 0xa129, 0xa129, 0xa54a, 0xa54a, 0xa129, 0xa129, 0xa129, 0x9d08, 0x9d08, 0x9909, 0xa129, 0xa129, 0xa129, 0xa54a, 0xa129,
    0x8863, 0x90a6, 0x90a6, 0x9d08, 0xa129, 0x8422, 0x8000, 0x8c84, 0x98c6, 0x8000, 0x8863, 0x8842, 0x8842, 0x8400, 0x8843, 0x90a5,
    0x8c64, 0x8c64, 0x8000, 0x8000, 0x8842, 0x8400, 0x8000, 0x8c84, 0x8841, 0x9085, 0x8843, 0x9d08, 0x98e8, 0x98e8, 0x90a5, 0x90a5,
    0x9909, 0x9909, 0x9909, 0xa129, 0xa129, 0xa129, 0x9d08, 0x98c6, 0x9d08, 0x98e8, 0x9d08, 0x98e7, 0x98e8, 0x98e8, 0xa129, 0xa129,
    0x98e8, 0xa129, 0xa54a, 0xa54a, 0xa54a, 0xa54a, 0xa129, 0x9d08, 0x9909, 0x98e8, 0x90a5, 0xa129, 0xa129, 0xa54a, 0x9d08, 0x98e8,
    0x90a5, 0x90a5, 0x98e7, 0x9909, 0x98c6, 0x90a5, 0x90a5, 0x8842, 0x98c6, 0x94a5, 0x9083, 0x8c63, 0x90a5, 0x94a5, 0x9085, 0x90a5,
    0x90a5, 0x94a5, 0x94a5, 0x9083, 0x90a5, 0x8c63, 0x98e7, 0x9085, 0x9083, 0x98c6, 0x90a5, 0x9909, 0x9909, 0x8821, 0xb16a, 0x9484,
    0x9484, 0x9484, 0x8421, 0x8421, 0x8421, 0x8421, 0x8421, 0x8421, 0x8421, 0x8421, 0x8421, 0x8421, 0x8421, 0x8421, 0x8421, 0x8421,
    0x8421, 0x8421, 0x8421, 0x8421, 0x8421, 0x8421, 0x8421, 0x8421, 0x8421, 0x8421, 0x8421, 0x8421, 0x8421, 0x8421, 0x9484, 0x9484,
    0x9484, 0x8421, 0x8821, 0x9909, 0x9909, 0x90a5, 0x98c6, 0x9083, 0x9085, 0x98e7, 0x8c63, 0x90a5, 0x9083, 0x94a5, 0x94a5, 0x90a5,
    0x90a5, 0x9085, 0x94a5, 0x90a5, 0x8c63, 0x9083, 0x94a5, 0x98c6, 0x8842, 0x90a5, 0x90a5, 0x98c6, 0x9909, 0x98e7, 0x90a5, 0x90a5,
    0x98e8, 0x9d08, 0xa54a, 0xa129, 0xa129, 0x90a5, 0x98e8, 0x9909, 0x9d08, 0xa129, 0xa54a, 0xa54a, 0xa54a, 0xa54a, 0xa129, 0x98e8,
    0xa129, 0xa129, 0x98e8, 0x98e8, 0x98e7, 0x9d08, 0x98e8, 0x9d08, 0x98c6, 0x9d08, 0xa129, 0xa129, 0xa129, 0x9909, 0x9909, 0x9909,
    0x90a5, 0x90a5, 0x98e8, 0x98e8, 0x9d08, 0x8843, 0x9085, 0x8841, 0x8c84, 0x8000, 0x8400, 0x8842, 0x8000, 0x8000, 0x8c64, 0x8c64,
    0x90a5, 0x8843, 0x8400, 0x8842, 0x8842, 0x8863, 0x8000, 0x98c6, 0x8c84, 0x8000, 0x8422, 0xa129, 0x9d08, 0x90a6, 0x90a6, 0x8863,
    0xa129, 0xa54a, 0xa129, 0xa129, 0xa129, 0x9909, 0x9d08, 0x9d08, 0xa129, 0xa129, 0xa129, 0xa54a, 0xa54a, 0xa129, 0xa129, 0x9909,
    0xa96b, 0xa54a, 0xa96b, 0x9d08, 0x90a5, 0x98e8, 0x98e8, 0x9d08, 0x98c6, 0x98e8, 0x9909, 0xa54a, 0x9909, 0xa129, 0xa129, 0xa129,
    0x90a5, 0xa54a, 0xa54a, 0x9909, 0xa129, 0x8c64, 0x8000, 0x9d08, 0xa96b, 0x8000, 0x8841, 0x8842, 0x8400, 0x94c6, 0x98e8, 0x9909,
    0x8ca7, 0x98c6, 0x8000, 0x8842, 0x90a5, 0x8842, 0x8000, 0x9d08, 0x8820, 0x8c64, 0x8ca7, 0x9d08, 0x8ca7, 0x9909, 0xa54a, 0x90a6,
    0x9909, 0x98e7, 0x9909, 0x9909, 0xa129, 0x9d08, 0x9d08, 0x90a6, 0x9909, 0x98c6, 0x98e7, 0x9d08, 0xa129, 0xa129, 0x9909, 0x98e8,
    0x98e7, 0xa54a, 0xa54a, 0x9909, 0x9909, 0x9909, 0x98e8, 0x98e8, 0x90a5, 0x98e8, 0x90a6, 0x9085, 0x98e8, 0xa129, 0x9909, 0xa54a,
    0x98c6, 0xa54a, 0x9909, 0x98e8, 0xa129, 0x94c6, 0x98e8, 0x8865, 0x9d08, 0x94a5, 0x94a5, 0x98e8, 0x94c6, 0x98e7, 0x94a5, 0x94c6,
    0x98c6, 0x94a5, 0x9d08, 0x94c6, 0x94c6, 0x8c84, 0xa129, 0x94a5, 0x8843, 0x9d08, 0x98c6, 0x9909, 0x98e8, 0x8821, 0xb16a, 0x9484,
    0x9484, 0x9484, 0x8421, 0x8c42, 0x8c42, 0x8c42, 0x8c42, 0x8c42, 0x8c42, 0x8c42, 0x8c42, 0x8c42, 0x8c42, 0x8c42, 0x8c42, 0x8c42,
    0x8c42, 0x8c42, 0x8c42, 0x8c42, 0x8c42, 0x8c42, 0x8c42, 0x8c42, 0x8c42, 0x8c42, 0x8c42, 0x8c42, 0x8c42, 0x8421, 0x9484, 0x9484,
    0x9484, 0x8421, 0x8821, 0x98e8, 0x9909, 0x98c6, 0x9d08, 0x8843, 0x94a5, 0xa129, 0x8c84, 0x94c6, 0x94c6, 0x9d08, 0x94a5, 0x98c6,
    0x94c6, 0x94a5, 0x98e7, 0x94c6, 0x98e8, 0x94a5, 0x94a5, 0x9d08, 0x8865, 0x98e8, 0x94c6, 0xa129, 0x98e8, 0x9909, 0xa54a, 0x98c6,
    0xa54a, 0x9909, 0xa129, 0x98e8, 0x9085, 0x90a6, 0x98e8, 0x90a5, 0x98e8, 0x98e8, 0x9909, 0x9909, 0x9909, 0xa54a, 0xa54a, 0x98e7,
    0x98e8, 0x9909, 0xa129, 0xa129, 0x9d08, 0x98e7, 0x98c6, 0x9909, 0x90a6, 0x9d08, 0x9d08, 0xa129, 0x9909, 0x9909, 0x98e7, 0x9909,
    0x90a6, 0xa54a, 0x9909, 0x8ca7, 0x9d08, 0x8ca7, 0x8c64, 0x8820, 0x9d08, 0x8000, 0x8842, 0x90a5, 0x8842, 0x8000, 0x98c6, 0x8ca7,
    0x9909, 0x98e8, 0x94c6, 0x8400, 0x8842, 0x8841, 0x8000, 0xa96b, 0x9d08, 0x8000, 0x8c64, 0xa129, 0x9909, 0xa54a, 0xa54a, 0x90a5,
    0xa129, 0xa129, 0xa129, 0x9909, 0xa54a, 0x9909, 0x98e8, 0x98c6, 0x9d08, 0x98e8, 0x98e8, 0x90a5, 0x9d08, 0xa96b, 0xa54a, 0xa96b,
    0x8000, 0x8000, 0x8000, 0x8000, 0x8000, 0x8000, 0x8000, 0x8000, 0x8000, 0x8000, 0x8000, 0x8000, 0x8000, 0x8000, 0x8421, 0x8000,
    0x8000, 0x8000, 0x98e7, 0x98e7, 0x90a6, 0x8000, 0x8000, 0x9085, 0x9909, 0x9085, 0x98e8, 0x8400, 0x8000, 0x98c6, 0x98e8, 0x8ca7,
    0x8ca7, 0x9909, 0x8421, 0x8400, 0x94a5, 0x8842, 0x8000, 0xa54a, 0x8842, 0x8421, 0x8422, 0x94a5, 0x98e8, 0xa129, 0x8400, 0x8000,
    0x8000, 0x8000, 0x8000, 0x8000, 0x8000, 0x8000, 0x8000, 0x8000, 0x8000, 0x8000, 0x8000, 0x8000, 0x8000, 0x8000, 0x8000, 0x8000,
    0x8000, 0x8000, 0x8000, 0x8000, 0x8000, 0x8000, 0x8000, 0x8000, 0x8000, 0x8000, 0x8000, 0x8000, 0x8000, 0x8000, 0x8000, 0x8000,
    0x8000, 0x8400, 0x98c6, 0x98e8, 0x8c84, 0x8843, 0x98c6, 0x9085, 0x98c6, 0x94a5, 0x90a5, 0x90a5, 0x90a5, 0x9083, 0x90a5, 0x9083,
    0x9083, 0x9083, 0x94a5, 0x90a5, 0x94c6, 0x90a5, 0x9d08, 0x94a5, 0x8842, 0x9d08, 0x8c62, 0x8c84, 0x9d08, 0x8821, 0xb16a, 0x9484,
    0x9484, 0x9484, 0x8421, 0x8c42, 0x8c62, 0x8c62, 0x8c42, 0x8c62, 0x8c62, 0x8c42, 0x8c62, 0x8c62, 0x8c42, 0x8c62, 0x8c62, 0x8c42,
    0x8c62, 0x8c62, 0x8c42, 0x8c62, 0x8c62, 0x8c42, 0x8c62, 0x8c62, 0x8c42, 0x8c62, 0x8c62, 0x8c42, 0x8c42, 0x8421, 0x9484, 0x9484,
    0x9484, 0x8421, 0x8821, 0x9d08, 0x8c84, 0x8c62, 0x9d08, 0x8842, 0x94a5, 0x9d08, 0x90a5, 0x94c6, 0x90a5, 0x94a5, 0x9083, 0x9083,
    0x9083, 0x90a5, 0x9083, 0x90a5, 0x90a5, 0x90a5, 0x94a5, 0x98c6, 0x9085, 0x98c6, 0x8843, 0x8c84, 0x98e8, 0x98c6, 0x8400, 0x8000,
    0x8000, 0x8000, 0x8000, 0x8000, 0x8000, 0x8000, 0x8000, 0x8000, 0x8000, 0x8000, 0x8000, 0x8000, 0x8000, 0x8000, 0x8000, 0x8000,
    0x8000, 0x8000, 0x8000, 0x8000, 0x8000, 0x8000, 0x8000, 0x8000, 0x8000, 0x8000, 0x8000, 0x8000, 0x8000, 0x8000, 0x8000, 0x8000,
    0x8000, 0x8400, 0xa129, 0x98e8, 0x94a5, 0x8422, 0x8421, 0x8842, 0xa54a, 0x8000, 0x8842, 0x94a5, 0x8400, 0x8421, 0x9909, 0x8ca7,
    0x8ca7, 0x98e8, 0x98c6, 0x8000, 0x8400, 0x98e8, 0x9085, 0x9909, 0x9085, 0x8000, 0x8000, 0x90a6, 0x98e7, 0x98e7, 0x8000, 0x8000,
    0x8000, 0x8421, 0x8000, 0x8000, 0x8000, 0x8000, 0x8000, 0x8000, 0x8000, 0x8000, 0x8000, 0x8000, 0x8000, 0x8000, 0x8000, 0x8000,
    0x8842, 0x8863, 0x8c84, 0x8842, 0x8842, 0x8c64, 0x8842, 0x8842, 0x8842, 0x8842, 0x8842, 0x8842, 0x8842, 0x8842, 0x98e8, 0x8000,
    0x8000, 0x8000, 0xa129, 0xa96b, 0x9909, 0x8000, 0x8000, 0x90a5, 0xa54a, 0x8000, 0x8ca7, 0x8843, 0x8000, 0x9d08, 0x90a6, 0x8d0b,
    0x8ca7, 0x90a6, 0x8843, 0x8000, 0x90a5, 0x8842, 0x8000, 0xa96b, 0x8421, 0x8000, 0x8000, 0x98e7, 0xa129, 0xa96b, 0x8842, 0x8000,
    0x8422, 0x90a5, 0x8422, 0x8863, 0x8842, 0x8842, 0x8843, 0x8843, 0x8865, 0x8865, 0x8865, 0x8422, 0x8842, 0x8422, 0x8842, 0x8842,
    0x8842, 0x8842, 0x8842, 0x8842, 0x8842, 0x8842, 0x8865, 0x8865, 0x8842, 0x8842, 0x8842, 0x8842, 0x8842, 0x8842, 0x8843, 0x8421,
    0x8422, 0x8842, 0xa96b, 0xa96b, 0x8863, 0x90a5, 0x94c6, 0x8842, 0x9085, 0x8842, 0x90a5, 0x9909, 0x914d, 0xa54a, 0x9909, 0x998f,
    0x998f, 0x98e8, 0x914d, 0x9909, 0x98c6, 0x8842, 0x90a5, 0x9083, 0x8843, 0x9d08, 0x90a5, 0x98e7, 0xa96b, 0x8821, 0xb16a, 0x9484,
    0x9484, 0x9484, 0x8421, 0x8c42, 0x8c62, 0x8c62, 0x8c42, 0x8c62, 0x8c62, 0x8c42, 0x8c62, 0x8c62, 0x8c42, 0x8c62, 0x8c62, 0x8c42,
    0x8c62, 0x8c62, 0x8c42, 0x8c62, 0x8c62, 0x8c42, 0x8c62, 0x8c62, 0x8c42, 0x8c62, 0x8c62, 0x8c42, 0x8c42, 0x8421, 0x9484, 0x9484,
    0x9484, 0x8421, 0x8821, 0xa96b, 0x98e7, 0x90a5, 0x9d08, 0x8843, 0x9083, 0x90a5, 0x8842, 0x98c6, 0x9909, 0x914d, 0x98e8, 0x998f,
    0x998f, 0x9909, 0xa54a, 0x914d, 0x9909, 0x90a5, 0x8842, 0x9085, 0x8842, 0x94c6, 0x90a5, 0x8863, 0xa96b, 0xa96b, 0x8842, 0x8422,
    0x8421, 0x8843, 0x8842, 0x8842, 0x8842, 0x8842, 0x8842, 0x8842, 0x8865, 0x8865, 0x8842, 0x8842, 0x8842, 0x8842, 0x8842, 0x8842,
    0x8842, 0x8842, 0x8422, 0x8842, 0x8422, 0x8865, 0x8865, 0x8865, 0x8843, 0x8843, 0x8842, 0x8842, 0x8863, 0x8422, 0x90a5, 0x8422,
    0x8000, 0x8842, 0xa96b, 0xa129, 0x98e7, 0x8000, 0x8000, 0x8421, 0xa96b, 0x8000, 0x8842, 0x90a5, 0x8000, 0x8843, 0x90a6, 0x8ca7,
    0x8d0b, 0x90a6, 0x9d08, 0x8000, 0x8843, 0x8ca7, 0x8000, 0xa54a, 0x90a5, 0x8000, 0x8000, 0x9909, 0xa96b, 0xa129, 0x8000, 0x8000,
    0x8000, 0x98e8, 0x8842, 0x8842, 0x8842, 0x8842, 0x8842, 0x8842, 0x8842, 0x8842, 0x8c64, 0x8842, 0x8842, 0x8c84, 0x8863, 0x8842,
    0x94c6, 0x90a5, 0x94c6, 0x8c64, 0x8000, 0x8421, 0x8422, 0x8421, 0x8422, 0x8422, 0x8422, 0x8421, 0x8842, 0x8000, 0x8000, 0x8422,
    0x8000, 0x8c64, 0xa5d0, 0xa54a, 0x8863, 0x8863, 0x8000, 0x98e7, 0xa5d0, 0x8000, 0x8863, 0x9085, 0x8000, 0xa129, 0x8843, 0x90a5,
    0x90a6, 0x90a5, 0x8843, 0x8000, 0x9084, 0x90a5, 0x8000, 0xa96b, 0x8000, 0x90a5, 0x8ca7, 0x98e7, 0xa129, 0xa96b, 0x8c62, 0x8000,
    0x8422, 0x8422, 0x8000, 0x8000, 0x8000, 0x8865, 0x8000, 0x8000, 0x8422, 0x8421, 0x8400, 0x8000, 0x90a5, 0xa129, 0x90a5, 0x90a5,
    0x94a5, 0x90a5, 0x9d08, 0x90a5, 0x8000, 0x8421, 0x8400, 0x8000, 0x8422, 0x8422, 0x8842, 0x8842, 0x8842, 0x8842, 0x8842, 0x8422,
    0x8000, 0x8c84, 0xa96b, 0xa54a, 0x8c64, 0x8421, 0x98c6, 0x8820, 0x94a5, 0x9909, 0x90a6, 0x8422, 0x8843, 0x8843, 0x8842, 0x8843,
    0x8843, 0x8421, 0x8865, 0x8843, 0x8421, 0x90a6, 0x9909, 0x8c84, 0x8842, 0x98e7, 0x8000, 0x94a5, 0xa129, 0x8821, 0xb16a, 0x9484,
    0x9484, 0x9484, 0x8421, 0x8c42, 0x8c62, 0x8c62, 0x8c42, 0x8c62, 0x8c62, 0x8c42, 0x8c62, 0x8c62, 0x8c42, 0x8c62, 0x8c62, 0x8c42,
    0x8c62, 0x8c62, 0x8c42, 0x8c62, 0x8c62, 0x8c42, 0x8c62, 0x8c62, 0x8c42, 0x8c62, 0x8c62, 0x8c42, 0x8c42, 0x8421, 0x9484, 0x9484,
    0x9484, 0x8421, 0x8821, 0xa129, 0x94a5, 0x8000, 0x98e7, 0x8842, 0x8c84, 0x9909, 0x90a6, 0x8421, 0x8843, 0x8865, 0x8421, 0x8843,
    0x8843, 0x8842, 0x8843, 0x8843, 0x8422, 0x90a6, 0x9909, 0x94a5, 0x8820, 0x98c6, 0x8421, 0x8c64, 0xa54a, 0xa96b, 0x8c84, 0x8000,
    0x8422, 0x8842, 0x8842, 0x8842, 0x8842, 0x8842, 0x8422, 0x8422, 0x8000, 0x8400, 0x8421, 0x8000, 0x90a5, 0x9d08, 0x90a5, 0x94a5,
    0x90a5, 0x90a5, 0xa129, 0x90a5, 0x8000, 0x8400, 0x8421, 0x8422, 0x8000, 0x8000, 0x8865, 0x8000, 0x8000, 0x8000, 0x8422, 0x8422,
    0x8000, 0x8c62, 0xa96b, 0xa129, 0x98e7, 0x8ca7, 0x90a5, 0x8000, 0xa96b, 0x8000, 0x90a5, 0x9084, 0x8000, 0x8843, 0x90a5, 0x90a6,
    0x90a5, 0x8843, 0xa129, 0x8000, 0x9085, 0x8863, 0x8000, 0xa5d0, 0x98e7, 0x8000, 0x8863, 0x8863, 0xa54a, 0xa5d0, 0x8c64, 0x8000,
    0x8422, 0x8000, 0x8000, 0x8842, 0x8421, 0x8422, 0x8422, 0x8422, 0x8421, 0x8422, 0x8421, 0x8000, 0x8c64, 0x94c6, 0x90a5, 0x94c6,
    0x94c6, 0x94a5, 0x98c6, 0x9085, 0x8000, 0x8000, 0x8863, 0x9083, 0x9083, 0x8841, 0x8842, 0x8843, 0x8842, 0x8843, 0x8863, 0x8c64,
    0x8000, 0x8000, 0x9909, 0xa96b, 0x90a5, 0x8421, 0x8000, 0x98c6, 0xa96b, 0x8000, 0x8c84, 0x9085, 0x8000, 0xa129, 0x98e8, 0x98c6,
    0x9d08, 0x98e8, 0x8400, 0x8c63, 0x90a5, 0x8863, 0x8000, 0xa96b, 0x8000, 0x8c64, 0x8422, 0x98e7, 0xa54a, 0xa96b, 0x8000, 0x8000,
    0x8842, 0x8c64, 0x8000, 0x8000, 0x8c62, 0x8841, 0x8400, 0x8841, 0x8c84, 0x8842, 0x8000, 0x8000, 0x8c84, 0x9d08, 0x94a5, 0x94a5,
    0x94a5, 0x90a5, 0x98e7, 0x9085, 0x8000, 0x8000, 0x8842, 0x8842, 0x8842, 0x9085, 0x8843, 0x8842, 0x8842, 0x8842, 0x9085, 0x8842,
    0x8000, 0x8000, 0x98e8, 0xa96b, 0x8c64, 0x8000, 0x98e7, 0x90a6, 0x914d, 0x8842, 0x8400, 0x8421, 0x9085, 0x8ca7, 0x8c64, 0x8842,
    0x8842, 0x90a6, 0x90a6, 0x90a6, 0x8422, 0x8421, 0x8842, 0x8d0b, 0x8843, 0x98e7, 0x8000, 0x98c6, 0xa54a, 0x8821, 0xb16a, 0x9484,
    0x9484, 0x9484, 0x8421, 0x8c42, 0x8c42, 0x8c42, 0x8c42, 0x8c42, 0x8c42, 0x8c42, 0x8c42, 0x8c42, 0x8c42, 0x8c42, 0x8c42, 0x8c42,
    0x8c42, 0x8c42, 0x8c42, 0x8c42, 0x8c42, 0x8c42, 0x8c42, 0x8c42, 0x8c42, 0x8c42, 0x8c42, 0x8c42, 0x8c42, 0x8421, 0x9484, 0x9484,
    0x9484, 0x8421, 0x8821, 0xa54a, 0x98c6, 0x8000, 0x98e7, 0x8843, 0x8d0b, 0x8842, 0x8421, 0x8422, 0x90a6, 0x90a6, 0x90a6, 0x8842,
    0x8842, 0x8c64, 0x8ca7, 0x9085, 0x8421, 0x8400, 0x8842, 0x914d, 0x90a6, 0x98e7, 0x8000, 0x8c64, 0xa96b, 0x98e8, 0x8000, 0x8000,
    0x8842, 0x9085, 0x8842, 0x8842, 0x8842, 0x8843, 0x9085, 0x8842, 0x8842, 0x8842, 0x8000, 0x8000, 0x9085, 0x98e7, 0x90a5, 0x94a5,
    0x94a5, 0x94a5, 0x9d08, 0x8c84, 0x8000, 0x8000, 0x8842, 0x8c84, 0x8841, 0x8400, 0x8841, 0x8c62, 0x8000, 0x8000, 0x8c64, 0x8842,
    0x8000, 0x8000, 0xa96b, 0xa54a, 0x98e7, 0x8422, 0x8c64, 0x8000, 0xa96b, 0x8000, 0x8863, 0x90a5, 0x8c63, 0x8400, 0x98e8, 0x9d08,
    0x98c6, 0x98e8, 0xa129, 0x8000, 0x9085, 0x8c84, 0x8000, 0xa96b, 0x98c6, 0x8000, 0x8421, 0x90a5, 0xa96b, 0x9909, 0x8000, 0x8000,
    0x8c64, 0x8863, 0x8843, 0x8842, 0x8843, 0x8842, 0x8841, 0x9083, 0x9083, 0x8863, 0x8000, 0x8000, 0x9085, 0x98c6, 0x94a5, 0x94c6,
    0x90a5, 0x94a5, 0x90a5, 0x90a5, 0x8000, 0x8000, 0x9085, 0x98c6, 0x98c6, 0x8c63, 0x90a5, 0x8c64, 0x8c84, 0x98c6, 0x9084, 0x94c6,
    0x8863, 0x9085, 0xa96b, 0x98e7, 0x9083, 0x8863, 0x8000, 0x94a5, 0xa96b, 0x8000, 0x8843, 0x9085, 0x8000, 0x9909, 0xa129, 0x90a5,
    0x9085, 0x9909, 0x8400, 0x8421, 0x9084, 0x8c63, 0x8000, 0xa96b, 0x8000, 0x8c64, 0x8843, 0x9083, 0xa129, 0xa96b, 0x8820, 0x8000,
    0x8843, 0x90a5, 0x8842, 0x8841, 0x914d, 0xaa35, 0x8d0b, 0x8000, 0x90a5, 0x8843, 0x8422, 0x8000, 0x98c6, 0x90a5, 0x90a5, 0x8c84,
    0x8c64, 0x9085, 0x8c63, 0x9084, 0x8842, 0x8000, 0x9085, 0x94a5, 0x8842, 0x90a5, 0x8421, 0x8842, 0x8842, 0x8842, 0x8842, 0x8842,
    0x8000, 0x98c6, 0xa96b, 0xa96b, 0x90a5, 0x8000, 0x8c64, 0x8842, 0x8c64, 0x8000, 0x8843, 0x90a6, 0x98c6, 0x98e8, 0x90a5, 0x90a6,
    0x90a6, 0x8ca7, 0x9085, 0x8c84, 0x8c64, 0x8863, 0x8000, 0x8ca7, 0x8422, 0x98c6, 0x8421, 0x98c6, 0xa96b, 0x8821, 0xb16a, 0x9484,
    0x9484, 0x9484, 0x8421, 0x8421, 0x8421, 0x8421, 0x8421, 0x8421, 0x8421, 0x8421, 0x8421, 0x8421, 0x8421, 0x8421, 0x8421, 0x8421,
    0x8421, 0x8421, 0x8421, 0x8421, 0x8421, 0x8421, 0x8421, 0x8421, 0x8421, 0x8421, 0x8421, 0x8421, 0x8421, 0x8421, 0x9484, 0x9484,
    0x9484, 0x8421, 0x8821, 0xa96b, 0x98c6, 0x8421, 0x98c6, 0x8422, 0x8ca7, 0x8000, 0x8863, 0x8c64, 0x8c84, 0x9085, 0x8ca7, 0x90a6,
    0x90a6, 0x90a5, 0x98e8, 0x98c6, 0x90a6, 0x8843, 0x8000, 0x8c64, 0x8842, 0x8c64, 0x8000, 0x90a5, 0xa96b, 0xa96b, 0x98c6, 0x8000,
    0x8842, 0x8842, 0x8842, 0x8842, 0x8842, 0x8421, 0x90a5, 0x8842, 0x94a5, 0x9085, 0x8000, 0x8842, 0x9084, 0x8c63, 0x9085, 0x8c64,
    0x8c84, 0x90a5, 0x90a5, 0x98c6, 0x8000, 0x8422, 0x8843, 0x90a5, 0x8000, 0x8d0b, 0xaa35, 0x914d, 0x8841, 0x8842, 0x90a5, 0x8843,
    0x8000, 0x8820, 0xa96b, 0xa129, 0x9083, 0x8843, 0x8c64, 0x8000, 0xa96b, 0x8000, 0x8c63, 0x9084, 0x8421, 0x8400, 0x9909, 0x9085,
    0x90a5, 0xa129, 0x9909, 0x8000, 0x9085, 0x8843, 0x8000, 0xa96b, 0x94a5, 0x8000, 0x8863, 0x9083, 0x98e7, 0xa96b, 0x9085, 0x8863,
    0x94c6, 0x9084, 0x98c6, 0x8c84, 0x8c64, 0x90a5, 0x8c63, 0x98c6, 0x98c6, 0x9085, 0x8000, 0x8000, 0x90a5, 0x90a5, 0x94a5, 0x90a5,
    0x94a5, 0x90a5, 0x9d08, 0x8c84, 0x8000, 0x8421, 0x94a5, 0x94c6, 0x98c6, 0x8842, 0x8c64, 0x8c64, 0x8c64, 0x98c6, 0x8c84, 0x94c6,
    0x8c62, 0x8842, 0xa96b, 0x98e7, 0x90a5, 0x8400, 0x8843, 0x9085, 0x9d08, 0x8c84, 0x90a5, 0x8c64, 0x8000, 0x90a5, 0x9083, 0x98e7,
    0x98c6, 0x90a5, 0x8400, 0x8c63, 0x9084, 0x98c6, 0x8c62, 0x9d08, 0x8842, 0x8c84, 0x8422, 0x9d08, 0x9909, 0x98c6, 0x8000, 0x8422,
    0x8842, 0x94a5, 0x8000, 0x9083, 0x8865, 0x914d, 0x8865, 0x8820, 0x8863, 0x8400, 0x8842, 0x8843, 0x90a6, 0x9d08, 0x90a5, 0x9085,
    0x9084, 0x90a5, 0x9d08, 0x98e7, 0x8000, 0x8421, 0x8863, 0x90a6, 0x8421, 0x8421, 0x8842, 0x8842, 0x8842, 0x8842, 0x8842, 0x8842,
    0x8000, 0x8863, 0xa96b, 0xa96b, 0x9085, 0x8000, 0x8863, 0x8c64, 0x8ca7, 0x8820, 0x8843, 0x8863, 0x8c84, 0x8c84, 0x8841, 0x8c64,
    0x9085, 0x8865, 0x9085, 0x9085, 0x8c84, 0x9085, 0x8863, 0x98e8, 0x8422, 0x8843, 0x8000, 0xa129, 0x98e7, 0x8821, 0xb16a, 0x9484,
    0xd672, 0x9484, 0x9484, 0x9484, 0x9484, 0x9484, 0x9484, 0x9484, 0x9484, 0x9484, 0x9484, 0x9484, 0x9484, 0x9484, 0x9484, 0x9484,
    0x9484, 0x9484, 0x9484, 0x9484, 0x9484, 0x9484, 0x9484, 0x9484, 0x9484, 0x9484, 0x9484, 0x9484, 0x9484, 0x9484, 0x9484, 0xd672,
    0x9484, 0x8421, 0x8821, 0x98e7, 0xa129, 0x8000, 0x8843, 0x8422, 0x98e8, 0x8863, 0x9085, 0x8c84, 0x9085, 0x9085, 0x8865, 0x9085,
    0x8c64, 0x8841, 0x8c84, 0x8c84, 0x8863, 0x8843, 0x8820, 0x8ca7, 0x8c64, 0x8863, 0x8000, 0x9085, 0xa96b, 0xa96b, 0x8863, 0x8000,
    0x8842, 0x8842, 0x8842, 0x8842, 0x8842, 0x8842, 0x8421, 0x8421, 0x90a6, 0x8863, 0x8421, 0x8000, 0x98e7, 0x9d08, 0x90a5, 0x9084,
    0x9085, 0x90a5, 0x9d08, 0x90a6, 0x8843, 0x8842, 0x8400, 0x8863, 0x8820, 0x8865, 0x914d, 0x8865, 0x9083, 0x8000, 0x94a5, 0x8842,
    0x8422, 0x8000, 0x98c6, 0x9909, 0x9d08, 0x8422, 0x8c84, 0x8842, 0x9d08, 0x8c62, 0x98c6, 0x9084, 0x8c63, 0x8400, 0x90a5, 0x98c6,
    0x98e7, 0x9083, 0x90a5, 0x8000, 0x8c64, 0x90a5, 0x8c84, 0x9d08, 0x9085, 0x8843, 0x8400, 0x90a5, 0x98e7, 0xa96b, 0x8842, 0x8c62,
    0x94c6, 0x8c84, 0x98c6, 0x8c64, 0x8c64, 0x8c64, 0x8842, 0x98c6, 0x94c6, 0x94a5, 0x8421, 0x8000, 0x8c84, 0x9d08, 0x90a5, 0x94a5,
    0x8865, 0x8842, 0x98e7, 0x90a5, 0x8000, 0x8842, 0x8863, 0x9083, 0x8c64, 0x8863, 0x8842, 0x8842, 0x8863, 0x8c64, 0x8842, 0x8422,
    0x8421, 0x8843, 0xa96b, 0xa54a, 0x90a5, 0x8000, 0x90a5, 0x8ca7, 0x90a5, 0x8ca7, 0x8865, 0x98e8, 0x98e7, 0x9085, 0x8842, 0x8c64,
    0x90a5, 0x90a5, 0x90a5, 0x9d08, 0x90a5, 0x8865, 0x8ca7, 0x9085, 0x90a6, 0x90a6, 0x8842, 0x98e7, 0x9909, 0xa96b, 0x8841, 0x8421,
    0x8842, 0x9083, 0x8421, 0x98c6, 0x8820, 0x8000, 0x8841, 0x8842, 0x8842, 0x8842, 0x8c84, 0x8841, 0x8422, 0xa96b, 0x94a5, 0x94a5,
    0x9084, 0x9084, 0xa54a, 0x8c64, 0x8000, 0x8843, 0x8843, 0x8c84, 0x8c84, 0x8c62, 0x8843, 0x8843, 0x8842, 0x8865, 0x8843, 0x8843,
    0x8000, 0x9085, 0xa54a, 0xa129, 0x8421, 0x8000, 0x9085, 0x90a5, 0x8ca7, 0x8820, 0x8843, 0x8843, 0x90a5, 0x8c63, 0x8863, 0x8863,
    0x8842, 0x8ca7, 0x8c84, 0x90a5, 0x8c63, 0x8843, 0x8400, 0x8ca7, 0x8863, 0x8820, 0x8000, 0x9083, 0x90a5, 0x8821, 0xb16a, 0x9484,
    0x9484, 0x8c42, 0x9484, 0x9484, 0x9484, 0x9484, 0x9484, 0x9484, 0x9484, 0x9484, 0x9484, 0x9484, 0x9484, 0x9484, 0x9484, 0x9484,
    0x9484, 0x9484, 0x9484, 0x9484, 0x9484, 0x9484, 0x9484, 0x9484, 0x9484, 0x9484, 0x9484, 0x9484, 0x9484, 0x9484, 0x9484, 0x9484,
    0x8c42, 0x8421, 0x8821, 0x90a5, 0x9083, 0x8000, 0x8820, 0x8863, 0x8ca7, 0x8400, 0x8843, 0x8c63, 0x90a5, 0x8c84, 0x8ca7, 0x8842,
    0x8863, 0x8863, 0x8c63, 0x90a5, 0x8843, 0x8843, 0x8820, 0x8ca7, 0x90a5, 0x9085, 0x8000, 0x8421, 0xa129, 0xa54a, 0x9085, 0x8000,
    0x8843, 0x8843, 0x8865, 0x8842, 0x8843, 0x8843, 0x8c62, 0x8c84, 0x8c84, 0x8843, 0x8843, 0x8000, 0x8c64, 0xa54a, 0x9084, 0x9084,
    0x94a5, 0x94a5, 0xa96b, 0x8422, 0x8841, 0x8c84, 0x8842, 0x8842, 0x8842, 0x8841, 0x8000, 0x8820, 0x98c6, 0x8421, 0x9083, 0x8842,
    0x8421, 0x8841, 0xa96b, 0x9909, 0x98e7, 0x8842, 0x90a6, 0x90a6, 0x9085, 0x8ca7, 0x8865, 0x90a5, 0x9d08, 0x90a5, 0x90a5, 0x90a5,
    0x8c64, 0x8842, 0x9085, 0x98e7, 0x98e8, 0x8865, 0x8ca7, 0x90a5, 0x8ca7, 0x90a5, 0x8000, 0x90a5, 0xa54a, 0xa96b, 0x8843, 0x8421,
    0x8422, 0x8842, 0x8c64, 0x8863, 0x8842, 0x8842, 0x8863, 0x8c64, 0x9083, 0x8863, 0x8842, 0x8000, 0x90a5, 0x98e7, 0x8842, 0x8865,
    0x8c84, 0x9085, 0x94c6, 0x9909, 0x8000, 0x8842, 0x8842, 0x8000, 0x8843, 0x8422, 0x8842, 0x8c63, 0x8863, 0x8422, 0x8863, 0x8c64,
    0x8000, 0x8843, 0xa54a, 0x9d08, 0x8863, 0x8000, 0x8863, 0x8c64, 0x90a5, 0x8843, 0x8422, 0x9085, 0x9d08, 0x8422, 0x98e7, 0x9d08,
    0x94c6, 0x94c6, 0x8842, 0x98e7, 0x94c6, 0x8400, 0x8865, 0x8c84, 0x8c64, 0x8c64, 0x8422, 0x9084, 0x9909, 0xa54a, 0x8421, 0x8000,
    0x8842, 0x94a5, 0x8000, 0x9085, 0x8842, 0x8865, 0x8c84, 0x8c63, 0x94a5, 0x8863, 0x8422, 0x8421, 0x90a6, 0x8c84, 0x8842, 0x8865,
    0x8865, 0x8842, 0x8c63, 0x8c64, 0x8000, 0x8422, 0x8865, 0x8c63, 0x9083, 0x8c64, 0x8ca7, 0x8843, 0x8c64, 0x8c64, 0x8842, 0x8842,
    0x8000, 0x8c63, 0xa54a, 0xa129, 0x9084, 0x8000, 0x8c64, 0x8422, 0x8865, 0x8841, 0x8400, 0x8841, 0x8843, 0x8843, 0x8863, 0x8863,
    0x8c64, 0x8422, 0x8863, 0x8843, 0x8421, 0x8422, 0x8422, 0x8c64, 0x8843, 0x8841, 0x8000, 0x9909, 0xa96b, 0x8821, 0x8421, 0x8421,
    0x8421, 0x8421, 0x8421, 0x8421, 0x8421, 0x8421, 0x8421, 0x8421, 0x8421, 0x8421, 0x8421, 0x8421, 0x8421, 0x8421, 0x8421, 0x8421,
    0x8421, 0x8421, 0x8421, 0x8421, 0x8421, 0x8421, 0x8421, 0x8421, 0x8421, 0x8421, 0x8421, 0x8421, 0x8421, 0x8421, 0x8421, 0x8421,
    0x8421, 0x8421, 0x8821, 0xa96b, 0x9909, 0x8000, 0x8841, 0x8843, 0x8c64, 0x8422, 0x8422, 0x8421, 0x8843, 0x8863, 0x8422, 0x8c64,
    0x8863, 0x8863, 0x8843, 0x8843, 0x8841, 0x8400, 0x8841, 0x8865, 0x8422, 0x8c64, 0x8000, 0x9084, 0xa129, 0xa54a, 0x8c63, 0x8000,
    0x8842, 0x8842, 0x8c64, 0x8c64, 0x8843, 0x8ca7, 0x8c64, 0x9083, 0x8c63, 0x8865, 0x8422, 0x8000, 0x8c64, 0x8c63, 0x8842, 0x8865,
    0x8865, 0x8842, 0x8c84, 0x90a6, 0x8421, 0x8422, 0x8863, 0x94a5, 0x8c63, 0x8c84, 0x8865, 0x8842, 0x9085, 0x8000, 0x94a5, 0x8842,
    0x8000, 0x8421, 0xa54a, 0x9909, 0x9084, 0x8422, 0x8c64, 0x8c64, 0x8c84, 0x8865, 0x8400, 0x94c6, 0x98e7, 0x8842, 0x94c6, 0x94c6,
    0x9d08, 0x98e7, 0x8422, 0x9d08, 0x9085, 0x8422, 0x8843, 0x90a5, 0x8c64, 0x8863, 0x8000, 0x8863, 0x9d08, 0xa54a, 0x8843, 0x8000,
    0x8c64, 0x8863, 0x8422, 0x8863, 0x8c63, 0x8842, 0x8422, 0x8843, 0x8000, 0x8842, 0x8842, 0x8000, 0x9909, 0x94c6, 0x9085, 0x8c84,
    0x94a5, 0x9083, 0x94a5, 0x8422, 0x8421, 0xa129, 0x8842, 0x8421, 0x8c63, 0x8842, 0x8c84, 0x98c6, 0x94c6, 0x8c64, 0x8c64, 0x98c6,
    0x8000, 0x98c6, 0xa54a, 0x98c6, 0xa96b, 0x8c84, 0x8842, 0x8863, 0x8c64, 0x98e7, 0x98e7, 0x8c64, 0x8842, 0x9d08, 0xa96b, 0xa129,
    0xa129, 0xa54a, 0x98c6, 0x8843, 0x8c64, 0x98e7, 0x94a5, 0x94c6, 0x8863, 0x8863, 0x9085, 0xa96b, 0xa129, 0xa54a, 0x90a5, 0x8000,
    0x8842, 0x8421, 0x8841, 0x8820, 0x8c62, 0x8421, 0x8865, 0x8842, 0x8842, 0x8843, 0x98c6, 0x8000, 0x8842, 0x8820, 0x8842, 0x9083,
    0x9083, 0x8842, 0x8c63, 0x8863, 0x8000, 0x8ca7, 0x8422, 0x8c63, 0x8c64, 0x8843, 0x8843, 0x8421, 0x90a5, 0x98e8, 0x8863, 0x8842,
    0x8842, 0x90a5, 0xa96b, 0xa54a, 0xa54a, 0x8c84, 0x8842, 0x8842, 0x8820, 0x8863, 0x8c64, 0x8842, 0x8c64, 0x8c64, 0x8c84, 0x8c63,
    0x8c84, 0x8c84, 0x8c84, 0x8c84, 0x8c64, 0x8c84, 0x9085, 0x8863, 0x8c63, 0x8c84, 0x90a5, 0xa54a, 0x98e8, 0x8821, 0x8821, 0x8821,
    0x8821, 0x8821, 0x8821, 0x8821, 0x8821, 0x8821, 0x8821, 0x8821, 0x8821, 0x8821, 0x8821, 0x8821, 0x8821, 0x8821, 0x8821, 0x8821,
    0x8821, 0x8821, 0x8821, 0x8821, 0x8821, 0x8821, 0x8821, 0x8821, 0x8821, 0x8821, 0x8821, 0x8821, 0x8821, 0x8821, 0x8821, 0x8821,
    0x8821, 0x8821, 0x8821, 0x98e8, 0xa54a, 0x90a5, 0x8c84, 0x8c63, 0x8863, 0x9085, 0x8c84, 0x8c64, 0x8c84, 0x8c84, 0x8c84, 0x8c84,
    0x8c63, 0x8c84, 0x8c64, 0x8c64, 0x8842, 0x8c64, 0x8863, 0x8820, 0x8842, 0x8842, 0x8c84, 0xa54a, 0xa54a, 0xa96b, 0x90a5, 0x8842,
    0x8842, 0x8863, 0x98e8, 0x90a5, 0x8421, 0x8843, 0x8843, 0x8c64, 0x8c63, 0x8422, 0x8ca7, 0x8000, 0x8863, 0x8c63, 0x8842, 0x9083,
    0x9083, 0x8842, 0x8820, 0x8842, 0x8000, 0x98c6, 0x8843, 0x8842, 0x8842, 0x8865, 0x8421, 0x8c62, 0x8820, 0x8841, 0x8421, 0x8842,
    0x8000, 0x90a5, 0xa54a, 0xa129, 0xa96b, 0x9085, 0x8863, 0x8863, 0x94c6, 0x94a5, 0x98e7, 0x8c64, 0x8843, 0x98c6, 0xa54a, 0xa129,
    0xa129, 0xa96b, 0x9d08, 0x8842, 0x8c64, 0x98e7, 0x98e7, 0x8c64, 0x8863, 0x8842, 0x8c84, 0xa96b, 0x98c6, 0xa54a, 0x98c6, 0x8000,
    0x98c6, 0x8c64, 0x8c64, 0x94c6, 0x98c6, 0x8c84, 0x8842, 0x8c63, 0x8421, 0x8842, 0xa129, 0x8421, 0x8422, 0x94a5, 0x9083, 0x94a5,
    0x8d0b, 0x8d0b, 0x998f, 0x8422, 0x90a5, 0x9085, 0x8400, 0x8863, 0x98c6, 0x9d08, 0x98c6, 0x94c6, 0x90a5, 0x90a6, 0x98c6, 0x98e8,
    0x8842, 0x8422, 0x9085, 0x8863, 0x90a6, 0x8422, 0x8000, 0x8421, 0x8c64, 0x8000, 0x8843, 0x8841, 0x8400, 0x8422, 0x8000, 0x8421,
    0x8000, 0x8000, 0x8842, 0x8841, 0x8841, 0x8843, 0x8000, 0x8000, 0x8000, 0x8000, 0x8421, 0x9085, 0x8842, 0x8c84, 0x8841, 0x8422,
    0x8865, 0x90a6, 0x9d08, 0x98c6, 0x98e7, 0x8c64, 0x8865, 0x8863, 0x8c64, 0x8421, 0x90a5, 0xa54a, 0x98c6, 0x90a5, 0x8c62, 0x998f,
    0x998f, 0x9083, 0x8c63, 0x8c64, 0xa129, 0x8863, 0x8000, 0x9084, 0x90a5, 0x8000, 0x94c6, 0x8843, 0x8c64, 0x90a6, 0x90a5, 0x90a6,
    0x8842, 0x8c64, 0x9909, 0x98e7, 0x98e8, 0x8422, 0xa54a, 0x98c6, 0x8400, 0x8c64, 0x90a6, 0x9085, 0x8c84, 0x90a5, 0x90a6, 0x98c6,
    0x90a6, 0x98c6, 0x98e7, 0x98e7, 0x98e7, 0x9d08, 0x98e7, 0x8842, 0x9d08, 0xa96b, 0x8842, 0xa129, 0x94c6, 0x8ca7, 0x8843, 0x8000,
    0x8865, 0x98e8, 0x8ca7, 0x8d0b, 0xa129, 0x98e8, 0x8ca7, 0x98e8, 0x8ca7, 0x8400, 0x98e8, 0xa96b, 0x8400, 0x9d08, 0x8842, 0x8843,
    0x8843, 0x8842, 0x9d08, 0x8400, 0xa96b, 0x98e8, 0x8400, 0x8ca7, 0x98e8, 0x8ca7, 0x98e8, 0xa129, 0x8d0b, 0x8ca7, 0x98e8, 0x8865,
    0x8000, 0x8843, 0x8ca7, 0x94c6, 0xa129, 0x8842, 0xa96b, 0x9d08, 0x8842, 0x98e7, 0x9d08, 0x98e7, 0x98e7, 0x98e7, 0x98c6, 0x90a6,
    0x98c6, 0x90a6, 0x90a5, 0x8c84, 0x9085, 0x90a6, 0x8c64, 0x8400, 0x98c6, 0xa54a, 0x8422, 0x98e8, 0x98e7, 0x9909, 0x8c64, 0x8842,
    0x90a6, 0x90a5, 0x90a6, 0x8c64, 0x8843, 0x94c6, 0x8000, 0x90a5, 0x9084, 0x8000, 0x8863, 0xa129, 0x8c64, 0x8c63, 0x9083, 0x998f,
    0x998f, 0x8c62, 0x90a5, 0x98c6, 0xa54a, 0x90a5, 0x8421, 0x8c64, 0x8863, 0x8865, 0x8c64, 0x98e7, 0x98c6, 0x9d08, 0x90a6, 0x8865,
    0x8422, 0x8841, 0x8c84, 0x8842, 0x9085, 0x8421, 0x8000, 0x8000, 0x8000, 0x8000, 0x8843, 0x8841, 0x8841, 0x8842, 0x8000, 0x8000,
    0x8421, 0x8000, 0x8422, 0x8400, 0x8841, 0x8843, 0x8000, 0x8c64, 0x8421, 0x8000, 0x8422, 0x90a6, 0x8863, 0x9085, 0x8422, 0x8842,
    0x98e8, 0x98c6, 0x90a6, 0x90a5, 0x94c6, 0x98c6, 0x9d08, 0x98c6, 0x8863, 0x8400, 0x9085, 0x90a5, 0x8422, 0x998f, 0x8d0b, 0x8d0b,
    0x8d0b, 0x8ca7, 0x8d0b, 0x8422, 0x8400, 0x8843, 0x8842, 0x90a5, 0x8000, 0x8842, 0x8400, 0x8000, 0x8422, 0x8863, 0x8422, 0x8842,
    0x8000, 0x8842, 0x8c64, 0x8842, 0x8c84, 0x8842, 0x8421, 0x94c6, 0xa54a, 0x8000, 0x8000, 0x98c6, 0x8842, 0x8000, 0x9083, 0x8ca7,
    0x8422, 0x98e7, 0x8000, 0x8400, 0x8842, 0x8000, 0x8843, 0x8c64, 0x9084, 0x90a6, 0x8421, 0x8c64, 0x8842, 0x8c84, 0x8843, 0x8000,
    0x8422, 0x8c62, 0x8421, 0x8842, 0x8863, 0x8422, 0x8843, 0x8000, 0xa96b, 0x90a5, 0x8863, 0x8c64, 0x8000, 0x9083, 0x8800, 0x998f,
    0xaa35, 0x8000, 0x98c6, 0x8400, 0x8422, 0x8422, 0x8842, 0x98c6, 0x8400, 0x8421, 0x8842, 0x8842, 0x8842, 0x8843, 0x8843, 0x8421,
    0x8000, 0x8c64, 0x8000, 0x8000, 0x8820, 0x8841, 0xa129, 0x94a5, 0x8842, 0x8c84, 0x98e7, 0x90a5, 0x90a5, 0x90a5, 0x90a5, 0x90a5,
    0x90a5, 0x94a5, 0x90a5, 0x90a5, 0x90a5, 0x9085, 0x90a5, 0x8842, 0x90a5, 0xa54a, 0x8421, 0x8841, 0x8000, 0x8421, 0x8842, 0x8000,
    0x8000, 0x8000, 0x8400, 0x8000, 0x8421, 0x8841, 0x8820, 0x8000, 0x9d08, 0x8842, 0x8865, 0x8865, 0x8400, 0x98e8, 0x8843, 0x8d0b,
    0x8d0b, 0x8843, 0x98e8, 0x8400, 0x8865, 0x8865, 0x8842, 0x9d08, 0x8000, 0x8820, 0x8841, 0x8421, 0x8000, 0x8400, 0x8000, 0x8000,
    0x8000, 0x8842, 0x8421, 0x8000, 0x8841, 0x8421, 0xa54a, 0x90a5, 0x8842, 0x90a5, 0x9085, 0x90a5, 0x90a5, 0x90a5, 0x94a5, 0x90a5,
    0x90a5, 0x90a5, 0x90a5, 0x90a5, 0x90a5, 0x98e7, 0x8c84, 0x8842, 0x94a5, 0xa129, 0x8841, 0x8820, 0x8000, 0x8000, 0x8c64, 0x8000,
    0x8421, 0x8843, 0x8843, 0x8842, 0x8842, 0x8842, 0x8421, 0x8400, 0x98c6, 0x8842, 0x8422, 0x8422, 0x8400, 0x98c6, 0x8000, 0xaa35,
    0x998f, 0x8800, 0x9083, 0x8000, 0x8c64, 0x8863, 0x90a5, 0xa96b, 0x8000, 0x8843, 0x8422, 0x8863, 0x8842, 0x8421, 0x8c62, 0x8422,
    0x8000, 0x8843, 0x8c84, 0x8842, 0x8c64, 0x8421, 0x90a6, 0x9084, 0x8c64, 0x8843, 0x8000, 0x8842, 0x8400, 0x8000, 0x98e7, 0x8422,
    0x8ca7, 0x9083, 0x8000, 0x8842, 0x98c6, 0x8000, 0x8000, 0xa54a, 0x94c6, 0x8421, 0x8842, 0x8c84, 0x8842, 0x8c64, 0x8842, 0x8000,
    0x8842, 0x8422, 0x8863, 0x8422, 0x8000, 0x8400, 0x8842, 0x8000, 0x90a5, 0x8842, 0x8843, 0x8400, 0x8422, 0x8d0b, 0x8ca7, 0x8d0b,
    0x8820, 0x8800, 0x8000, 0x8000, 0x8843, 0x98e7, 0x8421, 0x8c64, 0x8842, 0x8842, 0x90a5, 0x8842, 0x8c84, 0x90a5, 0x8863, 0x8c64,
    0x8422, 0x8c63, 0x9084, 0x8c84, 0x98e8, 0x8421, 0x8841, 0x94a5, 0x9085, 0x8400, 0x8820, 0x8c62, 0x8000, 0x8820, 0x9083, 0x8ca7,
    0x8865, 0x9083, 0x8000, 0x8400, 0x8800, 0x8841, 0x8842, 0x90a5, 0x90a5, 0x8421, 0x8820, 0x98e7, 0x8c84, 0x9085, 0x8863, 0x8000,
    0x8841, 0x8842, 0x8421, 0x8843, 0x8c64, 0x8c64, 0x8c84, 0x8863, 0x8c64, 0x8421, 0x8865, 0x8c64, 0x8000, 0x8820, 0x8842, 0x8800,
    0x8000, 0x90a5, 0x9085, 0x8000, 0x8842, 0x8842, 0x8000, 0x9085, 0x8843, 0x8000, 0x8843, 0x8842, 0x8c64, 0x8843, 0x8863, 0x8843,
    0x8422, 0x94a5, 0x8421, 0x8863, 0x8863, 0x8c64, 0x9909, 0x90a6, 0x8843, 0x9085, 0x98e8, 0x90a6, 0x98c6, 0x98c6, 0x9d08, 0x9d08,
    0x9d08, 0x9d08, 0x9d08, 0x9d08, 0x90a6, 0x90a6, 0x90a5, 0x8863, 0x90a5, 0xa54a, 0x8c64, 0x8c62, 0x8842, 0x8863, 0x98e7, 0x8421,
    0x8422, 0x90a5, 0x90a6, 0x9085, 0x8c84, 0x8c84, 0x8c64, 0x9085, 0x8c64, 0x8842, 0x98e7, 0x8c84, 0x8000, 0x8863, 0x8842, 0x8800,
    0x8800, 0x8842, 0x8863, 0x8000, 0x8c84, 0x98e7, 0x8842, 0x8c64, 0x9085, 0x8c64, 0x8c84, 0x8c84, 0x9085, 0x90a6, 0x90a5, 0x8422,
    0x8421, 0x98e7, 0x8863, 0x8842, 0x8c62, 0x8c64, 0xa54a, 0x90a5, 0x8863, 0x90a5, 0x90a6, 0x90a6, 0x9d08, 0x9d08, 0x9d08, 0x9d08,
    0x9d08, 0x9d08, 0x98c6, 0x98c6, 0x90a6, 0x98e8, 0x9085, 0x8843, 0x90a6, 0x9909, 0x8c64, 0x8863, 0x8863, 0x8421, 0x94a5, 0x8422,
    0x8843, 0x8863, 0x8843, 0x8c64, 0x8842, 0x8843, 0x8000, 0x8843, 0x9085, 0x8000, 0x8842, 0x8842, 0x8000, 0x9085, 0x90a5, 0x8000,
    0x8800, 0x8842, 0x8820, 0x8000, 0x8c64, 0x8865, 0x8421, 0x8c64, 0x8863, 0x8c84, 0x8c64, 0x8c64, 0x8843, 0x8421, 0x8842, 0x8841,
    0x8000, 0x8863, 0x9085, 0x8c84, 0x98e7, 0x8820, 0x8421, 0x90a5, 0x90a5, 0x8842, 0x8841, 0x8800, 0x8400, 0x8000, 0x9083, 0x8865,
    0x8ca7, 0x9083, 0x8820, 0x8000, 0x8c62, 0x8820, 0x8400, 0x9085, 0x94a5, 0x8841, 0x8421, 0x98e8, 0x8c84, 0x9084, 0x8c63, 0x8422,
    0x8c64, 0x8863, 0x90a5, 0x8c84, 0x8842, 0x90a5, 0x8842, 0x8842, 0x8c64, 0x8421, 0x98e7, 0x8843, 0x8000, 0x8000, 0x8800, 0x8820,
    0x98e7, 0x9085, 0x9909, 0x98e7, 0x8c84, 0x8c64, 0x8842, 0x8842, 0x8842, 0x8000, 0x8000, 0x8400, 0x8000, 0x8000, 0x8000, 0x8400,
    0x8000, 0x9d08, 0x9084, 0x8c84, 0x9083, 0x8422, 0x8ca7, 0x8843, 0x98c6, 0x98e7, 0x9085, 0x998f, 0x914d, 0x8c64, 0x914d, 0x914d,
    0x8422, 0x914d, 0x914d, 0x8c64, 0x998f, 0x8d0b, 0x90a5, 0x98c6, 0x8422, 0x8865, 0x8421, 0x8863, 0x8c64, 0x9085, 0x94c6, 0x8000,
    0x8400, 0x8400, 0x8400, 0x8400, 0x8000, 0x8000, 0x8000, 0x8842, 0x8843, 0x8842, 0x8ca7, 0x8ca7, 0x90a5, 0x8842, 0x8863, 0x98c6,
    0x8842, 0x8843, 0x8841, 0x8843, 0x8865, 0x8863, 0x8422, 0x8422, 0x8422, 0x8000, 0x8400, 0x8400, 0x8000, 0x8000, 0x8000, 0x8400,
    0x8000, 0x98c6, 0x8842, 0x8843, 0x8863, 0x8842, 0x8000, 0x8000, 0x8820, 0x8421, 0x8820, 0x8400, 0x8400, 0x8000, 0x8820, 0x8820,
    0x8820, 0x8421, 0x8820, 0x8400, 0x8000, 0x8820, 0x8000, 0x8841, 0x8421, 0x8000, 0x8842, 0x8c63, 0x8422, 0x8842, 0x98c6, 0x8000,
    0x8000, 0x8000, 0x8000, 0x8000, 0x8000, 0x8000, 0x8000, 0x8842, 0x8842, 0x8843, 0x90a6, 0x98c6, 0x9083, 0x8863, 0x8842, 0x8863,
    0x8863, 0x8842, 0x8863, 0x9083, 0x98c6, 0x90a6, 0x8843, 0x8842, 0x8842, 0x8000, 0x8000, 0x8000, 0x8000, 0x8000, 0x8000, 0x8000,
    0x8000, 0x98c6, 0x8842, 0x8422, 0x8c63, 0x8842, 0x8000, 0x8421, 0x8841, 0x8000, 0x8820, 0x8000, 0x8400, 0x8820, 0x8421, 0x8820,
    0x8820, 0x8820, 0x8000, 0x8400, 0x8400, 0x8820, 0x8421, 0x8820, 0x8000, 0x8000, 0x8842, 0x8863, 0x8843, 0x8842, 0x98c6, 0x8000,
    0x8400, 0x8000, 0x8000, 0x8000, 0x8400, 0x8400, 0x8000, 0x8422, 0x8422, 0x8422, 0x8863, 0x8865, 0x8843, 0x8841, 0x8843, 0x8842,
    0x98c6, 0x8863, 0x8842, 0x90a5, 0x8ca7, 0x8ca7, 0x8842, 0x8843, 0x8842, 0x8000, 0x8000, 0x8000, 0x8400, 0x8400, 0x8400, 0x8400,
    0x8000, 0x94c6, 0x9085, 0x8c64, 0x8863, 0x8421, 0x8865, 0x8422, 0x98c6, 0x90a5, 0x8d0b, 0x998f, 0x8c64, 0x914d, 0x914d, 0x8422,
    0x914d, 0x914d, 0x8c64, 0x914d, 0x998f, 0x9085, 0x98e7, 0x98c6, 0x8843, 0x8ca7, 0x8422, 0x9083, 0x8c84, 0x9084, 0x9d08, 0x8000,
    0x8400, 0x8000, 0x8000, 0x8000, 0x8400, 0x8000, 0x8000, 0x8842, 0x8842, 0x8842, 0x8c64, 0x8c84, 0x98e7, 0x9909, 0x9085, 0x98e7,
    0x90a6, 0x90a6, 0x90a6, 0x98e8, 0x8c64, 0x8422, 0x8421, 0x8000, 0x8400, 0x8400, 0x8400, 0x8400, 0x8400, 0x8400, 0x8400, 0x8400,
    0x8000, 0x94c6, 0x8c84, 0x8c84, 0x9085, 0x8000, 0x9085, 0x8c64, 0x9085, 0x8c84, 0x8865, 0x8d0b, 0x8800, 0x8865, 0x8d0b, 0x8000,
    0x8865, 0x8ca7, 0x8000, 0x8865, 0x8ca7, 0x8800, 0x90a5, 0x9085, 0x8865, 0x8ca7, 0x8400, 0x9083, 0x8c84, 0x8c84, 0x94c6, 0x8000,
    0x8400, 0x8400, 0x8400, 0x8400, 0x8400, 0x8400, 0x8400, 0x8400, 0x8000, 0x8400, 0x8842, 0x90a5, 0x8865, 0x8865, 0x8ca7, 0x8865,
    0x8ca7, 0x90a6, 0x94c6, 0x8865, 0x8842, 0x8421, 0x8421, 0x8000, 0x8400, 0x8400, 0x8400, 0x8400, 0x8400, 0x8400, 0x8400, 0x8400,
    0x8000, 0x90a6, 0x8842, 0x8842, 0x9085, 0x8842, 0x8000, 0x8400, 0x8400, 0x8000, 0x8000, 0x8000, 0x8000, 0x8000, 0x8000, 0x8000,
    0x8000, 0x8000, 0x8000, 0x8000, 0x8000, 0x8000, 0x8400, 0x8000, 0x8400, 0x8000, 0x8c63, 0x90a5, 0x8422, 0x8842, 0x98c6, 0x8000,
    0x8400, 0x8400, 0x8400, 0x8400, 0x8400, 0x8400, 0x8400, 0x8000, 0x8000, 0x8400, 0x8842, 0x90a6, 0x9085, 0x8863, 0x8842, 0x90a5,
    0x90a5, 0x8842, 0x8863, 0x9085, 0x90a6, 0x8842, 0x8400, 0x8000, 0x8000, 0x8400, 0x8400, 0x8400, 0x8400, 0x8400, 0x8400, 0x8400,
    0x8000, 0x98c6, 0x8842, 0x8422, 0x90a5, 0x8c63, 0x8000, 0x8400, 0x8000, 0x8400, 0x8000, 0x8000, 0x8000, 0x8000, 0x8000, 0x8000,
    0x8000, 0x8000, 0x8000, 0x8000, 0x8000, 0x8000, 0x8000, 0x8400, 0x8400, 0x8000, 0x8842, 0x9085, 0x8842, 0x8842, 0x90a6, 0x8000,
    0x8400, 0x8400, 0x8400, 0x8400, 0x8400, 0x8400, 0x8400, 0x8400, 0x8000, 0x8421, 0x8421, 0x8842, 0x8865, 0x94c6, 0x90a6, 0x8ca7,
    0x8865, 0x8ca7, 0x8865, 0x8865, 0x90a5, 0x8842, 0x8400, 0x8000, 0x8400, 0x8400, 0x8400, 0x8400, 0x8400, 0x8400, 0x8400, 0x8400,
    0x8000, 0x94c6, 0x8c84, 0x8c84, 0x9083, 0x8400, 0x8ca7, 0x8865, 0x9085, 0x90a5, 0x8800, 0x8ca7, 0x8865, 0x8000, 0x8ca7, 0x8865,
    0x8000, 0x8d0b, 0x8865, 0x8800, 0x8d0b, 0x8865, 0x8c84, 0x9085, 0x8c64, 0x9085, 0x8000, 0x9085, 0x8c84, 0x8c84, 0x94c6, 0x8000,
    0x8400, 0x8400, 0x8400, 0x8400, 0x8400, 0x8400, 0x8400, 0x8400, 0x8000, 0x8421, 0x8422, 0x8c64, 0x98e8, 0x90a6, 0x90a6, 0x90a6,
    0x8000, 0x8000, 0x8000, 0x8000, 0x8000, 0x8400, 0x8400, 0x8400, 0x8400, 0x8400, 0x8400, 0x8400, 0x8400, 0x8400, 0x8400, 0x8400,
    0x8000, 0x94c6, 0x9084, 0x9083, 0x8843, 0x8000, 0x90a5, 0x8422, 0x9085, 0x9085, 0x8842, 0x8841, 0x8c64, 0x90a5, 0x9083, 0x9d08,
    0x98e7, 0x98e7, 0xa129, 0x90a5, 0x8c62, 0x8c62, 0x90a6, 0x8c64, 0x8000, 0x8c63, 0x8000, 0x8842, 0x9083, 0x9084, 0x8c64, 0x8000,
    0x8400, 0x8400, 0x8400, 0x8400, 0x8400, 0x8400, 0x8400, 0x8400, 0x8400, 0x8400, 0x8000, 0x8000, 0x8000, 0x8000, 0x8000, 0x8800,
    0x8000, 0x8000, 0x8000, 0x8000, 0x8400, 0x8400, 0x8400, 0x8400, 0x8400, 0x8400, 0x8400, 0x8400, 0x8400, 0x8400, 0x8400, 0x8400,
    0x8400, 0x8421, 0x8400, 0x8000, 0x8421, 0x8421, 0x8400, 0x8400, 0x8400, 0x8400, 0x8400, 0x8400, 0x8400, 0x8400, 0x8400, 0x8400,
    0x8400, 0x8400, 0x8400, 0x8400, 0x8400, 0x8400, 0x8400, 0x8400, 0x8400, 0x8400, 0x8421, 0x8421, 0x8000, 0x8000, 0x8421, 0x8400,
    0x8400, 0x8400, 0x8400, 0x8400, 0x8400, 0x8400, 0x8400, 0x8400, 0x8400, 0x8400, 0x8000, 0x8000, 0x8800, 0x8000, 0x8000, 0x8400,
    0x8400, 0x8000, 0x8000, 0x8800, 0x8000, 0x8000, 0x8400, 0x8400, 0x8400, 0x8400, 0x8400, 0x8400, 0x8400, 0x8400, 0x8400, 0x8400,
    0x8400, 0x8421, 0x8000, 0x8000, 0x8421, 0x8421, 0x8400, 0x8400, 0x8400, 0x8400, 0x8400, 0x8400, 0x8400, 0x8400, 0x8400, 0x8400,
    0x8400, 0x8400, 0x8400, 0x8400, 0x8400, 0x8400, 0x8400, 0x8400, 0x8400, 0x8400, 0x8421, 0x8421, 0x8000, 0x8400, 0x8421, 0x8400,
    0x8400, 0x8400, 0x8400, 0x8400, 0x8400, 0x8400, 0x8400, 0x8400, 0x8400, 0x8400, 0x8400, 0x8400, 0x8000, 0x8000, 0x8000, 0x8000,
    0x8800, 0x8000, 0x8000, 0x8000, 0x8000, 0x8000, 0x8400, 0x8400, 0x8400, 0x8400, 0x8400, 0x8400, 0x8400, 0x8400, 0x8400, 0x8400,
    0x8000, 0x8c64, 0x9084, 0x9083, 0x8842, 0x8000, 0x8c63, 0x8000, 0x8c64, 0x90a6, 0x8c62, 0x8c62, 0x90a5, 0xa129, 0x98e7, 0x98e7,
    0x9d08, 0x9083, 0x90a5, 0x8c64, 0x8841, 0x8842, 0x9085, 0x9085, 0x8422, 0x90a5, 0x8000, 0x8843, 0x9083, 0x9084, 0x94c6, 0x8000,
    0x8400, 0x8400, 0x8400, 0x8400, 0x8400, 0x8400, 0x8400, 0x8400, 0x8400, 0x8400, 0x8400, 0x8000, 0x8000, 0x8000, 0x8000, 0x8000,
};

const uint16_t c_turret_frames[WALL_TURRET_ANGLE_COUNT][TURRET_SPRITE_W * TURRET_SPRITE_H] __attribute__((aligned(4))) = {
  // Angle 0
  {
    0x0000, 0x0000, 0x0000, 0x0000, 0x0000, 0x0000, 0x0000, 0x0000, 0x0000, 0x0000, 0x0000, 0x0000, 0x0000, 0x0000, 0x0000, 0x0000,
    0x0000, 0x0000, 0x0000, 0x0000, 0x0000, 0x0000, 0x0000, 0x0000, 0x0000, 0x0000, 0x0000, 0x0000, 0x0000, 0x0000, 0x0000, 0x0000,
    0x0000, 0x0000, 0x0000, 0x0000, 0x0000, 0x0000, 0x0000, 0x0000, 0x0000, 0x0000, 0x0000, 0x0000, 0x0000, 0x0000, 0x0000, 0x0000,
    0x0000, 0x0000, 0x0000, 0x0000, 0x0000, 0x0000, 0x0000, 0x0000, 0x0000, 0x0000, 0x0000, 0x0000, 0x0000, 0x0000, 0x0000, 0x0000,
    0x0000, 0x0000, 0x0000, 0x0000, 0x0000, 0x0000, 0x0000, 0x0000, 0x0000, 0x0000, 0x0000, 0x0000, 0x0000, 0x0000, 0x0000, 0x0000,
    0x0000, 0x0000, 0x0000, 0x0000, 0x0000, 0x0000, 0x0000, 0x0000, 0x0000, 0x0000, 0x0000, 0x0000, 0x0000, 0x0000, 0x0000, 0x0000,
    0x0000, 0x0000, 0x0000, 0x0000, 0x0000, 0x0000, 0x0000, 0x0000, 0x0000, 0x0000, 0x0000, 0x0000, 0x0000, 0x0000, 0x0000, 0x0000,
    0x0000, 0x0000, 0x0000, 0x0000, 0x0000, 0x0000, 0x0000, 0x0000, 0x0000, 0x0000, 0x0000, 0x0000, 0x0000, 0x0000, 0x0000, 0x0000,
    0x0000, 0x0000, 0x0000, 0x0000, 0x0000, 0x0000, 0x0000, 0x0000, 0x0000, 0x0000, 0x0000, 0x0000, 0x0000, 0x0000, 0x0000, 0x0000,
    0x0000, 0x0000, 0x0000, 0x0000, 0x0000, 0x0000, 0x0000, 0x0000, 0x0000, 0x0000, 0x0000, 0x0000, 0x0000, 0x0000, 0x0000, 0x0000,
    0x0000, 0x0000, 0x0000, 0x0000, 0x0000, 0x0000, 0x0000, 0x0000, 0x0000, 0x0000, 0x0000, 0x0000, 0x0000, 0x0000, 0x0000, 0x0000,
    0x0000, 0x0000, 0x0000, 0x0000, 0x0000, 0x0000, 0x0000, 0x0000, 0x0000, 0x0000, 0x0000, 0x0000, 0x0000, 0x0000, 0x0000, 0x0000,
    0x0000, 0x0000, 0x0000, 0x0000, 0x0000, 0x0000, 0x0000, 0x0000, 0x0000, 0x0000, 0x0000, 0x0000, 0x0000, 0x0000, 0x0000, 0x0000,
    0x0000, 0x0000, 0x0000, 0x0000, 0x0000, 0x0000, 0x0000, 0x0000, 0x0000, 0x0000, 0x0000, 0x0000, 0x0000, 0x0000, 0x0000, 0x0000,
    0x0000, 0x0000, 0x0000, 0x0000, 0x0000, 0x0000, 0x0000, 0x0000, 0x0000, 0x0000, 0x0000, 0x0000, 0x0000, 0x0000, 0x0000, 0x0000,
    0x0000, 0x0000, 0x0000, 0x0000, 0x0000, 0x0000, 0x0000, 0x0000, 0x0000, 0x0000, 0x0000, 0x0000, 0x0000, 0x0000, 0x0000, 0x0000,
    0x0000, 0x0000, 0x0000, 0x0000, 0x0000, 0x0000, 0x0000, 0x0000, 0x0000, 0x0000, 0x0000, 0x0000, 0x0000, 0xB9CF, 0x0000, 0x0000,
    0x0000, 0x0000, 0x0000, 0x0000, 0x0000, 0x0000, 0x0000, 0x0000, 0x0000, 0x0000, 0x0000, 0x0000, 0x0000, 0x0000, 0x0000, 0x0000,
    0x0000, 0x0000, 0x0000, 0x0000, 0x0000, 0x0000, 0x0000, 0x0000, 0x0000, 0x0000, 0x0000, 0x0000, 0x0000, 0x0000, 0x0000, 0x0000,
    0x0000, 0x0000, 0x0000, 0x0000, 0x0000, 0x0000, 0x0000, 0x0000, 0x98E7, 0xAD8D, 0xC231, 0xA96B, 0x0000, 0x0000, 0x0000, 0x0000,
    0x0000, 0x0000, 0x0000, 0x0000, 0x0000, 0x0000, 0x0000, 0x0000, 0x0000, 0x0000, 0x0000, 0x0000, 0x0000, 0x0000, 0x0000, 0x0000,
    0x0000, 0x0000, 0x0000, 0x0000, 0x0000, 0x0000, 0x0000, 0x0000, 0x0000, 0x0000, 0x0000, 0x0000, 0x0000, 0x0000, 0x0000, 0x0000,
    0xA108, 0xC231, 0xA109, 0x0000, 0x8842, 0x94A5, 0xA54A, 0xB1CE, 0xA529, 0x0000, 0x0000, 0x0000, 0x0000, 0x0000, 0x0000, 0x0000,
    0x0000, 0x0000, 0x0000, 0x0000, 0x0000, 0x0000, 0x0000, 0x0000, 0x0000, 0x0000, 0x0000, 0x0000, 0x0000, 0x0000, 0x0000, 0x0000,
    0x0000, 0x0000, 0x0000, 0x0000, 0x0000, 0x0000, 0x0000, 0x0000, 0x0000, 0x0000, 0x0000, 0x0000, 0x98C6, 0xA12A, 0xBE10, 0xBE10,
    0x0000, 0x0000, 0x9084, 0x94C6, 0xA56B, 0xB5CF, 0xA96B, 0x0000, 0x0000, 0x0000, 0x0000, 0x0000, 0x0000, 0x0000, 0x0000, 0x0000,
    0x0000, 0x0000, 0x0000, 0x0000, 0x0000, 0x0000, 0x0000, 0x0000, 0x0000, 0x0000, 0x0000, 0x0000, 0x0000, 0x0000, 0x0000, 0x0000,
    0x0000, 0x0000, 0x0000, 0x0000, 0x0000, 0x0000, 0x0000, 0x0000, 0x0000, 0x9084, 0xA108, 0xAD8D, 0xAD8C, 0xA129, 0x0000, 0x0000,
    0x8C84, 0x9D08, 0xADAD, 0xB9F0, 0x9CE7, 0x0000, 0x0000, 0x0000, 0x0000, 0x0000, 0x0000, 0x0000, 0x0000, 0x0000, 0x0000, 0x0000,
    0x0000, 0x0000, 0x0000, 0x0000, 0x0000, 0x0000, 0x0000, 0x0000, 0x0000, 0x0000, 0x0000, 0x0000, 0x0000, 0x0000, 0x0000, 0x0000,
    0x0000, 0x0000, 0x0000, 0x0000, 0x0000, 0x0000, 0x8C63, 0x94A5, 0x9D08, 0xB1AD, 0xB5CE, 0x0000, 0x0000, 0x0000, 0x94A5, 0xA12A,
    0xB9F0, 0xB1AD, 0x0000, 0x0000, 0x0000, 0x0000, 0x0000, 0x0000, 0x0000, 0x0000, 0x0000, 0x0000, 0x0000, 0x0000, 0x0000, 0x0000,
    0x0000, 0x0000, 0x0000, 0x0000, 0x0000, 0x0000, 0x0000, 0x0000, 0x0000, 0x0000, 0x0000, 0x0000, 0x0000, 0x0000, 0x0000, 0x0000,
    0x0000, 0x0000, 0x0000, 0x0000, 0x8842, 0x94A5, 0xA129, 0xB9EF, 0xB1AD, 0x9084, 0x8C63, 0x9084, 0x94A5, 0xAD8C, 0xADD0, 0x9D2A,
    0x8C63, 0x0000, 0x0000, 0x0000, 0x98E8, 0x9D2B, 0x9D10, 0x9912, 0x94CE, 0x0000, 0x0000, 0x0000, 0x0000, 0x0000, 0x0000, 0x0000,
    0x0000, 0x0000, 0x0000, 0x0000, 0x0000, 0x0000, 0x0000, 0x0000, 0x0000, 0x0000, 0x0000, 0x0000, 0x0000, 0x0000, 0x0000, 0x0000,
    0x0000, 0x0000, 0x9084, 0x94C6, 0xB1AD, 0xB9EF, 0xA56B, 0x94C6, 0x8C63, 0x90A5, 0x9909, 0x9D08, 0xA54A, 0x9D08, 0x98E8, 0xA14B,
    0xA14B, 0xA16D, 0x94CD, 0x94CE, 0x94CF, 0x98F1, 0x90AC, 0x0000, 0x0000, 0x0000, 0x0000, 0x0000, 0x0000, 0x0000, 0x0000, 0x0000,
    0x0000, 0x0000, 0x0000, 0x0000, 0x0000, 0x0000, 0x0000, 0x0000, 0x0000, 0x0000, 0x0000, 0x0000, 0x0000, 0x0000, 0xA129, 0x94C6,
    0x8C63, 0x9CE8, 0xADAF, 0xA14A, 0x98C6, 0x94A5, 0x94A5, 0x94C6, 0xA54B, 0xA98D, 0xA58E, 0xA14D, 0x990D, 0x98EF, 0x94EF, 0x94CF,
    0x94CF, 0x90AE, 0x98F1, 0x98F2, 0x8867, 0x0000, 0x0000, 0x0000, 0x0000, 0x0000, 0x0000, 0x0000, 0x0000, 0x0000, 0x0000, 0x0000,
    0x0000, 0x0000, 0x0000, 0x0000, 0x0000, 0x0000, 0x0000, 0x0000, 0x0000, 0x0000, 0x0000, 0x9D09, 0x98E8, 0x8C84, 0x90A5, 0x98E7,
    0xA12A, 0xA129, 0x9D0B, 0xA58D, 0xA58D, 0x9D4F, 0x9911, 0x94CD, 0x98F2, 0x9934, 0x9912, 0x9914, 0x9915, 0x9912, 0x94AC, 0x94D0,
    0x9913, 0x90AB, 0x0000, 0x0000, 0x0000, 0x0000, 0x0000, 0x0000, 0x0000, 0x0000, 0x0000, 0x0000, 0x0000, 0x0000, 0x0000, 0x0000,
    0x0000, 0x0000, 0x0000, 0x0000, 0x0000, 0x0000, 0x0000, 0x0000, 0x94A6, 0xA129, 0x90A5, 0x8842, 0x90A6, 0xA12B, 0x9912, 0x98F1,
    0x9910, 0x9914, 0x94D1, 0x90AA, 0x9910, 0x9D55, 0x9D56, 0x9D35, 0x9D12, 0x98EF, 0x94CC, 0x94AB, 0x94D1, 0x9915, 0x9D34, 0x94A9,
    0x0000, 0x0000, 0x0000, 0x0000, 0x0000, 0x0000, 0x0000, 0x0000, 0x0000, 0x0000, 0x0000, 0x0000, 0x0000, 0x0000, 0x0000, 0x0000,
    0x0000, 0x0000, 0x0000, 0x0000, 0x0000, 0x0000, 0x9CE8, 0x9CE8, 0x8C84, 0x94CA, 0x9D34, 0x9D35, 0x9914, 0x9914, 0x94D1, 0x908A,
    0x94AB, 0x98EF, 0xA133, 0xA132, 0x98ED, 0x98EC, 0x90A8, 0x94AB, 0x9D14, 0x9911, 0x94CC, 0x94E9, 0x9909, 0x94E8, 0x0000, 0x0000,
    0x0000, 0x0000, 0x0000, 0x0000, 0x0000, 0x0000, 0x0000, 0x0000, 0x0000, 0x0000, 0x0000, 0x0000, 0x0000, 0x0000, 0x0000, 0x0000,
    0x0000, 0x0000, 0x0000, 0x94A5, 0x94C6, 0x94A9, 0x94CC, 0x9D11, 0x9D35, 0x9913, 0x9913, 0x98F0, 0x94AC, 0x94CC, 0x98CC, 0x94CC,
    0x90A9, 0x94CA, 0x98ED, 0x98EE, 0x94AB, 0x8C86, 0x94E8, 0xA18D, 0x9D6D, 0x9D4C, 0x9D2D, 0x8C66, 0x0000, 0x0000, 0x0000, 0x0000,
    0x0000, 0x0000, 0x0000, 0x0000, 0x0000, 0x0000, 0x0000, 0x0000, 0x0000, 0x0000, 0x0000, 0x0000, 0x0000, 0x0000, 0x0000, 0x0000,
    0x8844, 0x94AB, 0x94AA, 0x94AA, 0x94AB, 0x9D32, 0x9D10, 0x990F, 0x9D35, 0x9912, 0x94CF, 0x94EF, 0x98F0, 0x94CE, 0x94CC, 0x94AB,
    0x94AD, 0x98F0, 0x990E, 0x990A, 0xB233, 0xBA96, 0xA5B0, 0x94AB, 0x0000, 0x0000, 0x0000, 0x0000, 0x0000, 0x0000, 0x0000, 0x0000,
    0x0000, 0x0000, 0x0000, 0x0000, 0x0000, 0x0000, 0x0000, 0x0000, 0x0000, 0x0000, 0x0000, 0x0000, 0x8C66, 0x94AA, 0x94AA, 0x94AA,
    0x9089, 0x98CD, 0x94CC, 0x94AB, 0x94CE, 0x9912, 0xA155, 0x98F0, 0x94CB, 0x94E8, 0x94A9, 0x98F1, 0x9D35, 0x9D34, 0x9D32, 0x94CA,
    0xA16B, 0xADF2, 0x9D4B, 0x94A9, 0x8C67, 0x0000, 0x0000, 0x0000, 0x0000, 0x0000, 0x0000, 0x0000, 0x0000, 0x0000, 0x0000, 0x0000,
    0x0000, 0x0000, 0x0000, 0x0000, 0x0000, 0x0000, 0x0000, 0x0000, 0x9087, 0x8C87, 0x94CA, 0x98CD, 0x94AB, 0x94AB, 0x94AA, 0x94AB,
    0x98CC, 0x94CB, 0x98ED, 0x9D2B, 0xA9CF, 0xA18E, 0x9D6C, 0x990C, 0x9D30, 0x9D31, 0x990E, 0x94A8, 0x90A6, 0x992B, 0x94E9, 0x90A9,
    0x8C87, 0x0000, 0x0000, 0x0000, 0x0000, 0x0000, 0x0000, 0x0000, 0x0000, 0x0000, 0x0000, 0x0000, 0x0000, 0x0000, 0x0000, 0x0000,
    0x0000, 0x0000, 0x0000, 0x0000, 0x9D0D, 0x9D0A, 0x90C7, 0x90C8, 0x94CA, 0x98ED, 0x98CD, 0x9089, 0x908A, 0x94CB, 0x94CB, 0x90C8,
    0xA9D0, 0xB233, 0xB234, 0xBA75, 0x9D4D, 0x90A8, 0x90A5, 0x9084, 0x90C6, 0x992B, 0x990A, 0x90A9, 0x8C66, 0x0000, 0x0000, 0x0000,
    0x0000, 0x0000, 0x0000, 0x0000, 0x0000, 0x0000, 0x0000, 0x0000, 0x0000, 0x0000, 0x0000, 0x0000, 0x0000, 0x0000, 0x0000, 0xA992,
    0xB1F2, 0x9D6C, 0xA18D, 0x9D4C, 0x9908, 0x94E9, 0x94CC, 0x90A8, 0x9089, 0x94AB, 0x94AB, 0x8CA6, 0x90E9, 0x9D4C, 0xBEB7, 0xA9F1,
    0x9D2B, 0x9084, 0x90A4, 0x8C83, 0x90A6, 0x992A, 0x9909, 0x9087, 0x8844, 0x0000, 0x0000, 0x0000, 0x0000, 0x0000, 0x0000, 0x0000,
    0x0000, 0x0000, 0x0000, 0x0000, 0x0000, 0x0000, 0x0000, 0x0000, 0x0000, 0x0000, 0x90A9, 0xB1F3, 0xA5AE, 0xB275, 0xA9D0, 0xA58E,
    0x9D4E, 0x98ED, 0x9088, 0x9087, 0x94CB, 0x94CB, 0x9089, 0x90C8, 0x952B, 0x910A, 0x9D4D, 0x990A, 0x94E8, 0x90A5, 0x9086, 0x8C64,
    0x90A6, 0x90C7, 0x8C85, 0x9088, 0x0000, 0x0000, 0x0000, 0x0000, 0x0000, 0x0000, 0x0000, 0x0000, 0x0000, 0x0000, 0x0000, 0x0000,
    0x0000, 0x0000, 0x0000, 0x0000, 0x0000, 0x0000, 0x9D0D, 0xA58E, 0xA1AE, 0xA9F1, 0xB212, 0xA572, 0xA132, 0x94CD, 0x94A9, 0x9067,
    0x9089, 0x94AC, 0x94CB, 0x90A7, 0x952A, 0x952A, 0x992B, 0x9509, 0x94E8, 0x9086, 0x9086, 0x9084, 0x9085, 0x8C65, 0x9488, 0x8844,
    0x0000, 0x0000, 0x0000, 0x0000, 0x0000, 0x0000, 0x0000, 0x0000, 0x0000, 0x0000, 0x0000, 0x0000, 0x0000, 0x0000, 0x0000, 0x0000,
    0x0000, 0x0000, 0x990B, 0x992B, 0x996C, 0xA5AE, 0xADB1, 0xA975, 0x94CC, 0x9089, 0x94A9, 0x9087, 0x9088, 0x94AB, 0x94CB, 0x90C7,
    0x9109, 0x90E8, 0x9909, 0x9D4C, 0x9509, 0x8C64, 0x9084, 0x8C63, 0x8843, 0x9066, 0x0000, 0x0000, 0x0000, 0x0000, 0x0000, 0x0000,
    0x0000, 0x0000, 0x0000, 0x0000, 0x0000, 0x0000, 0x0000, 0x0000, 0x0000, 0x0000, 0x0000, 0x0000, 0x0000, 0x0000, 0x94C8, 0x94E8,
    0x994B, 0xA16B, 0xA14F, 0xA131, 0x908A, 0x94AB, 0x9088, 0x8C67, 0x9088, 0x94AA, 0x98CB, 0x8C86, 0x8CA6, 0x9509, 0x990A, 0x94C7,
    0x8C85, 0x8C64, 0x9084, 0x9084, 0x0000, 0x0000, 0x0000, 0x0000, 0x0000, 0x0000, 0x0000, 0x0000, 0x0000, 0x0000, 0x0000, 0x0000,
    0x0000, 0x0000, 0x0000, 0x0000, 0x0000, 0x0000, 0x0000, 0x0000, 0x0000, 0x0000, 0x90A5, 0x94E8, 0x90E8, 0x94E8, 0x98EC, 0x98CC,
    0x94CC, 0x98ED, 0x9087, 0x8C66, 0x9088, 0x8C86, 0x90A8, 0x9084, 0x9084, 0x94C7, 0x8C85, 0x8C86, 0x90A7, 0x8C64, 0x8C83, 0x9084,
    0x0000, 0x0000, 0x0000, 0x0000, 0x0000, 0x0000, 0x0000, 0x0000, 0x0000, 0x0000, 0x0000, 0x0000, 0x0000, 0x0000, 0x0000, 0x0000,
    0x0000, 0x0000, 0x0000, 0x0000, 0x0000, 0x0000, 0x0000, 0x94C7, 0x90A6, 0x90C6, 0x94CA, 0x94AB, 0x94AA, 0x94A9, 0x8C66, 0x8C66,
    0x9088, 0x8C64, 0x8C84, 0x94C5, 0x8C63, 0x9084, 0x9084, 0x90A6, 0x8C63, 0x8842, 0x9084, 0x8842, 0x0000, 0x0000, 0x0000, 0x0000,
    0x0000, 0x0000, 0x0000, 0x0000, 0x0000, 0x0000, 0x0000, 0x0000, 0x0000, 0x0000, 0x0000, 0x0000, 0x0000, 0x0000, 0x0000, 0x0000,
    0x0000, 0x0000, 0x0000, 0x0000, 0x8863, 0x90A5, 0x94AA, 0x94AB, 0x9088, 0x9088, 0x9087, 0x8C66, 0x94A9, 0x9064, 0x9084, 0x8C63,
    0x8C63, 0x9084, 0x9064, 0x8C63, 0x9084, 0x9084, 0x0000, 0x0000, 0x0000, 0x0000, 0x0000, 0x0000, 0x0000, 0x0000, 0x0000, 0x0000,
    0x0000, 0x0000, 0x0000, 0x0000, 0x0000, 0x0000, 0x0000, 0x0000, 0x0000, 0x0000, 0x0000, 0x0000, 0x0000, 0x0000, 0x0000, 0x0000,
    0x8C84, 0x90A5, 0x8C86, 0x9089, 0x9089, 0x9088, 0x8C65, 0x9085, 0x94A7, 0x9084, 0x9084, 0x9084, 0x9084, 0x8C63, 0x8C63, 0x8C84,
    0x94A6, 0x90A5, 0x94C6, 0x0000, 0x0000, 0x0000, 0x0000, 0x0000, 0x0000, 0x0000, 0x0000, 0x0000, 0x0000, 0x0000, 0x0000, 0x0000,
    0x0000, 0x0000, 0x0000, 0x0000, 0x0000, 0x0000, 0x0000, 0x0000, 0x0000, 0x0000, 0x0000, 0x94C6, 0x9D08, 0x8C64, 0x8843, 0x90A6,
    0x90A8, 0x9086, 0x90A4, 0x8C84, 0x8C84, 0x8C63, 0x9064, 0x9084, 0x90A5, 0x94C6, 0x94C6, 0x98E7, 0x9085, 0x8863, 0x9D09, 0x98E7,
    0x0000, 0x0000, 0x0000, 0x0000, 0x0000, 0x0000, 0x0000, 0x0000, 0x0000, 0x0000, 0x0000, 0x0000, 0x0000, 0x0000, 0x0000, 0x0000,
    0x0000, 0x0000, 0x0000, 0x0000, 0x0000, 0x0000, 0x0000, 0x94A6, 0x9D08, 0x8C64, 0x8C63, 0x9D29, 0x9D2A, 0x9D08, 0x94C6, 0x94C6,
    0x94C6, 0x94C6, 0x94C6, 0x9907, 0x90A5, 0xA108, 0xA54B, 0xA54B, 0x90A5, 0x8422, 0x98E7, 0x9D08, 0x9084, 0x0000, 0x0000, 0x0000,
    0x0000, 0x0000, 0x0000, 0x0000, 0x0000, 0x0000, 0x0000, 0x0000, 0x0000, 0x0000, 0x0000, 0x0000, 0x0000, 0x0000, 0x0000, 0x0000,
    0x0000, 0x0000, 0x0000, 0x8C83, 0xA129, 0x9D08, 0x8C63, 0x98E7, 0x98E8, 0xA109, 0x8C64, 0x8C63, 0x94C6, 0x98E7, 0x94C5, 0x94C6,
    0x8C84, 0x98E7, 0xA12A, 0x9D08, 0x90A5, 0x8C63, 0xA129, 0x94C6, 0x0000, 0x0000, 0x0000, 0x0000, 0x0000, 0x0000, 0x0000, 0x0000,
    0x0000, 0x0000, 0x0000, 0x0000, 0x0000, 0x0000, 0x0000, 0x0000, 0x0000, 0x0000, 0x0000, 0x0000, 0x0000, 0x0000, 0x0000, 0x9084,
    0x98E7, 0xA96B, 0x98E7, 0x8C84, 0x90A5, 0x94C6, 0x8C63, 0x9084, 0x8C84, 0x9085, 0x9085, 0x9085, 0x8C64, 0x9085, 0x98E7, 0x90A5,
    0x90A5, 0xA129, 0xA129, 0x94A5, 0x0000, 0x0000, 0x0000, 0x0000, 0x0000, 0x0000, 0x0000, 0x0000, 0x0000, 0x0000, 0x0000, 0x0000,
    0x0000, 0x0000, 0x0000, 0x0000, 0x0000, 0x0000, 0x0000, 0x0000, 0x0000, 0x0000, 0x0000, 0x0000, 0x94C6, 0x94A5, 0xA56A, 0xA129,
    0x98C7, 0x8CA5, 0x9084, 0x9084, 0x8C63, 0x8864, 0x8864, 0x8863, 0x8C63, 0x8C84, 0x90A5, 0x98E7, 0xA56B, 0xA149, 0x90A5, 0x94C6,
    0x0000, 0x0000, 0x0000, 0x0000, 0x0000, 0x0000, 0x0000, 0x0000, 0x0000, 0x0000, 0x0000, 0x0000, 0x0000, 0x0000, 0x0000, 0x0000,
    0x0000, 0x0000, 0x0000, 0x0000, 0x0000, 0x0000, 0x0000, 0x0000, 0x98EB, 0x908A, 0x8C85, 0x9D08, 0xA96B, 0xA96B, 0xA54B, 0x9D09,
    0x98E7, 0x98E7, 0x98E7, 0x9D08, 0xA129, 0xA54B, 0xA96B, 0xA56A, 0x98E7, 0x8C86, 0x94EB, 0x8C85, 0x0000, 0x0000, 0x0000, 0x0000,
    0x0000, 0x0000, 0x0000, 0x0000, 0x0000, 0x0000, 0x0000, 0x0000, 0x0000, 0x0000, 0x0000, 0x0000, 0x0000, 0x0000, 0x0000, 0x0000,
    0x0000, 0x0000, 0x0000, 0x0000, 0xA14D, 0x9D30, 0x98EF, 0x98EA, 0x94C6, 0x98E7, 0x98E8, 0xA12A, 0xA54B, 0xA54B, 0xA54B, 0xA54B,
    0xA129, 0x98E8, 0x94C7, 0x94C7, 0x94CB, 0x9D10, 0xA550, 0x94C7, 0x0000, 0x0000, 0x0000, 0x0000, 0x0000, 0x0000, 0x0000, 0x0000,
    0x0000, 0x0000, 0x0000, 0x0000, 0x0000, 0x0000, 0x0000, 0x0000, 0x0000, 0x0000, 0x0000, 0x0000, 0x0000, 0x0000, 0x0000, 0x0000,
    0x8C83, 0x9D29, 0xA96F, 0x9D09, 0x90A5, 0x9D08, 0x9D09, 0x9D09, 0xA129, 0xA129, 0xA129, 0x9D09, 0x9D09, 0x9D09, 0x98E7, 0x94C7,
    0xA54E, 0xA54D, 0x98E7, 0x0000, 0x0000, 0x0000, 0x0000, 0x0000, 0x0000, 0x0000, 0x0000, 0x0000, 0x0000, 0x0000, 0x0000, 0x0000,
    0x0000, 0x0000, 0x0000, 0x0000, 0x0000, 0x0000, 0x0000, 0x0000, 0x0000, 0x0000, 0x0000, 0x0000, 0x0000, 0x0000, 0x94A5, 0x0000,
    0x0000, 0x0000, 0x90C6, 0x9D09, 0xA129, 0xA129, 0xA129, 0x9D09, 0x98E8, 0x0000, 0x0000, 0x0000, 0x94C5, 0x0000, 0x0000, 0x0000,
    0x0000, 0x0000, 0x0000, 0x0000, 0x0000, 0x0000, 0x0000, 0x0000, 0x0000, 0x0000, 0x0000, 0x0000, 0x0000, 0x0000, 0x0000, 0x0000,
    0x0000, 0x0000, 0x0000, 0x0000, 0x0000, 0x0000, 0x0000, 0x0000, 0x0000, 0x0000, 0x0000, 0x0000, 0x0000, 0x0000, 0x0000, 0x0000,
    0x0000, 0x0000, 0x0000, 0x0000, 0x0000, 0x0000, 0x0000, 0x0000, 0x0000, 0x0000, 0x0000, 0x0000, 0x0000, 0x0000, 0x0000, 0x0000,
    0x0000, 0x0000, 0x0000, 0x0000, 0x0000, 0x0000, 0x0000, 0x0000, 0x0000, 0x0000, 0x0000, 0x0000, 0x0000, 0x0000, 0x0000, 0x0000,
    0x0000, 0x0000, 0x0000, 0x0000, 0x0000, 0x0000, 0x0000, 0x0000, 0x0000, 0x0000, 0x0000, 0x0000, 0x0000, 0x0000, 0x0000, 0x0000,
    0x0000, 0x0000, 0x0000, 0x0000, 0x0000, 0x0000, 0x0000, 0x0000, 0x0000, 0x0000, 0x0000, 0x0000, 0x0000, 0x0000, 0x0000, 0x0000,
    0x0000, 0x0000, 0x0000, 0x0000, 0x0000, 0x0000, 0x0000, 0x0000, 0x0000, 0x0000, 0x0000, 0x0000, 0x0000, 0x0000, 0x0000, 0x0000,
    0x0000, 0x0000, 0x0000, 0x0000, 0x0000, 0x0000, 0x0000, 0x0000, 0x0000, 0x0000, 0x0000, 0x0000, 0x0000, 0x0000, 0x0000, 0x0000,
    0x0000, 0x0000, 0x0000, 0x0000, 0x0000, 0x0000, 0x0000, 0x0000, 0x0000, 0x0000, 0x0000, 0x0000, 0x0000, 0x0000, 0x0000, 0x0000,
  },
  // Angle 1
  {
    0x0000, 0x0000, 0x0000, 0x0000, 0x0000, 0x0000, 0x0000, 0x0000, 0x0000, 0x0000, 0x0000, 0x0000, 0x0000, 0x0000, 0x0000, 0x0000,
    0x0000, 0x0000, 0x0000, 0x0000, 0x0000, 0x0000, 0x0000, 0x0000, 0x0000, 0x0000, 0x0000, 0x0000, 0x0000, 0x0000, 0x0000, 0x0000,
    0x0000, 0x0000, 0x0000, 0x0000, 0x0000, 0x0000, 0x0000, 0x0000, 0x0000, 0x0000, 0x0000, 0x0000, 0x0000, 0x0000, 0x0000, 0x0000,
    0x0000, 0x0000, 0x0000, 0x0000, 0x0000, 0x0000, 0x0000, 0x0000, 0x0000, 0x0000, 0x0000, 0x0000, 0x0000, 0x0000, 0x0000, 0x0000,
    0x0000, 0x0000, 0x0000, 0x0000, 0x0000, 0x0000, 0x0000, 0x0000, 0x0000, 0x0000, 0x0000, 0x0000, 0x0000, 0x0000, 0x0000, 0x0000,
    0x0000, 0x0000, 0x0000, 0x0000, 0x0000, 0x0000, 0x0000, 0x0000, 0x0000, 0x0000, 0x0000, 0x0000, 0x0000, 0x0000, 0x0000, 0x0000,
    0x0000, 0x0000, 0x0000, 0x0000, 0x0000, 0x0000, 0x0000, 0x0000, 0x0000, 0x0000, 0x0000, 0x0000, 0x0000, 0x0000, 0x0000, 0x0000,
    0x0000, 0x0000, 0x0000, 0x0000, 0x0000, 0x0000, 0x0000, 0x0000, 0x0000, 0x0000, 0x0000, 0x0000, 0x0000, 0x0000, 0x0000, 0x0000,
    0x0000, 0x0000, 0x0000, 0x0000, 0x0000, 0x0000, 0x0000, 0x0000, 0x0000, 0x0000, 0x0000, 0x0000, 0x0000, 0xB5CE, 0x94C6, 0x0000,
    0x0000, 0x0000, 0x0000, 0x0000, 0x0000, 0x0000, 0x0000, 0x0000, 0x0000, 0x0000, 0x0000, 0x0000, 0x0000, 0x0000, 0x0000, 0x0000,
    0x0000, 0x0000, 0x0000, 0x0000, 0x0000, 0x0000, 0x0000, 0x0000, 0x0000, 0x0000, 0x0000, 0x0000, 0x0000, 0x0000, 0x0000, 0x0000,
    0x0000, 0x0000, 0x0000, 0x0000, 0x0000, 0xB1AD, 0x0000, 0x0000, 0x90A5, 0xAD8D, 0xBE11, 0x98C6, 0x0000, 0x0000, 0x0000, 0x0000,
    0x0000, 0x0000, 0x0000, 0x0000, 0x0000, 0x0000, 0x0000, 0x0000, 0x0000, 0x0000, 0x0000, 0x0000, 0x0000, 0x0000, 0x0000, 0x0000,
    0x0000, 0x0000, 0x0000, 0x0000, 0x0000, 0x0000, 0x0000, 0x0000, 0x0000, 0x0000, 0x0000, 0x0000, 0x0000, 0x0000, 0x0000, 0x0000,
    0x98C6, 0xB5CE, 0xC211, 0x0000, 0x0000, 0x8C84, 0xA54B, 0xB5CF, 0x8863, 0x0000, 0x0000, 0x0000, 0x0000, 0x0000, 0x0000, 0x0000,
    0x0000, 0x0000, 0x0000, 0x0000, 0x0000, 0x0000, 0x0000, 0x0000, 0x0000, 0x0000, 0x0000, 0x0000, 0x0000, 0x0000, 0x0000, 0x0000,
    0x0000, 0x0000, 0x0000, 0x0000, 0x0000, 0x0000, 0x0000, 0x0000, 0x0000, 0x0000, 0x0000, 0x0000, 0x8C63, 0x90A5, 0xB1AE, 0xB9EF,
    0x0000, 0x0000, 0x90A5, 0x9D08, 0xB1AD, 0x94A5, 0x0000, 0x0000, 0x0000, 0x0000, 0x0000, 0x0000, 0x0000, 0x0000, 0x0000, 0x0000,
    0x0000, 0x0000, 0x0000, 0x0000, 0x0000, 0x0000, 0x0000, 0x0000, 0x0000, 0x0000, 0x0000, 0x0000, 0x0000, 0x0000, 0x0000, 0x0000,
    0x0000, 0x0000, 0x0000, 0x0000, 0x0000, 0x0000, 0x0000, 0x0000, 0x0000, 0x8C63, 0x94C6, 0x9D09, 0xADAD, 0x0000, 0x0000, 0x94A5,
    0xA96B, 0xBE10, 0x98C6, 0x0000, 0x0000, 0x0000, 0x0000, 0x0000, 0x0000, 0x0000, 0x0000, 0x0000, 0x0000, 0x0000, 0x0000, 0x0000,
    0x0000, 0x0000, 0x0000, 0x0000, 0x0000, 0x0000, 0x0000, 0x0000, 0x0000, 0x0000, 0x0000, 0x0000, 0x0000, 0x0000, 0x0000, 0x0000,
    0x0000, 0x0000, 0x0000, 0x0000, 0x0000, 0x0000, 0x0000, 0x94A5, 0xA54A, 0xBE10, 0x0000, 0x0000, 0x9084, 0x9D08, 0xB9F0, 0x9CE7,
    0x0000, 0x0000, 0x0000, 0x0000, 0x0000, 0x0000, 0x0000, 0x0000, 0x0000, 0x0000, 0x0000, 0x0000, 0x0000, 0x0000, 0x0000, 0x0000,
    0x0000, 0x0000, 0x0000, 0x0000, 0x0000, 0x0000, 0x0000, 0x0000, 0x0000, 0x0000, 0x0000, 0x0000, 0x0000, 0x0000, 0x0000, 0x0000,
    0x0000, 0x0000, 0x0000, 0x0000, 0x9084, 0xA96B, 0xBE10, 0x0000, 0x0000, 0x8C84, 0x98E7, 0xB9F0, 0xA109, 0x0000, 0x0000, 0x0000,
    0x0000, 0x0000, 0x0000, 0x0000, 0x0000, 0x0000, 0x0000, 0x0000, 0x0000, 0x0000, 0x0000, 0x0000, 0x0000, 0x0000, 0x0000, 0x0000,
    0x0000, 0x0000, 0x0000, 0x0000, 0x0000, 0x0000, 0x0000, 0x0000, 0x0000, 0x0000, 0x0000, 0x0000, 0x0000, 0x0000, 0x0000, 0x0000,
    0x0000, 0x9084, 0x9D08, 0xB5CE, 0x9D08, 0x9084, 0x94A5, 0x9D08, 0xB5F0, 0xA56C, 0x0000, 0x0000, 0x0000, 0x0000, 0x0000, 0x0000,
    0x0000, 0x0000, 0x0000, 0x0000, 0x0000, 0x0000, 0x0000, 0x0000, 0x0000, 0x0000, 0x0000, 0x0000, 0x0000, 0x0000, 0x0000, 0x0000,
    0x0000, 0x0000, 0x0000, 0x0000, 0x0000, 0x0000, 0x0000, 0x0000, 0x0000, 0x0000, 0x0000, 0x0000, 0x8C63, 0x98E7, 0x8863, 0x9CE8,
    0xBA11, 0xA56C, 0x90A5, 0x8C84, 0x9909, 0xA54B, 0xA108, 0x0000, 0x0000, 0x0000, 0x90A7, 0x90AB, 0x8C89, 0x0000, 0x0000, 0x0000,
    0x0000, 0x0000, 0x0000, 0x0000, 0x0000, 0x0000, 0x0000, 0x0000, 0x0000, 0x0000, 0x0000, 0x0000, 0x0000, 0x0000, 0x0000, 0x0000,
    0x0000, 0x0000, 0x0000, 0x0000, 0x0000, 0x0000, 0x0000, 0x0000, 0x0000, 0x94C6, 0x9D29, 0x8C84, 0x9D2A, 0xA56B, 0x9D08, 0x90A5,
    0x90A5, 0x90A5, 0xA54A, 0x9D2A, 0x9909, 0xA9AE, 0xA14F, 0x98F1, 0x9912, 0x98F1, 0x8C88, 0x0000, 0x0000, 0x0000, 0x0000, 0x0000,
    0x0000, 0x0000, 0x0000, 0x0000, 0x0000, 0x0000, 0x0000, 0x0000, 0x0000, 0x0000, 0x0000, 0x0000, 0x0000, 0x0000, 0x0000, 0x0000,
    0x0000, 0x0000, 0x0000, 0x0000, 0x0000, 0x0000, 0x90A5, 0x9D09, 0x8C63, 0x9085, 0xA54A, 0xA129, 0x94E7, 0x9D09, 0xA56C, 0xA16C,
    0xA14C, 0x990C, 0x94CE, 0x94CE, 0x94CD, 0x94AD, 0x98F0, 0x98EF, 0x0000, 0x0000, 0x0000, 0x0000, 0x0000, 0x0000, 0x0000, 0x0000,
    0x0000, 0x0000, 0x0000, 0x0000, 0x0000, 0x0000, 0x0000, 0x0000, 0x0000, 0x0000, 0x0000, 0x0000, 0x0000, 0x0000, 0x0000, 0x0000,
    0x0000, 0x0000, 0x0000, 0x94A5, 0x9D08, 0x8842, 0x94C6, 0xA16B, 0xA58C, 0xA56D, 0xA14F, 0x990E, 0x98CE, 0x9914, 0x9913, 0x9912,
    0x9913, 0x98F2, 0x90AC, 0x94F0, 0x9913, 0x8C88, 0x0000, 0x0000, 0x0000, 0x0000, 0x0000, 0x0000, 0x0000, 0x0000, 0x0000, 0x0000,
    0x0000, 0x0000, 0x0000, 0x0000, 0x0000, 0x0000, 0x0000, 0x0000, 0x0000, 0x0000, 0x0000, 0x0000, 0x0000, 0x0000, 0x0000, 0x0000,
    0x94A5, 0x9CE7, 0x90A9, 0x9D32, 0x9D2E, 0x9911, 0x9913, 0x94AC, 0x98F0, 0x9D35, 0x9D14, 0x9D13, 0x9D33, 0x9912, 0x98EE, 0x94AB,
    0x98F1, 0x9913, 0x98F1, 0x9087, 0x0000, 0x0000, 0x0000, 0x0000, 0x0000, 0x0000, 0x0000, 0x0000, 0x0000, 0x0000, 0x0000, 0x0000,
    0x0000, 0x0000, 0x0000, 0x0000, 0x0000, 0x0000, 0x0000, 0x0000, 0x0000, 0x0000, 0x0000, 0x0000, 0x0000, 0x8C63, 0x9D10, 0x9915,
    0x94F3, 0x9914, 0x9913, 0x908A, 0x94CA, 0x9CEF, 0xA154, 0xA575, 0x9D10, 0x9D0D, 0x98EB, 0x94AA, 0x98F1, 0x9913, 0x98F1, 0x94CA,
    0x94C7, 0x90A6, 0x0000, 0x0000, 0x0000, 0x0000, 0x0000, 0x0000, 0x0000, 0x0000, 0x0000, 0x0000, 0x0000, 0x0000, 0x0000, 0x0000,
    0x0000, 0x0000, 0x0000, 0x0000, 0x0000, 0x0000, 0x0000, 0x0000, 0x0000, 0x0000, 0x98CD, 0x9911, 0x9D55, 0x9914, 0x94F2, 0x98F0,
    0x94AB, 0x98CC, 0x9CEE, 0x98ED, 0x94CB, 0x94AA, 0x90A8, 0x98CD, 0x98EF, 0x90AA, 0x94C8, 0xA16C, 0xA16C, 0x9D4B, 0x98EA, 0x0000,
    0x0000, 0x0000, 0x0000, 0x0000, 0x0000, 0x0000, 0x0000, 0x0000, 0x0000, 0x0000, 0x0000, 0x0000, 0x0000, 0x0000, 0x0000, 0x0000,
    0x0000, 0x0000, 0x0000, 0x0000, 0x0000, 0x9088, 0x94AA, 0x94AA, 0x94CC, 0x9D12, 0xA132, 0x9D10, 0xA133, 0x98F0, 0x94AD, 0x94AC,
    0x94CD, 0x98EE, 0x98EE, 0x94AB, 0x9089, 0x90AB, 0x94EC, 0x9D4C, 0xAE12, 0xAE12, 0xA170, 0x98CD, 0x0000, 0x0000, 0x0000, 0x0000,
    0x0000, 0x0000, 0x0000, 0x0000, 0x0000, 0x0000, 0x0000, 0x0000, 0x0000, 0x0000, 0x0000, 0x0000, 0x0000, 0x0000, 0x0000, 0x0000,
    0x0000, 0x94AA, 0x94AA, 0x94AA, 0x948A, 0x94CC, 0x9CEE, 0x90A9, 0x98EE, 0x9911, 0x9D34, 0x9D34, 0x98EF, 0x98EB, 0x9088, 0x98F0,
    0x9D14, 0x9D34, 0x9D32, 0x90A8, 0xA58D, 0xB676, 0xA18E, 0x94AA, 0x9088, 0x0000, 0x0000, 0x0000, 0x0000, 0x0000, 0x0000, 0x0000,
    0x0000, 0x0000, 0x0000, 0x0000, 0x0000, 0x0000, 0x0000, 0x0000, 0x0000, 0x0000, 0x0000, 0x0000, 0x0000, 0x8C87, 0x94CA, 0x98ED,
    0x94AB, 0x94AA, 0x94AA, 0x9088, 0x94AB, 0x94CB, 0x9D10, 0x9D0E, 0x9D4C, 0x9D4C, 0x9D4B, 0x990C, 0x9D32, 0xA153, 0x9D10, 0x94C9,
    0x94C7, 0x9D4C, 0x990A, 0x94A9, 0x9088, 0x0000, 0x0000, 0x0000, 0x0000, 0x0000, 0x0000, 0x0000, 0x0000, 0x0000, 0x0000, 0x0000,
    0x0000, 0x0000, 0x0000, 0x0000, 0x0000, 0x0000, 0x0000, 0x0000, 0x90A9, 0x9D2B, 0x94E8, 0x90C8, 0x94CA, 0x94CB, 0x94CB, 0x94AA,
    0x94AB, 0x94CB, 0x94AB, 0x90A8, 0xA9D0, 0xAE12, 0xADF1, 0xB253, 0xA14E, 0x94CB, 0x94C8, 0x90A5, 0x90A6, 0x992A, 0x9509, 0x90A8,
    0x9087, 0x0000, 0x0000, 0x0000, 0x0000, 0x0000, 0x0000, 0x0000, 0x0000, 0x0000, 0x0000, 0x0000, 0x0000, 0x0000, 0x0000, 0x0000,
    0x0000, 0x0000, 0x0000, 0x94CB, 0xB214, 0xA18D, 0x992B, 0x992A, 0x94E8, 0x94C8, 0x9D0E, 0x98EC, 0x90A9, 0x908A, 0x94AA, 0x8C86,
    0x950A, 0xA1AE, 0xC6D8, 0xAE33, 0xA14C, 0x8C83, 0x90A4, 0x9084, 0x90C6, 0x9D2B, 0x990A, 0x9087, 0x8C65, 0x0000, 0x0000, 0x0000,
    0x0000, 0x0000, 0x0000, 0x0000, 0x0000, 0x0000, 0x0000, 0x0000, 0x0000, 0x0000, 0x0000, 0x0000, 0x0000, 0x0000, 0x0000, 0xA9B3,
    0xA9CF, 0xAA11, 0xA9F1, 0xA58E, 0xA16E, 0x9D0D, 0x94A9, 0x8C86, 0x94AA, 0x94AA, 0x94A9, 0x90C8, 0x992B, 0x90E9, 0xA16D, 0x9D4D,
    0x9909, 0x90A5, 0x9085, 0x8C64, 0x90A6, 0x9909, 0x8CA6, 0x9088, 0x0000, 0x0000, 0x0000, 0x0000, 0x0000, 0x0000, 0x0000, 0x0000,
    0x0000, 0x0000, 0x0000, 0x0000, 0x0000, 0x0000, 0x0000, 0x0000, 0x0000, 0x0000, 0x8C88, 0xA9B0, 0xA16C, 0xA5F1, 0xB232, 0xADD2,
    0xA553, 0x98CE, 0x90A9, 0x8C86, 0x9089, 0x94CC, 0x94CC, 0x90C8, 0x9509, 0x94E9, 0x992B, 0x990A, 0x9909, 0x9086, 0x9085, 0x8863,
    0x8C84, 0x8C65, 0x9088, 0x8C66, 0x0000, 0x0000, 0x0000, 0x0000, 0x0000, 0x0000, 0x0000, 0x0000, 0x0000, 0x0000, 0x0000, 0x0000,
    0x0000, 0x0000, 0x0000, 0x0000, 0x0000, 0x0000, 0x90A7, 0x9D2B, 0x9D4C, 0xA1AF, 0xADD0, 0xA994, 0x9D10, 0x9089, 0x94AA, 0x9088,
    0x9088, 0x94AA, 0x98CC, 0x90C7, 0x9508, 0x90E8, 0x950A, 0x992B, 0x990A, 0x9085, 0x8C84, 0x8C63, 0x8843, 0x8C66, 0x8C44, 0x0000,
    0x0000, 0x0000, 0x0000, 0x0000, 0x0000, 0x0000, 0x0000, 0x0000, 0x0000, 0x0000, 0x0000, 0x0000, 0x0000, 0x0000, 0x0000, 0x0000,
    0x0000, 0x0000, 0x8C85, 0x94E8, 0x9909, 0x9D4B, 0xA14C, 0xA573, 0x94AB, 0x94AB, 0x90A9, 0x8C67, 0x9088, 0x94AA, 0x98CC, 0x90A7,
    0x90C7, 0x9509, 0x950A, 0x94E8, 0x8C84, 0x8C64, 0x8C63, 0x94A5, 0x0000, 0x0000, 0x0000, 0x0000, 0x0000, 0x0000, 0x0000, 0x0000,
    0x0000, 0x0000, 0x0000, 0x0000, 0x0000, 0x0000, 0x0000, 0x0000, 0x0000, 0x0000, 0x0000, 0x0000, 0x0000, 0x0000, 0x8842, 0x90C6,
    0x90C7, 0x94E8, 0x98EB, 0x98EE, 0x94AB, 0x98EE, 0x9089, 0x8C66, 0x9088, 0x9086, 0x9088, 0x8C64, 0x8C63, 0x94C7, 0x90C7, 0x8C65,
    0x9086, 0x8C84, 0x8C63, 0x94A5, 0x0000, 0x0000, 0x0000, 0x0000, 0x0000, 0x0000, 0x0000, 0x0000, 0x0000, 0x0000, 0x0000, 0x0000,
    0x0000, 0x0000, 0x0000, 0x0000, 0x0000, 0x0000, 0x0000, 0x0000, 0x0000, 0x0000, 0x0000, 0x94A5, 0x90C6, 0x90C6, 0x94C9, 0x94AB,
    0x94AA, 0x94AB, 0x9087, 0x8C66, 0x9089, 0x8C65, 0x8C63, 0x94A5, 0x8C63, 0x94A5, 0x8C64, 0x94A7, 0x9084, 0x8842, 0x8C63, 0x8C63,
    0x0000, 0x0000, 0x0000, 0x0000, 0x0000, 0x0000, 0x0000, 0x0000, 0x0000, 0x0000, 0x0000, 0x0000, 0x0000, 0x0000, 0x0000, 0x0000,
    0x0000, 0x0000, 0x0000, 0x0000, 0x0000, 0x0000, 0x0000, 0x0000, 0x8C64, 0x8C84, 0x94C8, 0x94AB, 0x9089, 0x9087, 0x9067, 0x8C65,
    0x94A9, 0x9085, 0x8C63, 0x8C84, 0x8C63, 0x9084, 0x8C84, 0x8C63, 0x8C63, 0x9084, 0x0000, 0x0000, 0x0000, 0x0000, 0x0000, 0x0000,
    0x0000, 0x0000, 0x0000, 0x0000, 0x0000, 0x0000, 0x0000, 0x0000, 0x0000, 0x0000, 0x0000, 0x0000, 0x0000, 0x0000, 0x0000, 0x0000,
    0x0000, 0x0000, 0x0000, 0x0000, 0x0000, 0x90A5, 0x9085, 0x9088, 0x9089, 0x9088, 0x8C66, 0x8C65, 0x94AA, 0x9085, 0x9063, 0x9084,
    0x9084, 0x8C63, 0x8843, 0x8863, 0x94A6, 0x90A5, 0x94C6, 0x0000, 0x0000, 0x0000, 0x0000, 0x0000, 0x0000, 0x0000, 0x0000, 0x0000,
    0x0000, 0x0000, 0x0000, 0x0000, 0x0000, 0x0000, 0x0000, 0x0000, 0x0000, 0x0000, 0x0000, 0x0000, 0x0000, 0x0000, 0x0000, 0x8C84,
    0x98E7, 0x98C6, 0x8842, 0x8C64, 0x9087, 0x8C65, 0x8C84, 0x8C83, 0x8C64, 0x8C63, 0x8C64, 0x9084, 0x8C64, 0x90A5, 0x9084, 0x98E7,
    0x90A6, 0x8843, 0x98E7, 0x9D08, 0x8C63, 0x0000, 0x0000, 0x0000, 0x0000, 0x0000, 0x0000, 0x0000, 0x0000, 0x0000, 0x0000, 0x0000,
    0x0000, 0x0000, 0x0000, 0x0000, 0x0000, 0x0000, 0x0000, 0x0000, 0x0000, 0x0000, 0x0000, 0x94A5, 0x98E7, 0x94A6, 0x8842, 0x94C6,
    0xA54A, 0x98E7, 0x94C6, 0x90A5, 0x98C6, 0x98C6, 0x94A5, 0x9CE7, 0x90A5, 0x98E7, 0xA129, 0xA56B, 0x94C6, 0x8442, 0x94C6, 0xA129,
    0x94C6, 0x0000, 0x0000, 0x0000, 0x0000, 0x0000, 0x0000, 0x0000, 0x0000, 0x0000, 0x0000, 0x0000, 0x0000, 0x0000, 0x0000, 0x0000,
    0x0000, 0x0000, 0x0000, 0x0000, 0x0000, 0x0000, 0x0000, 0x8842, 0x94C6, 0x9D08, 0x8863, 0x90A5, 0x9D09, 0xA129, 0x98C6, 0x8C64,
    0x90A5, 0x98E7, 0x9084, 0x94A6, 0x8C64, 0x94C6, 0xA56B, 0x9908, 0x90A5, 0x8842, 0x9D08, 0x9D08, 0x8C63, 0x0000, 0x0000, 0x0000,
    0x0000, 0x0000, 0x0000, 0x0000, 0x0000, 0x0000, 0x0000, 0x0000, 0x0000, 0x0000, 0x0000, 0x0000, 0x0000, 0x0000, 0x0000, 0x0000,
    0x0000, 0x0000, 0x0000, 0x0000, 0x94A5, 0xA129, 0x9D08, 0x8C84, 0x90A5, 0xA129, 0x94A5, 0x9085, 0x8C64, 0x8C63, 0x8C63, 0x8C64,
    0x8C85, 0x90A5, 0x9D08, 0x94C6, 0x90A5, 0x98E7, 0xA54B, 0x94C6, 0x0000, 0x0000, 0x0000, 0x0000, 0x0000, 0x0000, 0x0000, 0x0000,
    0x0000, 0x0000, 0x0000, 0x0000, 0x0000, 0x0000, 0x0000, 0x0000, 0x0000, 0x0000, 0x0000, 0x0000, 0x0000, 0x0000, 0x0000, 0x0000,
    0x94C6, 0x90A5, 0xA54A, 0xA94B, 0x98E7, 0x90A5, 0x8C63, 0x9084, 0x8C84, 0x8C64, 0x8C64, 0x8C63, 0x8C63, 0x8C63, 0x90A5, 0x94C6,
    0xA54A, 0xAD8C, 0x94C5, 0x94A5, 0x0000, 0x0000, 0x0000, 0x0000, 0x0000, 0x0000, 0x0000, 0x0000, 0x0000, 0x0000, 0x0000, 0x0000,
    0x0000, 0x0000, 0x0000, 0x0000, 0x0000, 0x0000, 0x0000, 0x0000, 0x0000, 0x0000, 0x0000, 0x0000, 0x90A7, 0x94CD, 0x9087, 0x98E7,
    0xA54A, 0xA54A, 0xA12A, 0x9D09, 0x9CE8, 0x9D08, 0x9D08, 0x9D08, 0x9D08, 0xA129, 0xA54A, 0xA56A, 0x9D08, 0x90A6, 0x94CA, 0x90A7,
    0x0000, 0x0000, 0x0000, 0x0000, 0x0000, 0x0000, 0x0000, 0x0000, 0x0000, 0x0000, 0x0000, 0x0000, 0x0000, 0x0000, 0x0000, 0x0000,
    0x0000, 0x0000, 0x0000, 0x0000, 0x0000, 0x0000, 0x0000, 0x0000, 0x9CE9, 0xA551, 0x9910, 0x94CA, 0x94C6, 0x94C6, 0x98E7, 0x9D09,
    0xA96B, 0xA56B, 0xA56B, 0xA96B, 0xA12A, 0x98E8, 0x94C7, 0x94C6, 0x90A9, 0x94CE, 0xA551, 0x9D0A, 0x0000, 0x0000, 0x0000, 0x0000,
    0x0000, 0x0000, 0x0000, 0x0000, 0x0000, 0x0000, 0x0000, 0x0000, 0x0000, 0x0000, 0x0000, 0x0000, 0x0000, 0x0000, 0x0000, 0x0000,
    0x0000, 0x0000, 0x0000, 0x0000, 0x0000, 0x98C6, 0xA54D, 0xA54C, 0x94C6, 0x98E8, 0x9D09, 0x9909, 0x9D29, 0x9D29, 0x9D08, 0x9D09,
    0x9D09, 0xA12A, 0x9D08, 0x94C6, 0xA12B, 0xA54E, 0x9D08, 0x0000, 0x0000, 0x0000, 0x0000, 0x0000, 0x0000, 0x0000, 0x0000, 0x0000,
    0x0000, 0x0000, 0x0000, 0x0000, 0x0000, 0x0000, 0x0000, 0x0000, 0x0000, 0x0000, 0x0000, 0x0000, 0x0000, 0x0000, 0x0000, 0x0000,
    0x0000, 0x0000, 0x9084, 0x0000, 0x0000, 0x0000, 0x9085, 0x94E7, 0x9D09, 0xA129, 0xA129, 0x9D09, 0x98E8, 0x90A6, 0x0000, 0x0000,
    0x9084, 0x90A5, 0x0000, 0x0000, 0x0000, 0x0000, 0x0000, 0x0000, 0x0000, 0x0000, 0x0000, 0x0000, 0x0000, 0x0000, 0x0000, 0x0000,
    0x0000, 0x0000, 0x0000, 0x0000, 0x0000, 0x0000, 0x0000, 0x0000, 0x0000, 0x0000, 0x0000, 0x0000, 0x0000, 0x0000, 0x0000, 0x0000,
    0x0000, 0x0000, 0x0000, 0x0000, 0x0000, 0x0000, 0x0000, 0x0000, 0x0000, 0x0000, 0x0000, 0x0000, 0x0000, 0x0000, 0x0000, 0x0000,
    0x0000, 0x0000, 0x0000, 0x0000, 0x0000, 0x0000, 0x0000, 0x0000, 0x0000, 0x0000, 0x0000, 0x0000, 0x0000, 0x0000, 0x0000, 0x0000,
    0x0000, 0x0000, 0x0000, 0x0000, 0x0000, 0x0000, 0x0000, 0x0000, 0x0000, 0x0000, 0x0000, 0x0000, 0x0000, 0x0000, 0x0000, 0x0000,
    0x0000, 0x0000, 0x0000, 0x0000, 0x0000, 0x0000, 0x0000, 0x0000, 0x0000, 0x0000, 0x0000, 0x0000, 0x0000, 0x0000, 0x0000, 0x0000,
    0x0000, 0x0000, 0x0000, 0x0000, 0x0000, 0x0000, 0x0000, 0x0000, 0x0000, 0x0000, 0x0000, 0x0000, 0x0000, 0x0000, 0x0000, 0x0000,
    0x0000, 0x0000, 0x0000, 0x0000, 0x0000, 0x0000, 0x0000, 0x0000, 0x0000, 0x0000, 0x0000, 0x0000, 0x0000, 0x0000, 0x0000, 0x0000,
    0x0000, 0x0000, 0x0000, 0x0000, 0x0000, 0x0000, 0x0000, 0x0000, 0x0000, 0x0000, 0x0000, 0x0000, 0x0000, 0x0000, 0x0000, 0x0000,
    0x0000, 0x0000, 0x0000, 0x0000, 0x0000, 0x0000, 0x0000, 0x0000, 0x0000, 0x0000, 0x0000, 0x0000, 0x0000, 0x0000, 0x0000, 0x0000,
    0x0000, 0x0000, 0x0000, 0x0000, 0x0000, 0x0000, 0x0000, 0x0000, 0x0000, 0x0000, 0x0000, 0x0000, 0x0000, 0x0000, 0x0000, 0x0000,
    0x0000, 0x0000, 0x0000, 0x0000, 0x0000, 0x0000, 0x0000, 0x0000, 0x0000, 0x0000, 0x0000, 0x0000, 0x0000, 0x0000, 0x0000, 0x0000,
  },
  // Angle 2
  {
    0x0000, 0x0000, 0x0000, 0x0000, 0x0000, 0x0000, 0x0000, 0x0000, 0x0000, 0x0000, 0x0000, 0x0000, 0x0000, 0x0000, 0x0000, 0x0000,
    0x0000, 0x0000, 0x0000, 0x0000, 0x0000, 0x0000, 0x0000, 0x0000, 0x0000, 0x0000, 0x0000, 0x0000, 0x0000, 0x0000, 0x0000, 0x0000,
    0x0000, 0x0000, 0x0000, 0x0000, 0x0000, 0x0000, 0x0000, 0x0000, 0x0000, 0x0000, 0x0000, 0x0000, 0x0000, 0x0000, 0x0000, 0x0000,
    0x0000, 0x0000, 0x0000, 0x0000, 0x0000, 0x0000, 0x0000, 0x0000, 0x0000, 0x0000, 0x0000, 0x0000, 0x0000, 0x0000, 0x0000, 0xA96B,
    0xA129, 0x0000, 0x0000, 0x9D08, 0xAD8C, 0x0000, 0x0000, 0x0000, 0x0000, 0x0000, 0x0000, 0x0000, 0x0000, 0x0000, 0x0000, 0x0000,
    0x0000, 0x0000, 0x0000, 0x0000, 0x0000, 0x0000, 0x0000, 0x0000, 0x0000, 0x0000, 0x0000, 0x0000, 0x0000, 0x0000, 0x0000, 0x0000,
    0x0000, 0x0000, 0x0000, 0x0000, 0x0000, 0x0000, 0x0000, 0x0000, 0x0000, 0x0000, 0x0000, 0xBA10, 0xB1AD, 0x0000, 0x0000, 0xA96B,
    0xBE11, 0x0000, 0x0000, 0x0000, 0x0000, 0x0000, 0x0000, 0x0000, 0x0000, 0x0000, 0x0000, 0x0000, 0x0000, 0x0000, 0x0000, 0x0000,
    0x0000, 0x0000, 0x0000, 0x0000, 0x0000, 0x0000, 0x0000, 0x0000, 0x0000, 0x0000, 0x0000, 0x0000, 0x0000, 0x0000, 0x0000, 0x0000,
    0x0000, 0x0000, 0x0000, 0x0000, 0x0000, 0x0000, 0x0000, 0xB5CE, 0xAD8C, 0x0000, 0x0000, 0xA96B, 0xBA10, 0x0000, 0x0000, 0x0000,
    0x0000, 0x0000, 0x0000, 0x0000, 0x0000, 0x0000, 0x0000, 0x0000, 0x0000, 0x0000, 0x0000, 0x0000, 0x0000, 0x0000, 0x0000, 0x0000,
    0x0000, 0x0000, 0x0000, 0x0000, 0x0000, 0x0000, 0x0000, 0x0000, 0x0000, 0x0000, 0x0000, 0x0000, 0x0000, 0x0000, 0x0000, 0x0000,
    0x0000, 0x0000, 0x0000, 0x9D09, 0xA129, 0x0000, 0x0000, 0x9D08, 0xA12A, 0x0000, 0x0000, 0x0000, 0x0000, 0x0000, 0x0000, 0x0000,
    0x0000, 0x0000, 0x0000, 0x0000, 0x0000, 0x0000, 0x0000, 0x0000, 0x0000, 0x0000, 0x0000, 0x0000, 0x0000, 0x0000, 0x0000, 0x0000,
    0x0000, 0x0000, 0x0000, 0x0000, 0x0000, 0x0000, 0x0000, 0x0000, 0x0000, 0x0000, 0x0000, 0x0000, 0x0000, 0x0000, 0x0000, 0xAD8D,
    0xA56B, 0x0000, 0x0000, 0xA12A, 0xB1AE, 0x0000, 0x0000, 0x0000, 0x0000, 0x0000, 0x0000, 0x0000, 0x0000, 0x0000, 0x0000, 0x0000,
    0x0000, 0x0000, 0x0000, 0x0000, 0x0000, 0x0000, 0x0000, 0x0000, 0x0000, 0x0000, 0x0000, 0x0000, 0x0000, 0x0000, 0x0000, 0x0000,
    0x0000, 0x0000, 0x0000, 0x0000, 0x0000, 0x0000, 0x0000, 0x0000, 0x0000, 0x0000, 0x0000, 0xB5CE, 0xAD8C, 0x0000, 0x0000, 0xA129,
    0xB9EF, 0x0000, 0x0000, 0x0000, 0x0000, 0x0000, 0x0000, 0x0000, 0x0000, 0x0000, 0x0000, 0x0000, 0x0000, 0x0000, 0x0000, 0x0000,
    0x0000, 0x0000, 0x0000, 0x0000, 0x0000, 0x0000, 0x0000, 0x0000, 0x0000, 0x0000, 0x0000, 0x0000, 0x0000, 0x0000, 0x0000, 0x0000,
    0x0000, 0x0000, 0x0000, 0x0000, 0x0000, 0x0000, 0x0000, 0xB1CE, 0xA96B, 0x0000, 0x0000, 0xA54A, 0xB9EF, 0x0000, 0x0000, 0x0000,
    0x0000, 0x0000, 0x0000, 0x0000, 0x0000, 0x0000, 0x0000, 0x0000, 0x0000, 0x0000, 0x0000, 0x0000, 0x0000, 0x0000, 0x0000, 0x0000,
    0x0000, 0x0000, 0x0000, 0x0000, 0x0000, 0x0000, 0x0000, 0x0000, 0x0000, 0x0000, 0x0000, 0x0000, 0x0000, 0x0000, 0x0000, 0x0000,
    0x0000, 0x0000, 0x0000, 0xB5CF, 0xAD6C, 0x0000, 0x0000, 0xA54A, 0xBE10, 0x0000, 0x0000, 0x0000, 0x0000, 0x0000, 0x0000, 0x0000,
    0x0000, 0x0000, 0x0000, 0x0000, 0x0000, 0x0000, 0x0000, 0x0000, 0x0000, 0x0000, 0x0000, 0x0000, 0x0000, 0x0000, 0x0000, 0x0000,
    0x0000, 0x0000, 0x0000, 0x0000, 0x0000, 0x0000, 0x0000, 0x0000, 0x0000, 0x0000, 0x0000, 0x0000, 0x0000, 0x0000, 0x0000, 0xADAD,
    0xA56B, 0x0000, 0x0000, 0x9D29, 0xB1CE, 0x0000, 0x0000, 0x0000, 0x0000, 0x0000, 0x0000, 0x0000, 0x0000, 0x0000, 0x0000, 0x0000,
    0x0000, 0x0000, 0x0000, 0x0000, 0x0000, 0x0000, 0x0000, 0x0000, 0x0000, 0x0000, 0x0000, 0x0000, 0x0000, 0x0000, 0x0000, 0x0000,
    0x0000, 0x0000, 0x0000, 0x0000, 0x0000, 0x0000, 0x0000, 0x0000, 0x0000, 0x0000, 0x0000, 0xA14B, 0xA129, 0x0000, 0x0000, 0xA12A,
    0xA96C, 0x9085, 0x0000, 0x0000, 0x0000, 0x0000, 0x0000, 0x0000, 0x0000, 0x0000, 0x0000, 0x0000, 0x0000, 0x0000, 0x0000, 0x0000,
    0x0000, 0x0000, 0x0000, 0x0000, 0x0000, 0x0000, 0x0000, 0x0000, 0x0000, 0x0000, 0x0000, 0x0000, 0x0000, 0x0000, 0x0000, 0x0000,
    0x0000, 0x0000, 0x0000, 0x0000, 0x0000, 0x0000, 0x8842, 0xA108, 0x98C6, 0x0000, 0x0000, 0x98C6, 0xA129, 0x8C63, 0x0000, 0x0000,
    0x0000, 0x0000, 0x0000, 0x0000, 0x0000, 0x0000, 0x0000, 0x0000, 0x0000, 0x0000, 0x0000, 0x0000, 0x0000, 0x0000, 0x0000, 0x0000,
    0x0000, 0x0000, 0x0000, 0x0000, 0x0000, 0x0000, 0x0000, 0x0000, 0x0000, 0x0000, 0x0000, 0x0000, 0x0000, 0x0000, 0x0000, 0x0000,
    0x0000, 0x94CA, 0x98E8, 0xA54A, 0xA129, 0xA12A, 0xA12A, 0xA129, 0xA96B, 0x9D29, 0x94CA, 0x0000, 0x0000, 0x0000, 0x0000, 0x0000,
    0x0000, 0x0000, 0x0000, 0x0000, 0x0000, 0x0000, 0x0000, 0x0000, 0x0000, 0x0000, 0x0000, 0x0000, 0x0000, 0x0000, 0x0000, 0x0000,
    0x0000, 0x0000, 0x0000, 0x0000, 0x0000, 0x0000, 0x0000, 0x0000, 0x0000, 0x0000, 0x0000, 0x0000, 0x98F0, 0x9911, 0x9D4B, 0xA14B,
    0xA58C, 0xA9AE, 0xA9AE, 0xA58D, 0xA14B, 0xA16C, 0x9D11, 0x9911, 0x0000, 0x0000, 0x0000, 0x0000, 0x0000, 0x0000, 0x0000, 0x0000,
    0x0000, 0x0000, 0x0000, 0x0000, 0x0000, 0x0000, 0x0000, 0x0000, 0x0000, 0x0000, 0x0000, 0x0000, 0x0000, 0x0000, 0x0000, 0x0000,
    0x0000, 0x0000, 0x0000, 0x0000, 0x0000, 0x0000, 0x0000, 0x90AA, 0x9D14, 0x98F2, 0x9910, 0x98ED, 0x94CA, 0x9D2D, 0x9D2D, 0x94EA,
    0x98EC, 0x98F0, 0x98F2, 0x9914, 0x94CC, 0x0000, 0x0000, 0x0000, 0x0000, 0x0000, 0x0000, 0x0000, 0x0000, 0x0000, 0x0000, 0x0000,
    0x0000, 0x0000, 0x0000, 0x0000, 0x0000, 0x0000, 0x0000, 0x0000, 0x0000, 0x0000, 0x0000, 0x0000, 0x0000, 0x0000, 0x0000, 0x0000,
    0x0000, 0x0000, 0x0000, 0x90A9, 0x9912, 0x94F3, 0x94EF, 0x94CE, 0x98F2, 0x9911, 0x9911, 0x98F2, 0x94CF, 0x94D0, 0x9914, 0x9913,
    0x90AB, 0x0000, 0x0000, 0x0000, 0x0000, 0x0000, 0x0000, 0x0000, 0x0000, 0x0000, 0x0000, 0x0000, 0x0000, 0x0000, 0x0000, 0x0000,
    0x0000, 0x0000, 0x0000, 0x0000, 0x0000, 0x0000, 0x0000, 0x0000, 0x0000, 0x0000, 0x0000, 0x0000, 0x0000, 0x0000, 0x0000, 0x94CC,
    0x9514, 0x94CF, 0x90AA, 0x9D12, 0x9916, 0x9912, 0x9911, 0x9915, 0x9913, 0x90AB, 0x94CF, 0x9914, 0x94CD, 0x0000, 0x0000, 0x0000,
    0x0000, 0x0000, 0x0000, 0x0000, 0x0000, 0x0000, 0x0000, 0x0000, 0x0000, 0x0000, 0x0000, 0x0000, 0x0000, 0x0000, 0x0000, 0x0000,
    0x0000, 0x0000, 0x0000, 0x0000, 0x0000, 0x0000, 0x0000, 0x0000, 0x90A8, 0x9085, 0x94CB, 0x9910, 0x9914, 0x94CE, 0x94A8, 0x98EE,
    0xA134, 0xA174, 0xA154, 0xA154, 0x98EF, 0x90A8, 0x94CE, 0x9914, 0x9910, 0x94CB, 0x8C84, 0x90A7, 0x0000, 0x0000, 0x0000, 0x0000,
    0x0000, 0x0000, 0x0000, 0x0000, 0x0000, 0x0000, 0x0000, 0x0000, 0x0000, 0x0000, 0x0000, 0x0000, 0x0000, 0x0000, 0x0000, 0x0000,
    0x0000, 0x0000, 0x0000, 0xA56D, 0xA58E, 0x992A, 0x98EC, 0x9911, 0x9935, 0x94F1, 0x94CB, 0x94AA, 0x98ED, 0x98ED, 0x98ED, 0x98ED,
    0x94CB, 0x94CB, 0x98F1, 0x9915, 0x9910, 0x94CC, 0x990A, 0xA58E, 0xA56E, 0x9085, 0x0000, 0x0000, 0x0000, 0x0000, 0x0000, 0x0000,
    0x0000, 0x0000, 0x0000, 0x0000, 0x0000, 0x0000, 0x0000, 0x0000, 0x0000, 0x0000, 0x0000, 0x0000, 0x0000, 0x0000, 0x9909, 0x9D6D,
    0xA1AF, 0x992A, 0x990D, 0x9D11, 0xA155, 0x9D36, 0x9D34, 0x98EE, 0x98ED, 0x9D0E, 0x9D0E, 0x98ED, 0x98EE, 0x9D33, 0x9D56, 0x9D54,
    0xA132, 0x990E, 0x992B, 0xA5CF, 0x9D6D, 0x9929, 0x0000, 0x0000, 0x0000, 0x0000, 0x0000, 0x0000, 0x0000, 0x0000, 0x0000, 0x0000,
    0x0000, 0x0000, 0x0000, 0x0000, 0x0000, 0x0000, 0x0000, 0x0000, 0x0000, 0x8C85, 0x9D4C, 0xA5AE, 0xA9F0, 0x9929, 0x9D0E, 0x9D10,
    0x9D0E, 0x98ED, 0x990E, 0x990F, 0x98EE, 0x98ED, 0x98ED, 0x9CEE, 0x9D0F, 0x990E, 0x990E, 0x9D0F, 0xA130, 0xA12F, 0x9909, 0xA9CF,
    0xA5AF, 0x9D4B, 0x90A5, 0x0000, 0x0000, 0x0000, 0x0000, 0x0000, 0x0000, 0x0000, 0x0000, 0x0000, 0x0000, 0x0000, 0x0000, 0x0000,
    0x0000, 0x0000, 0x0000, 0x0000, 0x0000, 0x8C84, 0x9D2B, 0xA16F, 0xA171, 0x98ED, 0x94A9, 0x9088, 0x990A, 0xA16C, 0xA56C, 0x94C7,
    0x908A, 0x94CD, 0x94CD, 0x90AB, 0x94A8, 0xA16D, 0xA5AE, 0x9D2B, 0x9067, 0x94A9, 0x98ED, 0xA150, 0xA56F, 0x9D4C, 0x90A6, 0x0000,
    0x0000, 0x0000, 0x0000, 0x0000, 0x0000, 0x0000, 0x0000, 0x0000, 0x0000, 0x0000, 0x0000, 0x0000, 0x0000, 0x0000, 0x0000, 0x0000,
    0x0000, 0x8C84, 0x9D2E, 0xA130, 0x98EE, 0x98EE, 0x94A9, 0x8C65, 0xA58E, 0xA9D1, 0xADF1, 0xA14C, 0x9D31, 0xA155, 0xA156, 0xA153,
    0xA14E, 0xADF1, 0xA9F2, 0xA18D, 0x8C65, 0x9088, 0x98CE, 0x98EF, 0xA151, 0xA14F, 0x90A6, 0x0000, 0x0000, 0x0000, 0x0000, 0x0000,
    0x0000, 0x0000, 0x0000, 0x0000, 0x0000, 0x0000, 0x0000, 0x0000, 0x0000, 0x0000, 0x0000, 0x0000, 0x0000, 0x8C85, 0x98ED, 0x94AB,
    0x90AB, 0x94AB, 0x94A9, 0x8C87, 0xB212, 0xBA76, 0xBA75, 0xA16D, 0x9D0F, 0xA553, 0xA553, 0xA10F, 0xA56E, 0xBA96, 0xB676, 0xB212,
    0x9086, 0x90A8, 0x94AA, 0x94AB, 0x94CB, 0x98ED, 0x90A7, 0x0000, 0x0000, 0x0000, 0x0000, 0x0000, 0x0000, 0x0000, 0x0000, 0x0000,
    0x0000, 0x0000, 0x0000, 0x0000, 0x0000, 0x0000, 0x0000, 0x0000, 0x0000, 0x9087, 0x94CB, 0x90AA, 0x94CB, 0x94CB, 0x94A9, 0x9088,
    0xA58E, 0xADF1, 0xA9AF, 0x94E8, 0x94A7, 0x98EA, 0x98E9, 0x94A7, 0x98E9, 0xA9AF, 0xADD0, 0xA98E, 0x9087, 0x94A9, 0x98CC, 0x98CC,
    0x94AA, 0x94CC, 0x94A9, 0x0000, 0x0000, 0x0000, 0x0000, 0x0000, 0x0000, 0x0000, 0x0000, 0x0000, 0x0000, 0x0000, 0x0000, 0x0000,
    0x0000, 0x0000, 0x0000, 0x0000, 0x0000, 0x9088, 0x94CC, 0x90AA, 0x98EA, 0x94CA, 0x9488, 0x9087, 0x990A, 0x9D2B, 0x990A, 0x94C8,
    0x90A5, 0x94C6, 0x94C6, 0x94A5, 0x94C7, 0x992B, 0x9D4C, 0x992A, 0x9087, 0x9088, 0x94CA, 0x98EA, 0x94AA, 0x94CC, 0x94A9, 0x0000,
    0x0000, 0x0000, 0x0000, 0x0000, 0x0000, 0x0000, 0x0000, 0x0000, 0x0000, 0x0000, 0x0000, 0x0000, 0x0000, 0x0000, 0x0000, 0x0000,
    0x0000, 0x8864, 0x94CC, 0x90AA, 0x90A8, 0x90AA, 0x94A9, 0x9087, 0x94E9, 0x9D2B, 0x9D4C, 0x94C7, 0x90A5, 0x94C7, 0x94C7, 0x94A5,
    0x94C7, 0x9D4C, 0x992B, 0x94E8, 0x9086, 0x90A8, 0x90A9, 0x90A8, 0x94A9, 0x94CC, 0x8C66, 0x0000, 0x0000, 0x0000, 0x0000, 0x0000,
    0x0000, 0x0000, 0x0000, 0x0000, 0x0000, 0x0000, 0x0000, 0x0000, 0x0000, 0x0000, 0x0000, 0x0000, 0x0000, 0x0000, 0x9488, 0x94AB,
    0x90AA, 0x90A9, 0x90A8, 0x8C65, 0x90C7, 0x9D2B, 0x992A, 0x90C6, 0x90A5, 0x94E8, 0x94A7, 0x94C6, 0x94C7, 0x992A, 0x9D2A, 0x94C7,
    0x8C64, 0x9088, 0x94A9, 0x94A9, 0x94AB, 0x94A9, 0x0000, 0x0000, 0x0000, 0x0000, 0x0000, 0x0000, 0x0000, 0x0000, 0x0000, 0x0000,
    0x0000, 0x0000, 0x0000, 0x0000, 0x0000, 0x0000, 0x0000, 0x0000, 0x0000, 0x0000, 0x0000, 0x8C65, 0x9088, 0x9088, 0x9086, 0x9087,
    0x90A6, 0x8C85, 0x8C85, 0x9084, 0x8C63, 0x90A6, 0x9085, 0x8C64, 0x9084, 0x8C85, 0x9085, 0x90A6, 0x9086, 0x8C66, 0x9087, 0x94A8,
    0x8C66, 0x0000, 0x0000, 0x0000, 0x0000, 0x0000, 0x0000, 0x0000, 0x0000, 0x0000, 0x0000, 0x0000, 0x0000, 0x0000, 0x0000, 0x0000,
    0x0000, 0x0000, 0x0000, 0x0000, 0x0000, 0x0000, 0x0000, 0x0000, 0x0000, 0x0000, 0x9084, 0x9085, 0x8C85, 0x9084, 0x90A5, 0x9084,
    0x98C7, 0x94C6, 0x94C6, 0x94A6, 0x8C64, 0x90A5, 0x9084, 0x8C64, 0x9085, 0x8C84, 0x8C63, 0x0000, 0x0000, 0x0000, 0x0000, 0x0000,
    0x0000, 0x0000, 0x0000, 0x0000, 0x0000, 0x0000, 0x0000, 0x0000, 0x0000, 0x0000, 0x0000, 0x0000, 0x0000, 0x0000, 0x0000, 0x0000,
    0x0000, 0x0000, 0x0000, 0x0000, 0x0000, 0x94C6, 0x94C6, 0x94A5, 0x8C63, 0x90A5, 0x94A5, 0x8C63, 0x94A6, 0x94A6, 0x94A6, 0x98C7,
    0x9084, 0x94A5, 0x9084, 0x8C84, 0x94A5, 0x90A5, 0x94C6, 0x0000, 0x0000, 0x0000, 0x0000, 0x0000, 0x0000, 0x0000, 0x0000, 0x0000,
    0x0000, 0x0000, 0x0000, 0x0000, 0x0000, 0x0000, 0x0000, 0x0000, 0x0000, 0x0000, 0x0000, 0x0000, 0x0000, 0x0000, 0x0000, 0x0000,
    0x94C6, 0x90A5, 0x94C6, 0x94C6, 0x9084, 0x9084, 0x94A5, 0x8C63, 0x8C63, 0x9084, 0x8C84, 0x8C64, 0x8C63, 0x9084, 0x94A5, 0x8C84,
    0x94C6, 0x98E7, 0x90A5, 0x98E7, 0x0000, 0x0000, 0x0000, 0x0000, 0x0000, 0x0000, 0x0000, 0x0000, 0x0000, 0x0000, 0x0000, 0x0000,
    0x0000, 0x0000, 0x0000, 0x0000, 0x0000, 0x0000, 0x0000, 0x0000, 0x0000, 0x0000, 0x9086, 0x90A8, 0x98E7, 0x90A5, 0x94C6, 0x94C6,
    0x90A5, 0x9084, 0x9084, 0x94C6, 0x98C6, 0x94C6, 0x94A5, 0x98C6, 0x94C6, 0x94C6, 0x8C84, 0x8843, 0x94C7, 0x98E7, 0x9084, 0x9D08,
    0x9088, 0x90A7, 0x0000, 0x0000, 0x0000, 0x0000, 0x0000, 0x0000, 0x0000, 0x0000, 0x0000, 0x0000, 0x0000, 0x0000, 0x0000, 0x0000,
    0x0000, 0x0000, 0x0000, 0x0000, 0x0000, 0x0000, 0x98C9, 0x94A9, 0x98E7, 0xA108, 0x8C63, 0x8C63, 0x9085, 0x9084, 0x8C63, 0x9084,
    0xA129, 0xA96C, 0xA56B, 0xA54A, 0x9084, 0x9084, 0x8C84, 0x8C64, 0x8C64, 0x8C63, 0x9D08, 0x9D08, 0x90A8, 0x98EB, 0x0000, 0x0000,
    0x0000, 0x0000, 0x0000, 0x0000, 0x0000, 0x0000, 0x0000, 0x0000, 0x0000, 0x0000, 0x0000, 0x0000, 0x0000, 0x0000, 0x0000, 0x0000,
    0x0000, 0x0000, 0x9D08, 0x98E7, 0x9084, 0xA54A, 0xA129, 0x9084, 0x90A5, 0x9084, 0x8C63, 0x94C6, 0x9CE8, 0x9CE8, 0x9CE8, 0x9D08,
    0x90A5, 0x8C64, 0x8C65, 0x8C85, 0x9084, 0x9D08, 0xA96B, 0x90A5, 0x94C7, 0x9D09, 0x0000, 0x0000, 0x0000, 0x0000, 0x0000, 0x0000,
    0x0000, 0x0000, 0x0000, 0x0000, 0x0000, 0x0000, 0x0000, 0x0000, 0x0000, 0x0000, 0x0000, 0x0000, 0x0000, 0x0000, 0x0000, 0x0000,
    0x9084, 0x94A5, 0xA54A, 0xA96B, 0x9CE8, 0x90A5, 0x8C84, 0x8C84, 0x9084, 0x90A5, 0x8C84, 0x9084, 0x9084, 0x8C85, 0x8C85, 0x98C7,
    0xA54A, 0xA96B, 0x94C6, 0x94A5, 0x0000, 0x0000, 0x0000, 0x0000, 0x0000, 0x0000, 0x0000, 0x0000, 0x0000, 0x0000, 0x0000, 0x0000,
    0x0000, 0x0000, 0x0000, 0x0000, 0x0000, 0x0000, 0x0000, 0x0000, 0x0000, 0x0000, 0x0000, 0x0000, 0x0000, 0x98C7, 0x90A5, 0x9CE7,
    0xA96B, 0xA96C, 0xA12A, 0x98E7, 0x98C6, 0x98E7, 0x98C7, 0x94C6, 0x9CE8, 0xA54A, 0xA96B, 0xA96B, 0x9D08, 0x94A5, 0x98E7, 0x8C83,
    0x0000, 0x0000, 0x0000, 0x0000, 0x0000, 0x0000, 0x0000, 0x0000, 0x0000, 0x0000, 0x0000, 0x0000, 0x0000, 0x0000, 0x0000, 0x0000,
    0x0000, 0x0000, 0x0000, 0x0000, 0x0000, 0x0000, 0x0000, 0x0000, 0x0000, 0x0000, 0x9D08, 0x9D08, 0x94C6, 0x98E7, 0x9D08, 0xA96B,
    0xAD8B, 0xA96B, 0xA96B, 0xA96B, 0xA96B, 0x9D08, 0x98E7, 0x98C7, 0x9D08, 0xA129, 0x9084, 0x0000, 0x0000, 0x0000, 0x0000, 0x0000,
    0x0000, 0x0000, 0x0000, 0x0000, 0x0000, 0x0000, 0x0000, 0x0000, 0x0000, 0x0000, 0x0000, 0x0000, 0x0000, 0x0000, 0x0000, 0x0000,
    0x0000, 0x0000, 0x0000, 0x0000, 0x0000, 0x0000, 0x0000, 0x94C7, 0x9D29, 0x9D29, 0xA129, 0x94C7, 0x90A9, 0x94CB, 0x94CB, 0x90C9,
    0x94C7, 0xA129, 0xA12A, 0xA129, 0x98E7, 0x0000, 0x0000, 0x0000, 0x0000, 0x0000, 0x0000, 0x0000, 0x0000, 0x0000, 0x0000, 0x0000,
    0x0000, 0x0000, 0x0000, 0x0000, 0x0000, 0x0000, 0x0000, 0x0000, 0x0000, 0x0000, 0x0000, 0x0000, 0x0000, 0x0000, 0x0000, 0x0000,
    0x0000, 0x0000, 0x0000, 0x0000, 0x0000, 0x0000, 0x94C6, 0x98E7, 0xA96F, 0xADB2, 0xADB2, 0xA56F, 0x98E9, 0x94C6, 0x0000, 0x0000,
    0x0000, 0x0000, 0x0000, 0x0000, 0x0000, 0x0000, 0x0000, 0x0000, 0x0000, 0x0000, 0x0000, 0x0000, 0x0000, 0x0000, 0x0000, 0x0000,
    0x0000, 0x0000, 0x0000, 0x0000, 0x0000, 0x0000, 0x0000, 0x0000, 0x0000, 0x0000, 0x0000, 0x0000, 0x0000, 0x0000, 0x0000, 0x0000,
    0x0000, 0x0000, 0x0000, 0x0000, 0x98E7, 0x98E7, 0x98E6, 0x98E7, 0x0000, 0x0000, 0x0000, 0x0000, 0x0000, 0x0000, 0x0000, 0x0000,
    0x0000, 0x0000, 0x0000, 0x0000, 0x0000, 0x0000, 0x0000, 0x0000, 0x0000, 0x0000, 0x0000, 0x0000, 0x0000, 0x0000, 0x0000, 0x0000,
    0x0000, 0x0000, 0x0000, 0x0000, 0x0000, 0x0000, 0x0000, 0x0000, 0x0000, 0x0000, 0x0000, 0x0000, 0x0000, 0x0000, 0x0000, 0x0000,
    0x0000, 0x0000, 0x0000, 0x0000, 0x0000, 0x0000, 0x0000, 0x0000, 0x0000, 0x0000, 0x0000, 0x0000, 0x0000, 0x0000, 0x0000, 0x0000,
    0x0000, 0x0000, 0x0000, 0x0000, 0x0000, 0x0000, 0x0000, 0x0000, 0x0000, 0x0000, 0x0000, 0x0000, 0x0000, 0x0000, 0x0000, 0x0000,
    0x0000, 0x0000, 0x0000, 0x0000, 0x0000, 0x0000, 0x0000, 0x0000, 0x0000, 0x0000, 0x0000, 0x0000, 0x0000, 0x0000, 0x0000, 0x0000,
    0x0000, 0x0000, 0x0000, 0x0000, 0x0000, 0x0000, 0x0000, 0x0000, 0x0000, 0x0000, 0x0000, 0x0000, 0x0000, 0x0000, 0x0000, 0x0000,
    0x0000, 0x0000, 0x0000, 0x0000, 0x0000, 0x0000, 0x0000, 0x0000, 0x0000, 0x0000, 0x0000, 0x0000, 0x0000, 0x0000, 0x0000, 0x0000,
    0x0000, 0x0000, 0x0000, 0x0000, 0x0000, 0x0000, 0x0000, 0x0000, 0x0000, 0x0000, 0x0000, 0x0000, 0x0000, 0x0000, 0x0000, 0x0000,
    0x0000, 0x0000, 0x0000, 0x0000, 0x0000, 0x0000, 0x0000, 0x0000, 0x0000, 0x0000, 0x0000, 0x0000, 0x0000, 0x0000, 0x0000, 0x0000,
  },
  // Angle 3
  {
    0x0000, 0x0000, 0x0000, 0x0000, 0x0000, 0x0000, 0x0000, 0x0000, 0x0000, 0x0000, 0x0000, 0x0000, 0x0000, 0x0000, 0x0000, 0x0000,
    0x0000, 0x0000, 0x0000, 0x0000, 0x0000, 0x0000, 0x0000, 0x0000, 0x0000, 0x0000, 0x0000, 0x0000, 0x0000, 0x0000, 0x0000, 0x0000,
    0x0000, 0x0000, 0x0000, 0x0000, 0x0000, 0x0000, 0x0000, 0x0000, 0x0000, 0x0000, 0x0000, 0x0000, 0x0000, 0x0000, 0x0000, 0x0000,
    0x0000, 0x0000, 0x0000, 0x0000, 0x0000, 0x0000, 0x0000, 0x0000, 0x0000, 0x0000, 0x0000, 0x0000, 0x0000, 0x0000, 0x0000, 0x0000,
    0x0000, 0x0000, 0x0000, 0x0000, 0x0000, 0x0000, 0x0000, 0x0000, 0x0000, 0x0000, 0x0000, 0x0000, 0x0000, 0x0000, 0x0000, 0x0000,
    0x0000, 0x0000, 0x0000, 0x0000, 0x0000, 0x0000, 0x0000, 0x0000, 0x0000, 0x0000, 0x0000, 0x0000, 0x0000, 0x0000, 0x0000, 0x0000,
    0x0000, 0x0000, 0x0000, 0x0000, 0x0000, 0x0000, 0x0000, 0x0000, 0x0000, 0x0000, 0x0000, 0x0000, 0x0000, 0x0000, 0x0000, 0x0000,
    0x0000, 0x0000, 0x0000, 0x0000, 0x0000, 0x0000, 0x0000, 0x0000, 0x0000, 0x0000, 0x0000, 0x0000, 0x0000, 0x0000, 0x0000, 0x0000,
    0x0000, 0x0000, 0x0000, 0x0000, 0x0000, 0x0000, 0x0000, 0x0000, 0x0000, 0x0000, 0x0000, 0x0000, 0x0000, 0x0000, 0x0000, 0x0000,
    0x0000, 0x0000, 0x0000, 0x0000, 0x0000, 0x0000, 0x0000, 0x0000, 0x0000, 0x0000, 0x0000, 0x0000, 0x0000, 0x0000, 0x0000, 0x0000,
    0x0000, 0x0000, 0x0000, 0x0000, 0x0000, 0x94A6, 0xB5CE, 0x0000, 0x0000, 0x0000, 0x0000, 0x0000, 0x0000, 0x0000, 0x0000, 0x0000,
    0x0000, 0x0000, 0x0000, 0x0000, 0x0000, 0x0000, 0x0000, 0x0000, 0x0000, 0x0000, 0x0000, 0x0000, 0x0000, 0x0000, 0x0000, 0x0000,
    0x0000, 0x0000, 0x0000, 0x0000, 0x0000, 0x0000, 0x0000, 0x0000, 0x0000, 0x0000, 0x0000, 0x0000, 0x0000, 0x0000, 0x0000, 0x0000,
    0x0000, 0xBE10, 0xAD8C, 0x9084, 0x0000, 0x0000, 0xAD8C, 0x0000, 0x0000, 0x0000, 0x0000, 0x0000, 0x0000, 0x0000, 0x0000, 0x0000,
    0x0000, 0x0000, 0x0000, 0x0000, 0x0000, 0x0000, 0x0000, 0x0000, 0x0000, 0x0000, 0x0000, 0x0000, 0x0000, 0x0000, 0x0000, 0x0000,
    0x0000, 0x0000, 0x0000, 0x0000, 0x0000, 0x0000, 0x0000, 0x0000, 0x0000, 0x0000, 0x0000, 0x8C63, 0xB5CF, 0xA96B, 0x9084, 0x0000,
    0x0000, 0xBE11, 0xB5EF, 0x98C7, 0x0000, 0x0000, 0x0000, 0x0000, 0x0000, 0x0000, 0x0000, 0x0000, 0x0000, 0x0000, 0x0000, 0x0000,
    0x0000, 0x0000, 0x0000, 0x0000, 0x0000, 0x0000, 0x0000, 0x0000, 0x0000, 0x0000, 0x0000, 0x0000, 0x0000, 0x0000, 0x0000, 0x0000,
    0x0000, 0x0000, 0x0000, 0x0000, 0x0000, 0x0000, 0x9084, 0xADAD, 0x9D09, 0x90A5, 0x0000, 0x0000, 0xB9EF, 0xB5CF, 0x94A5, 0x8C63,
    0x0000, 0x0000, 0x0000, 0x0000, 0x0000, 0x0000, 0x0000, 0x0000, 0x0000, 0x0000, 0x0000, 0x0000, 0x0000, 0x0000, 0x0000, 0x0000,
    0x0000, 0x0000, 0x0000, 0x0000, 0x0000, 0x0000, 0x0000, 0x0000, 0x0000, 0x0000, 0x0000, 0x0000, 0x0000, 0x0000, 0x0000, 0x0000,
    0x0000, 0x0000, 0xBE10, 0xA54B, 0x94A5, 0x0000, 0x0000, 0xAD8C, 0xA14A, 0x98C6, 0x8842, 0x0000, 0x0000, 0x0000, 0x0000, 0x0000,
    0x0000, 0x0000, 0x0000, 0x0000, 0x0000, 0x0000, 0x0000, 0x0000, 0x0000, 0x0000, 0x0000, 0x0000, 0x0000, 0x0000, 0x0000, 0x0000,
    0x0000, 0x0000, 0x0000, 0x0000, 0x0000, 0x0000, 0x0000, 0x0000, 0x0000, 0x0000, 0x0000, 0x0000, 0x98C6, 0xB9EF, 0xA129, 0x9084,
    0x0000, 0x0000, 0xBE10, 0xA54A, 0x90A5, 0x0000, 0x0000, 0x0000, 0x0000, 0x0000, 0x0000, 0x0000, 0x0000, 0x0000, 0x0000, 0x0000,
    0x0000, 0x0000, 0x0000, 0x0000, 0x0000, 0x0000, 0x0000, 0x0000, 0x0000, 0x0000, 0x0000, 0x0000, 0x0000, 0x0000, 0x0000, 0x0000,
    0x0000, 0x0000, 0x0000, 0x0000, 0x0000, 0x0000, 0x0000, 0x9CE8, 0xB9CF, 0x9CE8, 0x8C84, 0x0000, 0x0000, 0xBE10, 0xAD8C, 0x9084,
    0x0000, 0x0000, 0x0000, 0x0000, 0x0000, 0x0000, 0x0000, 0x0000, 0x0000, 0x0000, 0x0000, 0x0000, 0x0000, 0x0000, 0x0000, 0x0000,
    0x0000, 0x0000, 0x0000, 0x0000, 0x0000, 0x0000, 0x0000, 0x0000, 0x0000, 0x0000, 0x0000, 0x0000, 0x0000, 0x0000, 0x0000, 0x0000,
    0x0000, 0x0000, 0xA12A, 0xB5F0, 0xA109, 0x90A5, 0x9084, 0x98C7, 0xB5CF, 0xA129, 0x90A5, 0x0000, 0x0000, 0x0000, 0x0000, 0x0000,
    0x0000, 0x0000, 0x0000, 0x0000, 0x0000, 0x0000, 0x0000, 0x0000, 0x0000, 0x0000, 0x0000, 0x0000, 0x0000, 0x0000, 0x0000, 0x0000,
    0x0000, 0x0000, 0x0000, 0x0000, 0x0000, 0x0000, 0x0000, 0x8C89, 0x90AB, 0x90A8, 0x0000, 0x0000, 0x0000, 0x9D08, 0xA54B, 0x9D2A,
    0x9084, 0x94A5, 0xA14B, 0xB610, 0xA109, 0x8842, 0x98E7, 0x0000, 0x0000, 0x0000, 0x0000, 0x0000, 0x0000, 0x0000, 0x0000, 0x0000,
    0x0000, 0x0000, 0x0000, 0x0000, 0x0000, 0x0000, 0x0000, 0x0000, 0x0000, 0x0000, 0x0000, 0x0000, 0x0000, 0x0000, 0x0000, 0x0000,
    0x0000, 0x8C88, 0x98F0, 0x9912, 0x9912, 0xA14F, 0xA58C, 0x9D2A, 0x9D09, 0x9D09, 0x9085, 0x9085, 0x94A5, 0x98E7, 0xA56B, 0xA14B,
    0x8C84, 0x9D08, 0x94C6, 0x0000, 0x0000, 0x0000, 0x0000, 0x0000, 0x0000, 0x0000, 0x0000, 0x0000, 0x0000, 0x0000, 0x0000, 0x0000,
    0x0000, 0x0000, 0x0000, 0x0000, 0x0000, 0x0000, 0x0000, 0x0000, 0x0000, 0x0000, 0x0000, 0x0000, 0x98EE, 0x98F0, 0x94AD, 0x94AD,
    0x98CF, 0x94CE, 0x98EC, 0x9D2C, 0xA14C, 0xA16B, 0x9D09, 0x94C7, 0x9CE8, 0xA54B, 0x94A6, 0x8C64, 0x9D09, 0x94C6, 0x0000, 0x0000,
    0x0000, 0x0000, 0x0000, 0x0000, 0x0000, 0x0000, 0x0000, 0x0000, 0x0000, 0x0000, 0x0000, 0x0000, 0x0000, 0x0000, 0x0000, 0x0000,
    0x0000, 0x0000, 0x0000, 0x0000, 0x0000, 0x0000, 0x8C88, 0x9911, 0x94EF, 0x94AC, 0x98F2, 0x9913, 0x9913, 0x9D13, 0x9913, 0x94CF,
    0x98EE, 0xA150, 0xA58E, 0xA56C, 0xA14B, 0x94C6, 0x8842, 0x98E8, 0x94C6, 0x0000, 0x0000, 0x0000, 0x0000, 0x0000, 0x0000, 0x0000,
    0x0000, 0x0000, 0x0000, 0x0000, 0x0000, 0x0000, 0x0000, 0x0000, 0x0000, 0x0000, 0x0000, 0x0000, 0x0000, 0x0000, 0x0000, 0x0000,
    0x8C86, 0x9911, 0x9913, 0x98F1, 0x94AC, 0x98CD, 0x9912, 0x9D14, 0x9914, 0x9915, 0x9D35, 0x98F0, 0x94AC, 0x9914, 0x9912, 0x9D0F,
    0x9D31, 0x90AA, 0x98C6, 0x94C7, 0x0000, 0x0000, 0x0000, 0x0000, 0x0000, 0x0000, 0x0000, 0x0000, 0x0000, 0x0000, 0x0000, 0x0000,
    0x0000, 0x0000, 0x0000, 0x0000, 0x0000, 0x0000, 0x0000, 0x0000, 0x0000, 0x0000, 0x9085, 0x94E7, 0x94CA, 0x98F0, 0x9D13, 0x9912,
    0x908A, 0x94CB, 0x9CED, 0x9CEF, 0xA156, 0xA154, 0x990F, 0x94CB, 0x90AA, 0x9913, 0x9914, 0x94F2, 0x9915, 0x9D31, 0x9084, 0x0000,
    0x0000, 0x0000, 0x0000, 0x0000, 0x0000, 0x0000, 0x0000, 0x0000, 0x0000, 0x0000, 0x0000, 0x0000, 0x0000, 0x0000, 0x0000, 0x0000,
    0x0000, 0x0000, 0x0000, 0x0000, 0x0000, 0x98EA, 0x9D2B, 0xA16D, 0xA58D, 0x98E9, 0x9489, 0x98CE, 0x98CE, 0x94AA, 0x90A9, 0x94AA,
    0x98CD, 0x98ED, 0x98CC, 0x94CC, 0x98F1, 0x9913, 0x9914, 0x9D55, 0x9910, 0x98ED, 0x8424, 0x0000, 0x0000, 0x0000, 0x0000, 0x0000,
    0x0000, 0x0000, 0x0000, 0x0000, 0x0000, 0x0000, 0x0000, 0x0000, 0x0000, 0x0000, 0x0000, 0x0000, 0x0000, 0x0000, 0x0000, 0x0000,
    0x94AB, 0xA56F, 0xAE12, 0xADF1, 0x9D4C, 0x990D, 0x94AC, 0x9089, 0x94AB, 0x98ED, 0x98ED, 0x98CE, 0x94CD, 0x94CE, 0x98F1, 0x9D34,
    0x9910, 0xA132, 0x9D32, 0x94CC, 0x94AA, 0x94AA, 0x9089, 0x0000, 0x0000, 0x0000, 0x0000, 0x0000, 0x0000, 0x0000, 0x0000, 0x0000,
    0x0000, 0x0000, 0x0000, 0x0000, 0x0000, 0x0000, 0x0000, 0x0000, 0x0000, 0x0000, 0x0000, 0x8C66, 0x94AA, 0xA16E, 0xBA76, 0xA9AF,
    0x90A8, 0x9D32, 0x9D54, 0x9D33, 0x98F0, 0x9088, 0x94CA, 0x98EE, 0xA134, 0xA156, 0x9912, 0x98CE, 0x9089, 0x98ED, 0x94AC, 0x948A,
    0x94AA, 0x94AA, 0x94AA, 0x0000, 0x0000, 0x0000, 0x0000, 0x0000, 0x0000, 0x0000, 0x0000, 0x0000, 0x0000, 0x0000, 0x0000, 0x0000,
    0x0000, 0x0000, 0x0000, 0x0000, 0x0000, 0x0000, 0x0000, 0x9087, 0x94AA, 0x990A, 0x9D4C, 0x94C7, 0x94CA, 0x9D0F, 0xA131, 0xA131,
    0x94EC, 0x9D4C, 0x9D6C, 0x9D4B, 0x9D0D, 0x9D10, 0x94AB, 0x94AA, 0x9087, 0x94AA, 0x9089, 0x94CC, 0x98EE, 0x94CA, 0x9088, 0x0000,
    0x0000, 0x0000, 0x0000, 0x0000, 0x0000, 0x0000, 0x0000, 0x0000, 0x0000, 0x0000, 0x0000, 0x0000, 0x0000, 0x0000, 0x0000, 0x0000,
    0x0000, 0x0000, 0x0000, 0x9087, 0x9089, 0x94E9, 0x9D2A, 0x90C7, 0x9084, 0x90A6, 0x94C9, 0xA14D, 0xB653, 0xA9F1, 0xA9F1, 0xA5AF,
    0x90A7, 0x98CC, 0x9089, 0x9087, 0x90A9, 0x94CB, 0x94CB, 0x94CA, 0x90A7, 0x94E8, 0x9D2C, 0x98EB, 0x0000, 0x0000, 0x0000, 0x0000,
    0x0000, 0x0000, 0x0000, 0x0000, 0x0000, 0x0000, 0x0000, 0x0000, 0x0000, 0x0000, 0x0000, 0x0000, 0x0000, 0x0000, 0x0000, 0x8C45,
    0x9088, 0x9909, 0x9D2A, 0x90A6, 0x9084, 0x9084, 0x8C84, 0xA16C, 0xAE33, 0xC2B7, 0xA18E, 0x952A, 0x8C86, 0x94AB, 0x8C67, 0x9088,
    0x98EC, 0x9D0E, 0x94C8, 0x94E7, 0x992B, 0x9D4C, 0xA18D, 0xB614, 0x9D0C, 0x0000, 0x0000, 0x0000, 0x0000, 0x0000, 0x0000, 0x0000,
    0x0000, 0x0000, 0x0000, 0x0000, 0x0000, 0x0000, 0x0000, 0x0000, 0x0000, 0x0000, 0x0000, 0x0000, 0x9087, 0x8CA6, 0x98E8, 0x90A6,
    0x8C85, 0x90A6, 0x94A5, 0x98E9, 0x9D4C, 0xA16D, 0x90E9, 0x952B, 0x90C8, 0x94AA, 0x94CB, 0x98EB, 0x8C86, 0x94A9, 0x990E, 0xA16E,
    0xA5AE, 0xA9F1, 0xAE12, 0xA58E, 0xADD3, 0x0000, 0x0000, 0x0000, 0x0000, 0x0000, 0x0000, 0x0000, 0x0000, 0x0000, 0x0000, 0x0000,
    0x0000, 0x0000, 0x0000, 0x0000, 0x0000, 0x0000, 0x0000, 0x0000, 0x8C45, 0x9088, 0x8C86, 0x90A6, 0x8C84, 0x94C8, 0x9086, 0x98E8,
    0x94E9, 0x992B, 0x9109, 0x952A, 0x90A8, 0x98CD, 0x990C, 0x90A8, 0x8C66, 0x94AA, 0x98CE, 0xA154, 0xADD2, 0xB212, 0xA9F1, 0x9D4C,
    0xA58F, 0x9087, 0x0000, 0x0000, 0x0000, 0x0000, 0x0000, 0x0000, 0x0000, 0x0000, 0x0000, 0x0000, 0x0000, 0x0000, 0x0000, 0x0000,
    0x0000, 0x0000, 0x0000, 0x0000, 0x0000, 0x8844, 0x9066, 0x8864, 0x8C83, 0x9085, 0x8C86, 0x98E9, 0x992A, 0x992A, 0x90E9, 0x9109,
    0x90A7, 0x94AB, 0x90A9, 0x9088, 0x9088, 0x94A9, 0x9089, 0x9D10, 0xA995, 0xA9AF, 0xA18D, 0x9D4C, 0x9D2B, 0x90A7, 0x0000, 0x0000,
    0x0000, 0x0000, 0x0000, 0x0000, 0x0000, 0x0000, 0x0000, 0x0000, 0x0000, 0x0000, 0x0000, 0x0000, 0x0000, 0x0000, 0x0000, 0x0000,
    0x0000, 0x0000, 0x0000, 0x0000, 0x9084, 0x8C84, 0x8C65, 0x8C85, 0x9908, 0x992B, 0x9109, 0x90C6, 0x8C86, 0x94AA, 0x90A9, 0x9088,
    0x9087, 0x94AA, 0x94AB, 0x94AB, 0xA553, 0xA14D, 0x992A, 0x9509, 0x9909, 0x8C86, 0x0000, 0x0000, 0x0000, 0x0000, 0x0000, 0x0000,
    0x0000, 0x0000, 0x0000, 0x0000, 0x0000, 0x0000, 0x0000, 0x0000, 0x0000, 0x0000, 0x0000, 0x0000, 0x0000, 0x0000, 0x0000, 0x0000,
    0x90A5, 0x8C84, 0x8C85, 0x90A7, 0x8C86, 0x90C6, 0x94C7, 0x8C63, 0x8C64, 0x9087, 0x8C66, 0x9088, 0x8C66, 0x94A9, 0x98ED, 0x94AB,
    0x98EE, 0x98EB, 0x94E8, 0x90C7, 0x94C7, 0x8863, 0x0000, 0x0000, 0x0000, 0x0000, 0x0000, 0x0000, 0x0000, 0x0000, 0x0000, 0x0000,
    0x0000, 0x0000, 0x0000, 0x0000, 0x0000, 0x0000, 0x0000, 0x0000, 0x0000, 0x0000, 0x0000, 0x0000, 0x8C63, 0x9084, 0x8842, 0x9084,
    0x90A7, 0x8C64, 0x94A5, 0x8C63, 0x94A5, 0x8C63, 0x8C84, 0x9088, 0x8C66, 0x9087, 0x94CB, 0x94AB, 0x94AB, 0x94C8, 0x94C7, 0x90C6,
    0x94C6, 0x0000, 0x0000, 0x0000, 0x0000, 0x0000, 0x0000, 0x0000, 0x0000, 0x0000, 0x0000, 0x0000, 0x0000, 0x0000, 0x0000, 0x0000,
    0x0000, 0x0000, 0x0000, 0x0000, 0x0000, 0x0000, 0x0000, 0x0000, 0x0000, 0x0000, 0x9085, 0x8C63, 0x8C63, 0x8C84, 0x9084, 0x8C63,
    0x9084, 0x9063, 0x9085, 0x94A9, 0x8C65, 0x9087, 0x9087, 0x9089, 0x94AB, 0x94C8, 0x8C84, 0x8863, 0x0000, 0x0000, 0x0000, 0x0000,
    0x0000, 0x0000, 0x0000, 0x0000, 0x0000, 0x0000, 0x0000, 0x0000, 0x0000, 0x0000, 0x0000, 0x0000, 0x0000, 0x0000, 0x0000, 0x0000,
    0x0000, 0x0000, 0x0000, 0x0000, 0x0000, 0x94C6, 0x90A5, 0x9085, 0x8C63, 0x8C63, 0x8C63, 0x9084, 0x8C84, 0x9084, 0x8C84, 0x90A9,
    0x8C65, 0x8C66, 0x9088, 0x9089, 0x9489, 0x9085, 0x90A5, 0x0000, 0x0000, 0x0000, 0x0000, 0x0000, 0x0000, 0x0000, 0x0000, 0x0000,
    0x0000, 0x0000, 0x0000, 0x0000, 0x0000, 0x0000, 0x0000, 0x0000, 0x0000, 0x0000, 0x0000, 0x0000, 0x0000, 0x0000, 0x0000, 0x0000,
    0x98E7, 0x98E7, 0x8843, 0x9085, 0x98E7, 0x94A5, 0x90A5, 0x9084, 0x9084, 0x8C63, 0x8C64, 0x8C64, 0x8C84, 0x9084, 0x8C65, 0x9087,
    0x8C85, 0x8842, 0x94C6, 0x9D08, 0x9084, 0x0000, 0x0000, 0x0000, 0x0000, 0x0000, 0x0000, 0x0000, 0x0000, 0x0000, 0x0000, 0x0000,
    0x0000, 0x0000, 0x0000, 0x0000, 0x0000, 0x0000, 0x0000, 0x0000, 0x0000, 0x0000, 0x0000, 0x94A6, 0xA109, 0x94C6, 0x8842, 0x94A6,
    0xA96B, 0xA129, 0x98E7, 0x94A5, 0x98E7, 0x94A5, 0x98C7, 0x98E7, 0x94A5, 0x98C6, 0x98E7, 0xA12A, 0x94E7, 0x8842, 0x94A6, 0x9D08,
    0x94A5, 0x0000, 0x0000, 0x0000, 0x0000, 0x0000, 0x0000, 0x0000, 0x0000, 0x0000, 0x0000, 0x0000, 0x0000, 0x0000, 0x0000, 0x0000,
    0x0000, 0x0000, 0x0000, 0x0000, 0x0000, 0x0000, 0x0000, 0x8C43, 0x98E7, 0x9D08, 0x8863, 0x90A5, 0x9D29, 0xA54B, 0x98E7, 0x8C64,
    0x94A6, 0x9084, 0x98E7, 0x90A5, 0x8C64, 0x94C6, 0xA129, 0x98E8, 0x90A5, 0x8842, 0xA108, 0x98E7, 0x8842, 0x0000, 0x0000, 0x0000,
    0x0000, 0x0000, 0x0000, 0x0000, 0x0000, 0x0000, 0x0000, 0x0000, 0x0000, 0x0000, 0x0000, 0x0000, 0x0000, 0x0000, 0x0000, 0x0000,
    0x0000, 0x0000, 0x0000, 0x0000, 0x94A5, 0xA129, 0x9D08, 0x90A5, 0x90A5, 0x9D08, 0x90A5, 0x9085, 0x8C64, 0x8C63, 0x8C64, 0x8C63,
    0x94A5, 0x94A5, 0x9D08, 0x94A5, 0x9084, 0x9D08, 0xA52A, 0x94C6, 0x0000, 0x0000, 0x0000, 0x0000, 0x0000, 0x0000, 0x0000, 0x0000,
    0x0000, 0x0000, 0x0000, 0x0000, 0x0000, 0x0000, 0x0000, 0x0000, 0x0000, 0x0000, 0x0000, 0x0000, 0x0000, 0x0000, 0x0000, 0x0000,
    0x94A5, 0x90A5, 0xA54A, 0xA94B, 0x98E7, 0x90A5, 0x8C63, 0x8C63, 0x8863, 0x8C64, 0x8C64, 0x8C63, 0x9063, 0x8C63, 0x90A5, 0x94C6,
    0xA54A, 0xA54A, 0x90A5, 0x94C5, 0x0000, 0x0000, 0x0000, 0x0000, 0x0000, 0x0000, 0x0000, 0x0000, 0x0000, 0x0000, 0x0000, 0x0000,
    0x0000, 0x0000, 0x0000, 0x0000, 0x0000, 0x0000, 0x0000, 0x0000, 0x0000, 0x0000, 0x0000, 0x0000, 0x90A7, 0x98CC, 0x9087, 0x98E7,
    0xA54A, 0xA54A, 0xA12A, 0x9D09, 0x9D08, 0x9D07, 0x9D08, 0x9CE7, 0x9D08, 0xA54A, 0xA54A, 0xA54A, 0x98E7, 0x9087, 0x98ED, 0x90A7,
    0x0000, 0x0000, 0x0000, 0x0000, 0x0000, 0x0000, 0x0000, 0x0000, 0x0000, 0x0000, 0x0000, 0x0000, 0x0000, 0x0000, 0x0000, 0x0000,
    0x0000, 0x0000, 0x0000, 0x0000, 0x0000, 0x0000, 0x0000, 0x0000, 0x98E8, 0xA571, 0x98EF, 0x90CA, 0x94C6, 0x94C6, 0x98E7, 0xA129,
    0xA96B, 0xA56B, 0xA54B, 0xA96B, 0xA129, 0x9CE7, 0x98E7, 0x94C7, 0x94CA, 0x98EF, 0xA551, 0x9D0A, 0x0000, 0x0000, 0x0000, 0x0000,
    0x0000, 0x0000, 0x0000, 0x0000, 0x0000, 0x0000, 0x0000, 0x0000, 0x0000, 0x0000, 0x0000, 0x0000, 0x0000, 0x0000, 0x0000, 0x0000,
    0x0000, 0x0000, 0x0000, 0x0000, 0x0000, 0x98E7, 0xA14E, 0xA56D, 0x94C6, 0x98E8, 0x9D09, 0x9D09, 0x9D29, 0x9D08, 0xA108, 0x9D09,
    0x9D09, 0xA129, 0x9D08, 0x94C6, 0xA12B, 0xA54D, 0x98E7, 0x0000, 0x0000, 0x0000, 0x0000, 0x0000, 0x0000, 0x0000, 0x0000, 0x0000,
    0x0000, 0x0000, 0x0000, 0x0000, 0x0000, 0x0000, 0x0000, 0x0000, 0x0000, 0x0000, 0x0000, 0x0000, 0x0000, 0x0000, 0x0000, 0x0000,
    0x0000, 0x0000, 0x9084, 0x90A4, 0x0000, 0x0000, 0x90A5, 0x98E8, 0x9D09, 0xA129, 0xA129, 0x9D09, 0x98E8, 0x90A6, 0x0000, 0x0000,
    0x8C83, 0x9084, 0x0000, 0x0000, 0x0000, 0x0000, 0x0000, 0x0000, 0x0000, 0x0000, 0x0000, 0x0000, 0x0000, 0x0000, 0x0000, 0x0000,
    0x0000, 0x0000, 0x0000, 0x0000, 0x0000, 0x0000, 0x0000, 0x0000, 0x0000, 0x0000, 0x0000, 0x0000, 0x0000, 0x0000, 0x0000, 0x0000,
    0x0000, 0x0000, 0x0000, 0x0000, 0x0000, 0x0000, 0x0000, 0x0000, 0x0000, 0x0000, 0x0000, 0x0000, 0x0000, 0x0000, 0x0000, 0x0000,
    0x0000, 0x0000, 0x0000, 0x0000, 0x0000, 0x0000, 0x0000, 0x0000, 0x0000, 0x0000, 0x0000, 0x0000, 0x0000, 0x0000, 0x0000, 0x0000,
    0x0000, 0x0000, 0x0000, 0x0000, 0x0000, 0x0000, 0x0000, 0x0000, 0x0000, 0x0000, 0x0000, 0x0000, 0x0000, 0x0000, 0x0000, 0x0000,
    0x0000, 0x0000, 0x0000, 0x0000, 0x0000, 0x0000, 0x0000, 0x0000, 0x0000, 0x0000, 0x0000, 0x0000, 0x0000, 0x0000, 0x0000, 0x0000,
    0x0000, 0x0000, 0x0000, 0x0000, 0x0000, 0x0000, 0x0000, 0x0000, 0x0000, 0x0000, 0x0000, 0x0000, 0x0000, 0x0000, 0x0000, 0x0000,
    0x0000, 0x0000, 0x0000, 0x0000, 0x0000, 0x0000, 0x0000, 0x0000, 0x0000, 0x0000, 0x0000, 0x0000, 0x0000, 0x0000, 0x0000, 0x0000,
    0x0000, 0x0000, 0x0000, 0x0000, 0x0000, 0x0000, 0x0000, 0x0000, 0x0000, 0x0000, 0x0000, 0x0000, 0x0000, 0x0000, 0x0000, 0x0000,
    0x0000, 0x0000, 0x0000, 0x0000, 0x0000, 0x0000, 0x0000, 0x0000, 0x0000, 0x0000, 0x0000, 0x0000, 0x0000, 0x0000, 0x0000, 0x0000,
    0x0000, 0x0000, 0x0000, 0x0000, 0x0000, 0x0000, 0x0000, 0x0000, 0x0000, 0x0000, 0x0000, 0x0000, 0x0000, 0x0000, 0x0000, 0x0000,
    0x0000, 0x0000, 0x0000, 0x0000, 0x0000, 0x0000, 0x0000, 0x0000, 0x0000, 0x0000, 0x0000, 0x0000, 0x0000, 0x0000, 0x0000, 0x0000,
  },
  // Angle 4
  {
    0x0000, 0x0000, 0x0000, 0x0000, 0x0000, 0x0000, 0x0000, 0x0000, 0x0000, 0x0000, 0x0000, 0x0000, 0x0000, 0x0000, 0x0000, 0x0000,
    0x0000, 0x0000, 0x0000, 0x0000, 0x0000, 0x0000, 0x0000, 0x0000, 0x0000, 0x0000, 0x0000, 0x0000, 0x0000, 0x0000, 0x0000, 0x0000,
    0x0000, 0x0000, 0x0000, 0x0000, 0x0000, 0x0000, 0x0000, 0x0000, 0x0000, 0x0000, 0x0000, 0x0000, 0x0000, 0x0000, 0x0000, 0x0000,
    0x0000, 0x0000, 0x0000, 0x0000, 0x0000, 0x0000, 0x0000, 0x0000, 0x0000, 0x0000, 0x0000, 0x0000, 0x0000, 0x0000, 0x0000, 0x0000,
    0x0000, 0x0000, 0x0000, 0x0000, 0x0000, 0x0000, 0x0000, 0x0000, 0x0000, 0x0000, 0x0000, 0x0000, 0x0000, 0x0000, 0x0000, 0x0000,
    0x0000, 0x0000, 0x0000, 0x0000, 0x0000, 0x0000, 0x0000, 0x0000, 0x0000, 0x0000, 0x0000, 0x0000, 0x0000, 0x0000, 0x0000, 0x0000,
    0x0000, 0x0000, 0x0000, 0x0000, 0x0000, 0x0000, 0x0000, 0x0000, 0x0000, 0x0000, 0x0000, 0x0000, 0x0000, 0x0000, 0x0000, 0x0000,
    0x0000, 0x0000, 0x0000, 0x0000, 0x0000, 0x0000, 0x0000, 0x0000, 0x0000, 0x0000, 0x0000, 0x0000, 0x0000, 0x0000, 0x0000, 0x0000,
    0x0000, 0x0000, 0x0000, 0x0000, 0x0000, 0x0000, 0x0000, 0x0000, 0x0000, 0x0000, 0x0000, 0x0000, 0x0000, 0x0000, 0x0000, 0x0000,
    0x0000, 0x0000, 0x0000, 0x0000, 0x0000, 0x0000, 0x0000, 0x0000, 0x0000, 0x0000, 0x0000, 0x0000, 0x0000, 0x0000, 0x0000, 0x0000,
    0x0000, 0x0000, 0x0000, 0x0000, 0x0000, 0x0000, 0x0000, 0x0000, 0x0000, 0x0000, 0x0000, 0x0000, 0x0000, 0x0000, 0x0000, 0x0000,
    0x0000, 0x0000, 0x0000, 0x0000, 0x0000, 0x0000, 0x0000, 0x0000, 0x0000, 0x0000, 0x0000, 0x0000, 0x0000, 0x0000, 0x0000, 0x0000,
    0x0000, 0x0000, 0x0000, 0x0000, 0x0000, 0x0000, 0x0000, 0x0000, 0x0000, 0x0000, 0x0000, 0x0000, 0x0000, 0x0000, 0x0000, 0x0000,
    0x0000, 0x0000, 0x0000, 0x0000, 0x0000, 0x0000, 0x0000, 0x0000, 0x0000, 0x0000, 0x0000, 0x0000, 0x0000, 0x0000, 0x0000, 0x0000,
    0x0000, 0x0000, 0x0000, 0x0000, 0x0000, 0x0000, 0x0000, 0x0000, 0x0000, 0x0000, 0x0000, 0x0000, 0x0000, 0x0000, 0x0000, 0x0000,
    0x0000, 0x0000, 0x0000, 0x0000, 0x0000, 0x0000, 0x0000, 0x0000, 0x0000, 0x0000, 0x0000, 0x0000, 0x0000, 0x0000, 0x0000, 0x0000,
    0x0000, 0x0000, 0x0000, 0x0000, 0x0000, 0x0000, 0x0000, 0x0000, 0x0000, 0x0000, 0x0000, 0x0000, 0x0000, 0x0000, 0x0000, 0x0000,
    0x0000, 0x0000, 0x0000, 0x0000, 0x0000, 0x0000, 0x0000, 0x0000, 0x0000, 0x0000, 0x0000, 0x0000, 0x0000, 0x0000, 0x0000, 0x0000,
    0x0000, 0x0000, 0x0000, 0x0000, 0x0000, 0x0000, 0x0000, 0x0000, 0x0000, 0x0000, 0x0000, 0x0000, 0x0000, 0x0000, 0xB18C, 0x0000,
    0x0000, 0x0000, 0x0000, 0x0000, 0x0000, 0x0000, 0x0000, 0x0000, 0x0000, 0x0000, 0x0000, 0x0000, 0x0000, 0x0000, 0x0000, 0x0000,
    0x0000, 0x0000, 0x0000, 0x0000, 0x0000, 0x0000, 0x0000, 0x0000, 0x0000, 0x0000, 0x0000, 0x0000, 0x0000, 0x0000, 0x0000, 0x0000,
    0x0000, 0x0000, 0x0000, 0x0000, 0x0000, 0x0000, 0x0000, 0x0000, 0xA129, 0xBE10, 0xB1CE, 0x98E7, 0x0000, 0x0000, 0x0000, 0x0000,
    0x0000, 0x0000, 0x0000, 0x0000, 0x0000, 0x0000, 0x0000, 0x0000, 0x0000, 0x0000, 0x0000, 0x0000, 0x0000, 0x0000, 0x0000, 0x0000,
    0x0000, 0x0000, 0x0000, 0x0000, 0x0000, 0x0000, 0x0000, 0x0000, 0x0000, 0x0000, 0x0000, 0x0000, 0x0000, 0x0000, 0x0000, 0x0000,
    0x0000, 0x0000, 0x0000, 0xA129, 0xB5CE, 0xA56B, 0x90A5, 0x0000, 0x0000, 0x98E7, 0xBE10, 0x9CE7, 0x0000, 0x0000, 0x0000, 0x0000,
    0x0000, 0x0000, 0x0000, 0x0000, 0x0000, 0x0000, 0x0000, 0x0000, 0x0000, 0x0000, 0x0000, 0x0000, 0x0000, 0x0000, 0x0000, 0x0000,
    0x0000, 0x0000, 0x0000, 0x0000, 0x0000, 0x0000, 0x0000, 0x0000, 0x0000, 0x0000, 0x0000, 0x0000, 0x0000, 0xA129, 0xB9EF, 0xA96B,
    0x94C7, 0x90A5, 0x0000, 0x0000, 0xB1AD, 0xBE10, 0xA96B, 0x98E7, 0x0000, 0x0000, 0x0000, 0x0000, 0x0000, 0x0000, 0x0000, 0x0000,
    0x0000, 0x0000, 0x0000, 0x0000, 0x0000, 0x0000, 0x0000, 0x0000, 0x0000, 0x0000, 0x0000, 0x0000, 0x0000, 0x0000, 0x0000, 0x0000,
    0x0000, 0x0000, 0x0000, 0x0000, 0x0000, 0x0000, 0x0000, 0x94A5, 0xB5CE, 0xB1AE, 0x9D09, 0x90A5, 0x0000, 0x0000, 0xA108, 0xA98C,
    0xADAD, 0xA129, 0x9084, 0x0000, 0x0000, 0x0000, 0x0000, 0x0000, 0x0000, 0x0000, 0x0000, 0x0000, 0x0000, 0x0000, 0x0000, 0x0000,
    0x0000, 0x0000, 0x0000, 0x0000, 0x0000, 0x0000, 0x0000, 0x0000, 0x0000, 0x0000, 0x0000, 0x0000, 0x0000, 0x0000, 0x0000, 0x0000,
    0x0000, 0x0000, 0xA96B, 0xB9F0, 0xA54A, 0x94C6, 0x0000, 0x0000, 0x0000, 0xB1AE, 0xB5CF, 0x9D09, 0x90A5, 0x8C63, 0x0000, 0x0000,
    0x0000, 0x0000, 0x0000, 0x0000, 0x0000, 0x0000, 0x0000, 0x0000, 0x0000, 0x0000, 0x0000, 0x0000, 0x0000, 0x0000, 0x0000, 0x0000,
    0x0000, 0x0000, 0x0000, 0x90CC, 0x9911, 0x9910, 0x990A, 0x98E8, 0x0000, 0x0000, 0x0000, 0x0000, 0x9D09, 0xB1CF, 0xAD8E, 0x98E7,
    0x90A5, 0x8C63, 0x0000, 0xA96B, 0xB9EF, 0xA54B, 0x94C6, 0x8C63, 0x0000, 0x0000, 0x0000, 0x0000, 0x0000, 0x0000, 0x0000, 0x0000,
    0x0000, 0x0000, 0x0000, 0x0000, 0x0000, 0x0000, 0x0000, 0x0000, 0x0000, 0x0000, 0x0000, 0x0000, 0x0000, 0x908A, 0x98F0, 0x98EF,
    0x94CF, 0x98ED, 0xA16D, 0xA14B, 0x9D2A, 0x90A6, 0x98C7, 0xA54A, 0xA109, 0x9D29, 0x90A6, 0x8C63, 0x94C6, 0x9D29, 0xB9EF, 0xB1AD,
    0x98E7, 0x9084, 0x0000, 0x0000, 0x0000, 0x0000, 0x0000, 0x0000, 0x0000, 0x0000, 0x0000, 0x0000, 0x0000, 0x0000, 0x0000, 0x0000,
    0x0000, 0x0000, 0x0000, 0x0000, 0x0000, 0x0000, 0x0000, 0x8845, 0x98F1, 0x98F1, 0x94AE, 0x94CE, 0x94CF, 0x98CF, 0x98EE, 0x990C,
    0xA16D, 0xA58D, 0xA56C, 0xA54B, 0x94A5, 0x90A5, 0x90A5, 0x98E7, 0xA54B, 0xB1D0, 0x9D09, 0x8C63, 0x94A5, 0xA129, 0x0000, 0x0000,
    0x0000, 0x0000, 0x0000, 0x0000, 0x0000, 0x0000, 0x0000, 0x0000, 0x0000, 0x0000, 0x0000, 0x0000, 0x0000, 0x0000, 0x0000, 0x0000,
    0x0000, 0x0000, 0x908A, 0x9913, 0x94D0, 0x94AC, 0x98F2, 0x9914, 0x9914, 0x98F2, 0x9913, 0x98F2, 0x94CD, 0x9D10, 0xA14E, 0xA58D,
    0xA56C, 0xA12B, 0xA129, 0xA529, 0x94C6, 0x94C7, 0x8C84, 0x98E8, 0xA129, 0x0000, 0x0000, 0x0000, 0x0000, 0x0000, 0x0000, 0x0000,
    0x0000, 0x0000, 0x0000, 0x0000, 0x0000, 0x0000, 0x0000, 0x0000, 0x0000, 0x0000, 0x0000, 0x0000, 0x94A8, 0x9D33, 0x9914, 0x94D1,
    0x94AB, 0x94CB, 0x9910, 0x9D12, 0x9D35, 0x9D35, 0x9D35, 0x9911, 0x94AB, 0x98F1, 0x9914, 0x9910, 0x9910, 0x9911, 0xA14B, 0x94C6,
    0x8842, 0x90A5, 0xA12A, 0x98C7, 0x0000, 0x0000, 0x0000, 0x0000, 0x0000, 0x0000, 0x0000, 0x0000, 0x0000, 0x0000, 0x0000, 0x0000,
    0x0000, 0x0000, 0x0000, 0x0000, 0x0000, 0x0000, 0x94C7, 0x98E8, 0x94E9, 0x98ED, 0x9D11, 0x9D13, 0x90AB, 0x90A8, 0x98ED, 0x98EE,
    0xA133, 0xA154, 0x990F, 0x98CC, 0x90AA, 0x98F0, 0x9914, 0x98F4, 0x9915, 0x9D54, 0x98EA, 0x9084, 0x98E7, 0x9D09, 0x0000, 0x0000,
    0x0000, 0x0000, 0x0000, 0x0000, 0x0000, 0x0000, 0x0000, 0x0000, 0x0000, 0x0000, 0x0000, 0x0000, 0x0000, 0x0000, 0x0000, 0x0000,
    0x0000, 0x9D0D, 0xA14C, 0xA16D, 0xA58D, 0x98E7, 0x8C67, 0x94AC, 0x98EE, 0x98ED, 0x94CA, 0x94A9, 0x98CC, 0x98EE, 0x94CC, 0x94CC,
    0x98F0, 0x9913, 0x9913, 0x9D55, 0x9D31, 0x98ED, 0x94AA, 0x94C6, 0x94C6, 0x0000, 0x0000, 0x0000, 0x0000, 0x0000, 0x0000, 0x0000,
    0x0000, 0x0000, 0x0000, 0x0000, 0x0000, 0x0000, 0x0000, 0x0000, 0x0000, 0x0000, 0x0000, 0x0000, 0x94AB, 0xA590, 0xB654, 0xB212,
    0x990A, 0x98EE, 0x94F0, 0x90AC, 0x94AB, 0x94CC, 0x98CD, 0x98EF, 0x98CF, 0x94CF, 0x9912, 0x9D34, 0x98F0, 0x9D11, 0xA153, 0x94CC,
    0x94AA, 0x94AA, 0x98CC, 0x8864, 0x0000, 0x0000, 0x0000, 0x0000, 0x0000, 0x0000, 0x0000, 0x0000, 0x0000, 0x0000, 0x0000, 0x0000,
    0x0000, 0x0000, 0x0000, 0x0000, 0x0000, 0x0000, 0x0000, 0x8C67, 0x9089, 0x9D4B, 0xAE12, 0xA16C, 0x90A9, 0x9D32, 0x9D34, 0x9D35,
    0x9911, 0x94A9, 0x94E8, 0x94CA, 0x9D11, 0xA576, 0x9D13, 0x98EF, 0x94AB, 0x98CD, 0x98CD, 0x9089, 0x90AA, 0x94AA, 0x94CA, 0x8865,
    0x0000, 0x0000, 0x0000, 0x0000, 0x0000, 0x0000, 0x0000, 0x0000, 0x0000, 0x0000, 0x0000, 0x0000, 0x0000, 0x0000, 0x0000, 0x0000,
    0x0000, 0x0000, 0x0000, 0x8C67, 0x94A9, 0x94E9, 0x992A, 0x90A6, 0x94A8, 0x98ED, 0x9D10, 0x9D30, 0x990B, 0x9D4C, 0xA18D, 0xA5AE,
    0x9D0B, 0x98EE, 0x94AB, 0x94AA, 0x94A9, 0x94AA, 0x94AB, 0x94AA, 0x94CD, 0x94CB, 0x9087, 0x8C67, 0x0000, 0x0000, 0x0000, 0x0000,
    0x0000, 0x0000, 0x0000, 0x0000, 0x0000, 0x0000, 0x0000, 0x0000, 0x0000, 0x0000, 0x0000, 0x0000, 0x0000, 0x0000, 0x0000, 0x8C66,
    0x9088, 0x992A, 0x992A, 0x90C6, 0x9084, 0x90A5, 0x90A8, 0xA14D, 0xB654, 0xAE12, 0xAE12, 0xA9D0, 0x94E8, 0x94CB, 0x94A9, 0x9087,
    0x9089, 0x98CC, 0x98EC, 0x94CB, 0x90C8, 0x94C7, 0x9909, 0x990C, 0x0000, 0x0000, 0x0000, 0x0000, 0x0000, 0x0000, 0x0000, 0x0000,
    0x0000, 0x0000, 0x0000, 0x0000, 0x0000, 0x0000, 0x0000, 0x0000, 0x0000, 0x0000, 0x0000, 0x8844, 0x9088, 0x9909, 0x9D2A, 0x8CA5,
    0x8C84, 0x9084, 0x9083, 0x9D4B, 0xA9F2, 0xC2B7, 0x994B, 0x9109, 0x8C86, 0x98CB, 0x90A9, 0x9087, 0x90A8, 0x9D0E, 0x94C8, 0x94E7,
    0x9D4B, 0xA18E, 0xA16C, 0xADF1, 0xA572, 0x0000, 0x0000, 0x0000, 0x0000, 0x0000, 0x0000, 0x0000, 0x0000, 0x0000, 0x0000, 0x0000,
    0x0000, 0x0000, 0x0000, 0x0000, 0x0000, 0x0000, 0x0000, 0x0000, 0x9088, 0x8C86, 0x94C7, 0x8CA5, 0x8C85, 0x90A6, 0x90A5, 0x98E8,
    0x992B, 0xA16D, 0x90E9, 0x952B, 0x90C9, 0x9089, 0x94CA, 0x990B, 0x8C86, 0x9088, 0x98EC, 0x9D2D, 0xA58E, 0xA9F0, 0xB675, 0xA5AE,
    0xB1F3, 0x9088, 0x0000, 0x0000, 0x0000, 0x0000, 0x0000, 0x0000, 0x0000, 0x0000, 0x0000, 0x0000, 0x0000, 0x0000, 0x0000, 0x0000,
    0x0000, 0x0000, 0x0000, 0x0000, 0x8844, 0x9087, 0x8C65, 0x9085, 0x90A5, 0x94E8, 0x9086, 0x9909, 0x9509, 0x992B, 0x910A, 0x950A,
    0x90A7, 0x98CB, 0x98EB, 0x90C8, 0x8C66, 0x94AA, 0x98CD, 0xA153, 0xA592, 0xAE11, 0xA9D0, 0xA1AE, 0xA56E, 0x98EC, 0x0000, 0x0000,
    0x0000, 0x0000, 0x0000, 0x0000, 0x0000, 0x0000, 0x0000, 0x0000, 0x0000, 0x0000, 0x0000, 0x0000, 0x0000, 0x0000, 0x0000, 0x0000,
    0x0000, 0x0000, 0x8C66, 0x8843, 0x8C63, 0x90A5, 0x9085, 0x94E8, 0x9D2B, 0x9509, 0x90E8, 0x9109, 0x90C7, 0x94AA, 0x90A9, 0x9087,
    0x8C67, 0x94A9, 0x9089, 0x98CD, 0xA996, 0xA9B0, 0xA18D, 0x9D6C, 0x992A, 0x98EB, 0x0000, 0x0000, 0x0000, 0x0000, 0x0000, 0x0000,
    0x0000, 0x0000, 0x0000, 0x0000, 0x0000, 0x0000, 0x0000, 0x0000, 0x0000, 0x0000, 0x0000, 0x0000, 0x0000, 0x0000, 0x0000, 0x0000,
    0x9084, 0x9084, 0x8C64, 0x8C65, 0x94E8, 0x94E9, 0x9109, 0x8CA6, 0x8C85, 0x94CA, 0x94AA, 0x9088, 0x8C66, 0x9088, 0x94AB, 0x948A,
    0xA132, 0xA14F, 0xA16C, 0x992B, 0x94E8, 0x94C8, 0x0000, 0x0000, 0x0000, 0x0000, 0x0000, 0x0000, 0x0000, 0x0000, 0x0000, 0x0000,
    0x0000, 0x0000, 0x0000, 0x0000, 0x0000, 0x0000, 0x0000, 0x0000, 0x0000, 0x0000, 0x0000, 0x0000, 0x9084, 0x8C63, 0x8C84, 0x90A7,
    0x8C86, 0x8CA5, 0x94C6, 0x8C84, 0x9084, 0x9087, 0x8C86, 0x9087, 0x8C66, 0x9088, 0x98ED, 0x98CC, 0x98CD, 0x98EC, 0x94E8, 0x94E8,
    0x94E8, 0x90A5, 0x0000, 0x0000, 0x0000, 0x0000, 0x0000, 0x0000, 0x0000, 0x0000, 0x0000, 0x0000, 0x0000, 0x0000, 0x0000, 0x0000,
    0x0000, 0x0000, 0x0000, 0x0000, 0x0000, 0x0000, 0x0000, 0x0000, 0x8842, 0x9063, 0x8842, 0x8C63, 0x90A6, 0x8C84, 0x9084, 0x8C63,
    0x98C5, 0x8C83, 0x8C84, 0x94A8, 0x8C65, 0x8C66, 0x94AA, 0x94AB, 0x94AC, 0x98CB, 0x90C6, 0x90C6, 0x94C6, 0x0000, 0x0000, 0x0000,
    0x0000, 0x0000, 0x0000, 0x0000, 0x0000, 0x0000, 0x0000, 0x0000, 0x0000, 0x0000, 0x0000, 0x0000, 0x0000, 0x0000, 0x0000, 0x0000,
    0x0000, 0x0000, 0x0000, 0x0000, 0x0000, 0x0000, 0x9084, 0x8C84, 0x8C63, 0x9064, 0x8C63, 0x8C63, 0x8C63, 0x8C84, 0x9084, 0x94A8,
    0x8C65, 0x9067, 0x9087, 0x9088, 0x94AB, 0x94C9, 0x90A5, 0x8C63, 0x0000, 0x0000, 0x0000, 0x0000, 0x0000, 0x0000, 0x0000, 0x0000,
    0x0000, 0x0000, 0x0000, 0x0000, 0x0000, 0x0000, 0x0000, 0x0000, 0x0000, 0x0000, 0x0000, 0x0000, 0x0000, 0x0000, 0x0000, 0x0000,
    0x0000, 0x94C6, 0x94A5, 0x94A5, 0x9084, 0x8843, 0x8C63, 0x9084, 0x9064, 0x9084, 0x9084, 0x94A8, 0x8C85, 0x8C65, 0x9088, 0x9088,
    0x9089, 0x9086, 0x90A5, 0x8C64, 0x0000, 0x0000, 0x0000, 0x0000, 0x0000, 0x0000, 0x0000, 0x0000, 0x0000, 0x0000, 0x0000, 0x0000,
    0x0000, 0x0000, 0x0000, 0x0000, 0x0000, 0x0000, 0x0000, 0x0000, 0x0000, 0x0000, 0x0000, 0x0000, 0x98E7, 0x9D08, 0x8C63, 0x8C64,
    0x98E7, 0x98C6, 0x94A6, 0x9084, 0x9084, 0x8C63, 0x8843, 0x8C64, 0x8C84, 0x90A5, 0x90A6, 0x90A8, 0x90A6, 0x8843, 0x8C63, 0x9D08,
    0x94C6, 0x0000, 0x0000, 0x0000, 0x0000, 0x0000, 0x0000, 0x0000, 0x0000, 0x0000, 0x0000, 0x0000, 0x0000, 0x0000, 0x0000, 0x0000,
    0x0000, 0x0000, 0x0000, 0x0000, 0x0000, 0x0000, 0x0000, 0x90A5, 0x9D09, 0x98E7, 0x8842, 0x9084, 0xA54A, 0xA96B, 0x9D08, 0x90A5,
    0x98E8, 0x94A6, 0x94C6, 0x98C6, 0x94C6, 0x94C6, 0x9907, 0x9D29, 0x9D29, 0x8C64, 0x8C63, 0x9D09, 0x94A5, 0x0000, 0x0000, 0x0000,
    0x0000, 0x0000, 0x0000, 0x0000, 0x0000, 0x0000, 0x0000, 0x0000, 0x0000, 0x0000, 0x0000, 0x0000, 0x0000, 0x0000, 0x0000, 0x0000,
    0x0000, 0x0000, 0x0000, 0x0000, 0x94C6, 0xA129, 0x8C63, 0x9085, 0x9D09, 0xA12A, 0x98C7, 0x8864, 0x94C6, 0x94C6, 0x98E7, 0x94C6,
    0x8863, 0x8C64, 0x9D08, 0x98E8, 0x98E7, 0x8C63, 0x98E7, 0xA129, 0x8C64, 0x0000, 0x0000, 0x0000, 0x0000, 0x0000, 0x0000, 0x0000,
    0x0000, 0x0000, 0x0000, 0x0000, 0x0000, 0x0000, 0x0000, 0x0000, 0x0000, 0x0000, 0x0000, 0x0000, 0x0000, 0x0000, 0x0000, 0x0000,
    0x94A5, 0xA129, 0xA52A, 0x90A5, 0x9085, 0x98E7, 0x90A5, 0x8C64, 0x9085, 0x9084, 0x9084, 0x8C84, 0x9084, 0x9084, 0x94A6, 0x90A5,
    0x8C84, 0x94C7, 0xA96B, 0x98E7, 0x90A5, 0x0000, 0x0000, 0x0000, 0x0000, 0x0000, 0x0000, 0x0000, 0x0000, 0x0000, 0x0000, 0x0000,
    0x0000, 0x0000, 0x0000, 0x0000, 0x0000, 0x0000, 0x0000, 0x0000, 0x0000, 0x0000, 0x0000, 0x0000, 0x94C5, 0x90A5, 0xA529, 0xA54A,
    0x98E7, 0x90A5, 0x8C84, 0x8C84, 0x8863, 0x8863, 0x8C63, 0x8C63, 0x9084, 0x8C63, 0x9085, 0x94C6, 0x9D08, 0xA54A, 0x94A5, 0x94C6,
    0x0000, 0x0000, 0x0000, 0x0000, 0x0000, 0x0000, 0x0000, 0x0000, 0x0000, 0x0000, 0x0000, 0x0000, 0x0000, 0x0000, 0x0000, 0x0000,
    0x0000, 0x0000, 0x0000, 0x0000, 0x0000, 0x0000, 0x0000, 0x0000, 0x8C85, 0x98EB, 0x8C87, 0x94C6, 0xA549, 0xA96B, 0xA54B, 0xA129,
    0x9D08, 0x9CE7, 0x98E7, 0x98E7, 0x9D08, 0xA54A, 0xA96B, 0xA96B, 0x9D08, 0x9086, 0x90AA, 0x98EB, 0x0000, 0x0000, 0x0000, 0x0000,
    0x0000, 0x0000, 0x0000, 0x0000, 0x0000, 0x0000, 0x0000, 0x0000, 0x0000, 0x0000, 0x0000, 0x0000, 0x0000, 0x0000, 0x0000, 0x0000,
    0x0000, 0x0000, 0x0000, 0x0000, 0x94A6, 0xA56F, 0x9910, 0x94CB, 0x94C7, 0x94C6, 0x98E7, 0x9D08, 0xA54B, 0xA54B, 0xA54B, 0xA54B,
    0xA12A, 0x98E7, 0x98E7, 0x94C6, 0x98EA, 0x98EF, 0xA131, 0xA14D, 0x0000, 0x0000, 0x0000, 0x0000, 0x0000, 0x0000, 0x0000, 0x0000,
    0x0000, 0x0000, 0x0000, 0x0000, 0x0000, 0x0000, 0x0000, 0x0000, 0x0000, 0x0000, 0x0000, 0x0000, 0x0000, 0x0000, 0x0000, 0x0000,
    0x0000, 0x94C6, 0xA14D, 0xA96F, 0x98E7, 0x94C7, 0x9D09, 0x9908, 0x9D09, 0xA129, 0xA129, 0xA129, 0x9D09, 0x9D09, 0x9D08, 0x94C6,
    0x98E8, 0xA54E, 0x9D09, 0x8C83, 0x0000, 0x0000, 0x0000, 0x0000, 0x0000, 0x0000, 0x0000, 0x0000, 0x0000, 0x0000, 0x0000, 0x0000,
    0x0000, 0x0000, 0x0000, 0x0000, 0x0000, 0x0000, 0x0000, 0x0000, 0x0000, 0x0000, 0x0000, 0x0000, 0x0000, 0x0000, 0x0000, 0x94C6,
    0x0000, 0x0000, 0x0000, 0x98E7, 0x98E8, 0xA129, 0xA129, 0xA129, 0x9908, 0x94C6, 0x0000, 0x0000, 0x0000, 0x90A5, 0x0000, 0x0000,
    0x0000, 0x0000, 0x0000, 0x0000, 0x0000, 0x0000, 0x0000, 0x0000, 0x0000, 0x0000, 0x0000, 0x0000, 0x0000, 0x0000, 0x0000, 0x0000,
    0x0000, 0x0000, 0x0000, 0x0000, 0x0000, 0x0000, 0x0000, 0x0000, 0x0000, 0x0000, 0x0000, 0x0000, 0x0000, 0x0000, 0x0000, 0x0000,
    0x0000, 0x0000, 0x0000, 0x0000, 0x0000, 0x0000, 0x0000, 0x0000, 0x0000, 0x0000, 0x0000, 0x0000, 0x0000, 0x0000, 0x0000, 0x0000,
    0x0000, 0x0000, 0x0000, 0x0000, 0x0000, 0x0000, 0x0000, 0x0000, 0x0000, 0x0000, 0x0000, 0x0000, 0x0000, 0x0000, 0x0000, 0x0000,
    0x0000, 0x0000, 0x0000, 0x0000, 0x0000, 0x0000, 0x0000, 0x0000, 0x0000, 0x0000, 0x0000, 0x0000, 0x0000, 0x0000, 0x0000, 0x0000,
    0x0000, 0x0000, 0x0000, 0x0000, 0x0000, 0x0000, 0x0000, 0x0000, 0x0000, 0x0000, 0x0000, 0x0000, 0x0000, 0x0000, 0x0000, 0x0000,
    0x0000, 0x0000, 0x0000, 0x0000, 0x0000, 0x0000, 0x0000, 0x0000, 0x0000, 0x0000, 0x0000, 0x0000, 0x0000, 0x0000, 0x0000, 0x0000,
    0x0000, 0x0000, 0x0000, 0x0000, 0x0000, 0x0000, 0x0000, 0x0000, 0x0000, 0x0000, 0x0000, 0x0000, 0x0000, 0x0000, 0x0000, 0x0000,
    0x0000, 0x0000, 0x0000, 0x0000, 0x0000, 0x0000, 0x0000, 0x0000, 0x0000, 0x0000, 0x0000, 0x0000, 0x0000, 0x0000, 0x0000, 0x0000,
  },
};

void wall_draw_base(uint16_t *buffer, int wall_screen_y, uint64_t hp, uint64_t max_hp) {
    if (!buffer) return;

    // 1. Blit Wall Base Bitmap
    for (int y = 0; y < WALL_HEIGHT; y++) {
        int py = wall_screen_y + y;
        if (py < 0 || py >= SCREEN_H) continue;
        uint16_t *dst = &buffer[py * SCREEN_W];
        const uint16_t *src = &c_wall_bitmap[y * WALL_WIDTH];
        for (int x = 0; x < SCREEN_W; x++) {
            dst[x] = src[x];
        }
    }

    // 2. Diegetic Sanctum Aegis Cathode Display in Central Bulkhead (x=116..139, y=33..35)
    if (max_hp > 0) {
        int num_cells = 8;
        int filled_cells = (int)((hp * num_cells + max_hp / 2) / max_hp);
        if (hp > 0 && filled_cells == 0) filled_cells = 1;
        if (filled_cells > num_cells) filled_cells = num_cells;

        uint16_t c_hi, c_mid, c_lo;
        if (hp * 2 > max_hp) {
            // Healthy (>50%): Emerald Phosphor
            c_hi  = RGB15(16, 31, 20) | BIT(15);
            c_mid = RGB15(4, 26, 8)   | BIT(15);
            c_lo  = RGB15(1, 15, 4)   | BIT(15);
        } else if (hp * 4 > max_hp) {
            // Damaged (25..50%): Amber Caution
            c_hi  = RGB15(31, 28, 12) | BIT(15);
            c_mid = RGB15(30, 18, 2)  | BIT(15);
            c_lo  = RGB15(18, 9, 1)   | BIT(15);
        } else {
            // Critical (<25%): Crimson Hazard
            c_hi  = RGB15(31, 16, 16) | BIT(15);
            c_mid = RGB15(28, 3, 3)   | BIT(15);
            c_lo  = RGB15(14, 1, 1)   | BIT(15);
        }
        uint16_t c_depleted = RGB15(2, 3, 4) | BIT(15);

        for (int i = 0; i < num_cells; i++) {
            int px = 116 + i * 3;
            if (px + 1 >= SCREEN_W) break;

            int is_lit = (i < filled_cells);
            uint16_t col0 = is_lit ? c_hi  : c_depleted;
            uint16_t col1 = is_lit ? c_mid : c_depleted;
            uint16_t col2 = is_lit ? c_lo  : c_depleted;

            int py0 = wall_screen_y + 33;
            int py1 = wall_screen_y + 34;
            int py2 = wall_screen_y + 35;

            if (py0 >= 0 && py0 < SCREEN_H) {
                buffer[py0 * SCREEN_W + px]     = col0;
                buffer[py0 * SCREEN_W + px + 1] = col0;
            }
            if (py1 >= 0 && py1 < SCREEN_H) {
                buffer[py1 * SCREEN_W + px]     = col1;
                buffer[py1 * SCREEN_W + px + 1] = col1;
            }
            if (py2 >= 0 && py2 < SCREEN_H) {
                buffer[py2 * SCREEN_W + px]     = col2;
                buffer[py2 * SCREEN_W + px + 1] = col2;
            }
        }
    }
}

void wall_draw_turret_sprite(uint16_t *buffer, int dest_x, int dest_y, int angle_idx) {
    if (!buffer || angle_idx < 0 || angle_idx >= WALL_TURRET_ANGLE_COUNT) return;
    const uint16_t *src = c_turret_frames[angle_idx];
    for (int y = 0; y < TURRET_SPRITE_H; y++) {
        int py = dest_y + y;
        if (py < 0 || py >= SCREEN_H) continue;
        uint16_t *dst_row = &buffer[py * SCREEN_W];
        const uint16_t *src_row = &src[y * TURRET_SPRITE_W];
        for (int x = 0; x < TURRET_SPRITE_W; x++) {
            int px = dest_x + x;
            if (px < 0 || px >= SCREEN_W) continue;
            uint16_t color = src_row[x];
            if (color != 0) {
                dst_row[px] = color;
            }
        }
    }
}
